category,index_ref_period,index_curr_period,change_pct,cum_index_prior,cum_index_curr,cum_change_pct,month,year,date
Produits alimentaires,130.4,125.6,-3.7,131.3,129.5,-1.4,Juillet,2026,2026-07-01
01 - Produits alimentaires et boissons non alcoolisées,129.8,124.6,-4.0,130.8,128.7,-1.6,Juillet,2026,2026-07-01
02 - Boissons alcoolisées et tabac,145.0,150.5,3.8,144.5,150.0,3.8,Juillet,2026,2026-07-01
Produits non alimentaires,112.2,114.3,1.9,112.1,113.9,1.6,Juillet,2026,2026-07-01
03 - Articles d'habillement et chaussures,116.9,117.7,0.7,116.8,117.8,0.9,Juillet,2026,2026-07-01
"04 - Logement, eau, électricité et autres combustibles",109.3,110.9,1.5,109.1,110.2,1.0,Juillet,2026,2026-07-01
"05 - Meubles, articles de ménage et entretien courant du foyer",113.0,114.0,0.9,112.6,113.6,0.9,Juillet,2026,2026-07-01
06 - Santé,101.4,101.7,0.3,101.4,101.6,0.2,Juillet,2026,2026-07-01
07 - Transport,116.9,121.7,4.1,116.8,120.5,3.2,Juillet,2026,2026-07-01
08 - Communication,103.9,103.7,-0.2,104.0,103.7,-0.3,Juillet,2026,2026-07-01
09 - Loisirs et culture,104.8,104.8,0.0,105.0,104.9,-0.1,Juillet,2026,2026-07-01
10 - Enseignement,121.8,124.4,2.1,121.8,124.4,2.1,Juillet,2026,2026-07-01
11 - Restaurants et hôtels,121.8,124.7,2.4,120.7,123.3,2.2,Juillet,2026,2026-07-01
12 - Biens et services divers,116.9,120.4,3.0,116.4,120.4,3.4,Juillet,2026,2026-07-01
Ensemble,119.4,118.7,-0.6,119.6,120.0,0.3,Juillet,2026,2026-07-01
Produits alimentaires,131.0,128.0,-2.3,131.5,130.2,-1.0,Juin,2026,2026-06-01
01 - Produits alimentaires et boissons non alcoolisées,130.5,127.2,-2.5,131.0,129.4,-1.2,Juin,2026,2026-06-01
02 - Boissons alcoolisées et tabac,144.9,150.5,3.9,144.5,149.9,3.7,Juin,2026,2026-06-01
Produits non alimentaires,112.0,114.6,2.3,112.1,113.8,1.5,Juin,2026,2026-06-01
03 - Articles d'habillement et chaussures,117.0,117.9,0.8,116.8,117.9,0.9,Juin,2026,2026-06-01
"04 - Logement, eau, électricité et autres combustibles",109.3,110.8,1.4,109.1,110.1,0.9,Juin,2026,2026-06-01
"05 - Meubles, articles de ménage et entretien courant du foyer",112.6,113.9,1.2,112.6,113.5,0.8,Juin,2026,2026-06-01
06 - Santé,101.4,101.7,0.3,101.4,101.6,0.2,Juin,2026,2026-06-01
07 - Transport,115.7,123.4,6.7,116.7,120.3,3.1,Juin,2026,2026-06-01
08 - Communication,103.9,103.6,-0.3,104.0,103.7,-0.3,Juin,2026,2026-06-01
09 - Loisirs et culture,105.0,104.8,-0.2,105.1,104.9,-0.2,Juin,2026,2026-06-01
10 - Enseignement,121.8,124.4,2.1,121.8,124.4,2.1,Juin,2026,2026-06-01
11 - Restaurants et hôtels,121.4,123.9,2.1,120.5,123.0,2.1,Juin,2026,2026-06-01
12 - Biens et services divers,116.7,120.7,3.4,116.4,120.4,3.4,Juin,2026,2026-06-01
Ensemble,119.5,119.9,0.3,119.7,120.2,0.4,Juin,2026,2026-06-01
Produits alimentaires,130.0,129.1,-0.7,131.6,130.6,-0.8,Mai,2026,2026-05-01
01 - Produits alimentaires et boissons non alcoolisées,129.4,128.2,-0.9,131.1,129.8,-1.0,Mai,2026,2026-05-01
02 - Boissons alcoolisées et tabac,144.9,150.5,3.9,144.4,149.8,3.7,Mai,2026,2026-05-01
Produits non alimentaires,111.9,114.8,2.6,112.1,113.6,1.3,Mai,2026,2026-05-01
03 - Articles d'habillement et chaussures,116.9,118.0,0.9,116.7,117.9,1.0,Mai,2026,2026-05-01
"04 - Logement, eau, électricité et autres combustibles",109.3,110.9,1.5,109.1,110.0,0.8,Mai,2026,2026-05-01
"05 - Meubles, articles de ménage et entretien courant du foyer",112.6,113.9,1.2,112.5,113.4,0.8,Mai,2026,2026-05-01
06 - Santé,101.4,101.6,0.2,101.4,101.5,0.1,Mai,2026,2026-05-01
07 - Transport,115.4,124.7,8.1,116.9,119.6,2.3,Mai,2026,2026-05-01
08 - Communication,103.9,103.6,-0.3,104.0,103.7,-0.3,Mai,2026,2026-05-01
09 - Loisirs et culture,105.0,104.9,-0.1,105.1,104.9,-0.2,Mai,2026,2026-05-01
10 - Enseignement,121.8,124.4,2.1,121.8,124.4,2.1,Mai,2026,2026-05-01
11 - Restaurants et hôtels,120.9,123.5,2.2,120.3,122.8,2.1,Mai,2026,2026-05-01
12 - Biens et services divers,116.6,120.7,3.5,116.3,120.3,3.4,Mai,2026,2026-05-01
Ensemble,119.0,120.4,1.2,119.7,120.3,0.5,Mai,2026,2026-05-01
Produits alimentaires,131.1,131.9,0.6,132.0,131.0,-0.8,Avril,2026,2026-04-01
01 - Produits alimentaires et boissons non alcoolisées,130.5,131.1,0.5,131.5,130.3,-0.9,Avril,2026,2026-04-01
02 - Boissons alcoolisées et tabac,145.0,150.5,3.8,144.3,149.6,3.7,Avril,2026,2026-04-01
Produits non alimentaires,112.0,114.8,2.5,112.1,113.3,1.1,Avril,2026,2026-04-01
03 - Articles d'habillement et chaussures,117.0,118.2,1.0,116.7,117.8,0.9,Avril,2026,2026-04-01
"04 - Logement, eau, électricité et autres combustibles",109.2,110.0,0.7,109.0,109.8,0.7,Avril,2026,2026-04-01
"05 - Meubles, articles de ménage et entretien courant du foyer",112.7,113.4,0.6,112.5,113.3,0.7,Avril,2026,2026-04-01
06 - Santé,101.4,101.6,0.2,101.4,101.5,0.1,Avril,2026,2026-04-01
07 - Transport,116.3,126.1,8.4,117.3,118.4,0.9,Avril,2026,2026-04-01
08 - Communication,104.0,103.7,-0.3,104.1,103.7,-0.4,Avril,2026,2026-04-01
09 - Loisirs et culture,104.9,105.1,0.2,105.1,104.9,-0.2,Avril,2026,2026-04-01
10 - Enseignement,121.8,124.4,2.1,121.8,124.4,2.1,Avril,2026,2026-04-01
11 - Restaurants et hôtels,120.7,123.2,2.1,120.2,122.7,2.1,Avril,2026,2026-04-01
12 - Biens et services divers,116.5,120.8,3.7,116.2,120.2,3.4,Avril,2026,2026-04-01
Ensemble,119.5,121.5,1.7,119.9,120.3,0.3,Avril,2026,2026-04-01
Produits alimentaires,131.9,132.7,0.6,132.2,130.7,-1.1,Mars,2026,2026-03-01
01 - Produits alimentaires et boissons non alcoolisées,131.4,132.0,0.5,131.8,130.0,-1.4,Mars,2026,2026-03-01
02 - Boissons alcoolisées et tabac,144.0,149.3,3.7,144.0,149.3,3.7,Mars,2026,2026-03-01
Produits non alimentaires,112.2,113.4,1.1,112.1,112.8,0.6,Mars,2026,2026-03-01
03 - Articles d'habillement et chaussures,116.9,118.1,1.0,116.6,117.7,0.9,Mars,2026,2026-03-01
"04 - Logement, eau, électricité et autres combustibles",109.1,109.8,0.6,109.0,109.7,0.6,Mars,2026,2026-03-01
"05 - Meubles, articles de ménage et entretien courant du foyer",112.6,113.3,0.6,112.5,113.2,0.6,Mars,2026,2026-03-01
06 - Santé,101.4,101.5,0.1,101.3,101.5,0.2,Mars,2026,2026-03-01
07 - Transport,117.5,118.4,0.8,117.7,115.8,-1.6,Mars,2026,2026-03-01
08 - Communication,104.0,103.7,-0.3,104.1,103.7,-0.4,Mars,2026,2026-03-01
09 - Loisirs et culture,105.1,104.7,-0.4,105.2,104.9,-0.3,Mars,2026,2026-03-01
10 - Enseignement,121.8,124.4,2.1,121.8,124.4,2.1,Mars,2026,2026-03-01
11 - Restaurants et hôtels,120.1,122.5,2.0,120.0,122.5,2.1,Mars,2026,2026-03-01
12 - Biens et services divers,116.4,120.5,3.5,116.1,120.0,3.4,Mars,2026,2026-03-01
Ensemble,119.9,121.0,0.9,120.0,119.9,-0.1,Mars,2026,2026-03-01
Produits alimentaires,132.8,130.2,-2.0,132.4,129.7,-2.0,Février,2026,2026-02-01
01 - Produits alimentaires et boissons non alcoolisées,132.4,129.5,-2.2,132.0,129.0,-2.3,Février,2026,2026-02-01
02 - Boissons alcoolisées et tabac,144.0,149.3,3.7,144.0,149.3,3.7,Février,2026,2026-02-01
Produits non alimentaires,112.2,112.7,0.4,112.1,112.6,0.4,Février,2026,2026-02-01
03 - Articles d'habillement et chaussures,116.5,117.5,0.9,116.5,117.5,0.9,Février,2026,2026-02-01
"04 - Logement, eau, électricité et autres combustibles",108.9,109.6,0.6,108.9,109.6,0.6,Février,2026,2026-02-01
"05 - Meubles, articles de ménage et entretien courant du foyer",112.5,113.2,0.6,112.4,113.2,0.7,Février,2026,2026-02-01
06 - Santé,101.4,101.5,0.1,101.3,101.5,0.2,Février,2026,2026-02-01
07 - Transport,118.2,115.0,-2.7,117.8,114.5,-2.8,Février,2026,2026-02-01
08 - Communication,104.1,103.7,-0.4,104.1,103.7,-0.4,Février,2026,2026-02-01
09 - Loisirs et culture,105.2,105.0,-0.2,105.3,105.0,-0.3,Février,2026,2026-02-01
10 - Enseignement,121.8,124.4,2.1,121.8,124.4,2.1,Février,2026,2026-02-01
11 - Restaurants et hôtels,120.0,122.5,2.1,119.9,122.5,2.2,Février,2026,2026-02-01
12 - Biens et services divers,116.0,120.4,3.8,116.0,119.8,3.3,Février,2026,2026-02-01
Ensemble,120.3,119.6,-0.6,120.1,119.3,-0.7,Février,2026,2026-02-01
Produits alimentaires,128.2,129.2,0.8,132.0,129.2,-2.1,Janvier,2026,2026-01-01
01 - Produits alimentaires et boissons non alcoolisées,127.5,128.4,0.7,131.6,128.4,-2.4,Janvier,2026,2026-01-01
02 - Boissons alcoolisées et tabac,145.0,149.3,3.0,144.0,149.3,3.7,Janvier,2026,2026-01-01
Produits non alimentaires,112.5,112.4,-0.1,112.0,112.4,0.4,Janvier,2026,2026-01-01
03 - Articles d'habillement et chaussures,117.5,117.5,0.0,116.4,117.5,0.9,Janvier,2026,2026-01-01
"04 - Logement, eau, électricité et autres combustibles",109.6,109.6,0.0,108.9,109.6,0.6,Janvier,2026,2026-01-01
"05 - Meubles, articles de ménage et entretien courant du foyer",113.2,113.2,0.0,112.3,113.2,0.8,Janvier,2026,2026-01-01
06 - Santé,101.5,101.5,0.0,101.2,101.5,0.3,Janvier,2026,2026-01-01
07 - Transport,115.7,113.9,-1.6,117.3,113.9,-2.9,Janvier,2026,2026-01-01
08 - Communication,103.8,103.7,-0.1,104.1,103.7,-0.4,Janvier,2026,2026-01-01
09 - Loisirs et culture,104.9,104.9,0.0,105.3,104.9,-0.4,Janvier,2026,2026-01-01
10 - Enseignement,124.4,124.4,0.0,121.8,124.4,2.1,Janvier,2026,2026-01-01
11 - Restaurants et hôtels,122.8,122.5,-0.2,119.8,122.5,2.3,Janvier,2026,2026-01-01
12 - Biens et services divers,117.9,119.1,1.0,115.9,119.1,2.8,Janvier,2026,2026-01-01
Ensemble,118.7,119.0,0.3,119.9,119.0,-0.8,Janvier,2026,2026-01-01
Produits alimentaires,129.9,128.2,-1.3,129.7,130.8,0.8,Décembre,2025,2025-12-01
01 - Produits alimentaires et boissons non alcoolisées,129.5,127.5,-1.5,129.2,130.3,0.9,Décembre,2025,2025-12-01
02 - Boissons alcoolisées et tabac,140.1,145.0,3.5,140.0,144.7,3.4,Décembre,2025,2025-12-01
Produits non alimentaires,112.0,112.5,0.4,111.6,112.2,0.5,Décembre,2025,2025-12-01
03 - Articles d'habillement et chaussures,116.5,117.5,0.9,116.1,117.1,0.9,Décembre,2025,2025-12-01
"04 - Logement, eau, électricité et autres combustibles",108.9,109.6,0.6,107.4,109.3,1.8,Décembre,2025,2025-12-01
"05 - Meubles, articles de ménage et entretien courant du foyer",112.4,113.2,0.7,112.2,112.8,0.5,Décembre,2025,2025-12-01
06 - Santé,101.2,101.5,0.3,101.1,101.4,0.3,Décembre,2025,2025-12-01
07 - Transport,117.4,115.7,-1.4,119.6,116.5,-2.6,Décembre,2025,2025-12-01
08 - Communication,104.2,103.8,-0.4,104.1,103.9,-0.2,Décembre,2025,2025-12-01
09 - Loisirs et culture,105.4,104.9,-0.5,105.5,105.0,-0.5,Décembre,2025,2025-12-01
10 - Enseignement,121.8,124.4,2.1,120.0,122.7,2.3,Décembre,2025,2025-12-01
11 - Restaurants et hôtels,119.5,122.8,2.8,117.5,121.4,3.3,Décembre,2025,2025-12-01
12 - Biens et services divers,115.9,117.9,1.7,115.0,116.9,1.7,Décembre,2025,2025-12-01
Ensemble,119.0,118.7,-0.3,118.7,119.6,0.8,Décembre,2025,2025-12-01
Produits alimentaires,130.2,128.6,-1.2,129.6,131.1,1.2,Novembre,2025,2025-11-01
01 - Produits alimentaires et boissons non alcoolisées,129.8,127.9,-1.5,129.2,130.5,1.0,Novembre,2025,2025-11-01
02 - Boissons alcoolisées et tabac,140.2,145.0,3.4,140.0,144.7,3.4,Novembre,2025,2025-11-01
Produits non alimentaires,112.0,112.5,0.4,111.6,112.2,0.5,Novembre,2025,2025-11-01
03 - Articles d'habillement et chaussures,116.6,117.4,0.7,116.1,117.0,0.8,Novembre,2025,2025-11-01
"04 - Logement, eau, électricité et autres combustibles",108.8,109.5,0.6,107.3,109.3,1.9,Novembre,2025,2025-11-01
"05 - Meubles, articles de ménage et entretien courant du foyer",112.3,113.1,0.7,112.1,112.8,0.6,Novembre,2025,2025-11-01
06 - Santé,101.3,101.5,0.2,101.1,101.4,0.3,Novembre,2025,2025-11-01
07 - Transport,117.6,115.8,-1.5,119.8,116.6,-2.7,Novembre,2025,2025-11-01
08 - Communication,104.1,103.8,-0.3,104.1,103.9,-0.2,Novembre,2025,2025-11-01
09 - Loisirs et culture,105.5,104.9,-0.6,105.5,105.0,-0.5,Novembre,2025,2025-11-01
10 - Enseignement,121.8,124.4,2.1,119.8,122.5,2.3,Novembre,2025,2025-11-01
11 - Restaurants et hôtels,119.2,122.2,2.5,117.3,121.3,3.4,Novembre,2025,2025-11-01
12 - Biens et services divers,115.8,117.8,1.7,114.9,116.8,1.7,Novembre,2025,2025-11-01
Ensemble,119.2,118.8,-0.3,118.7,119.6,0.8,Novembre,2025,2025-11-01
Produits alimentaires,130.7,130.3,-0.3,129.6,131.3,1.3,Octobre,2025,2025-10-01
01 - Produits alimentaires et boissons non alcoolisées,130.3,129.7,-0.5,129.2,130.8,1.2,Octobre,2025,2025-10-01
02 - Boissons alcoolisées et tabac,140.2,145.0,3.4,140.0,144.7,3.4,Octobre,2025,2025-10-01
Produits non alimentaires,112.0,112.5,0.4,111.6,112.2,0.5,Octobre,2025,2025-10-01
03 - Articles d'habillement et chaussures,116.7,117.6,0.8,116.0,117.0,0.9,Octobre,2025,2025-10-01
"04 - Logement, eau, électricité et autres combustibles",108.7,109.5,0.7,107.1,109.2,2.0,Octobre,2025,2025-10-01
"05 - Meubles, articles de ménage et entretien courant du foyer",112.3,113.0,0.6,112.1,112.7,0.5,Octobre,2025,2025-10-01
06 - Santé,101.2,101.5,0.3,101.1,101.4,0.3,Octobre,2025,2025-10-01
07 - Transport,118.1,115.9,-1.9,120.0,116.7,-2.8,Octobre,2025,2025-10-01
08 - Communication,104.0,103.8,-0.2,104.1,103.9,-0.2,Octobre,2025,2025-10-01
09 - Loisirs et culture,105.4,105.0,-0.4,105.5,105.0,-0.5,Octobre,2025,2025-10-01
10 - Enseignement,121.8,124.4,2.1,119.6,122.3,2.3,Octobre,2025,2025-10-01
11 - Restaurants et hôtels,119.3,122.2,2.4,117.1,121.2,3.5,Octobre,2025,2025-10-01
12 - Biens et services divers,115.7,117.4,1.5,114.9,116.7,1.6,Octobre,2025,2025-10-01
Ensemble,119.4,119.5,0.1,118.7,119.7,0.8,Octobre,2025,2025-10-01
Produits alimentaires,131.4,132.0,0.5,129.5,131.4,1.5,Septembre,2025,2025-09-01
01 - Produits alimentaires et boissons non alcoolisées,131.0,131.5,0.4,129.0,130.9,1.5,Septembre,2025,2025-09-01
02 - Boissons alcoolisées et tabac,140.2,144.9,3.4,140.0,144.6,3.3,Septembre,2025,2025-09-01
Produits non alimentaires,112.1,112.5,0.4,111.5,112.1,0.5,Septembre,2025,2025-09-01
03 - Articles d'habillement et chaussures,116.5,117.6,0.9,115.9,116.9,0.9,Septembre,2025,2025-09-01
"04 - Logement, eau, électricité et autres combustibles",108.7,109.4,0.6,106.9,109.2,2.2,Septembre,2025,2025-09-01
"05 - Meubles, articles de ménage et entretien courant du foyer",112.2,113.1,0.8,112.1,112.7,0.5,Septembre,2025,2025-09-01
06 - Santé,101.2,101.4,0.2,101.1,101.4,0.3,Septembre,2025,2025-09-01
07 - Transport,119.0,116.1,-2.4,120.3,116.7,-3.0,Septembre,2025,2025-09-01
08 - Communication,104.0,103.8,-0.2,104.1,104.0,-0.1,Septembre,2025,2025-09-01
09 - Loisirs et culture,105.4,104.9,-0.5,105.5,105.0,-0.5,Septembre,2025,2025-09-01
10 - Enseignement,121.7,124.3,2.1,119.4,122.1,2.3,Septembre,2025,2025-09-01
11 - Restaurants et hôtels,119.1,122.5,2.9,116.9,121.1,3.6,Septembre,2025,2025-09-01
12 - Biens et services divers,115.5,117.1,1.4,114.8,116.6,1.6,Septembre,2025,2025-09-01
Ensemble,119.7,120.2,0.4,118.6,119.7,0.9,Septembre,2025,2025-09-01
Produits alimentaires,131.5,131.8,0.2,129.2,131.4,1.7,Août,2025,2025-08-01
01 - Produits alimentaires et boissons non alcoolisées,131.1,131.3,0.2,128.8,130.9,1.6,Août,2025,2025-08-01
02 - Boissons alcoolisées et tabac,140.1,145.0,3.5,140.0,144.6,3.3,Août,2025,2025-08-01
Produits non alimentaires,112.0,112.3,0.3,111.4,112.1,0.6,Août,2025,2025-08-01
03 - Articles d'habillement et chaussures,116.1,117.1,0.9,115.9,116.8,0.8,Août,2025,2025-08-01
"04 - Logement, eau, électricité et autres combustibles",108.7,109.4,0.6,106.7,109.2,2.3,Août,2025,2025-08-01
"05 - Meubles, articles de ménage et entretien courant du foyer",112.2,112.9,0.6,112.1,112.7,0.5,Août,2025,2025-08-01
06 - Santé,101.2,101.4,0.2,101.1,101.4,0.3,Août,2025,2025-08-01
07 - Transport,120.1,117.2,-2.4,120.4,116.8,-3.0,Août,2025,2025-08-01
08 - Communication,104.1,103.9,-0.2,104.1,104.0,-0.1,Août,2025,2025-08-01
09 - Loisirs et culture,105.6,104.8,-0.8,105.5,105.0,-0.5,Août,2025,2025-08-01
10 - Enseignement,119.1,121.8,2.3,119.1,121.8,2.3,Août,2025,2025-08-01
11 - Restaurants et hôtels,119.1,122.6,2.9,116.6,120.9,3.7,Août,2025,2025-08-01
12 - Biens et services divers,115.3,117.1,1.6,114.7,116.5,1.6,Août,2025,2025-08-01
Ensemble,119.7,120.0,0.3,118.4,119.7,1.1,Août,2025,2025-08-01
Produits alimentaires,129.2,130.4,0.9,128.9,131.3,1.9,Juillet,2025,2025-07-01
01 - Produits alimentaires et boissons non alcoolisées,128.7,129.8,0.9,128.4,130.8,1.9,Juillet,2025,2025-07-01
02 - Boissons alcoolisées et tabac,140.1,145.0,3.5,140.0,144.5,3.2,Juillet,2025,2025-07-01
Produits non alimentaires,112.0,112.2,0.2,111.3,112.1,0.7,Juillet,2025,2025-07-01
03 - Articles d'habillement et chaussures,116.1,116.9,0.7,115.8,116.8,0.9,Juillet,2025,2025-07-01
"04 - Logement, eau, électricité et autres combustibles",108.7,109.3,0.6,106.4,109.1,2.5,Juillet,2025,2025-07-01
"05 - Meubles, articles de ménage et entretien courant du foyer",112.1,113.0,0.8,112.1,112.6,0.4,Juillet,2025,2025-07-01
06 - Santé,101.2,101.4,0.2,101.1,101.4,0.3,Juillet,2025,2025-07-01
07 - Transport,120.4,116.9,-2.9,120.5,116.8,-3.1,Juillet,2025,2025-07-01
08 - Communication,104.1,103.9,-0.2,104.1,104.0,-0.1,Juillet,2025,2025-07-01
09 - Loisirs et culture,105.6,104.8,-0.8,105.5,105.0,-0.5,Juillet,2025,2025-07-01
10 - Enseignement,119.1,121.8,2.3,119.1,121.8,2.3,Juillet,2025,2025-07-01
11 - Restaurants et hôtels,117.8,121.8,3.4,116.3,120.7,3.8,Juillet,2025,2025-07-01
12 - Biens et services divers,115.2,116.9,1.5,114.6,116.4,1.6,Juillet,2025,2025-07-01
Ensemble,118.8,119.4,0.5,118.2,119.6,1.2,Juillet,2025,2025-07-01
Produits alimentaires,129.9,131.0,0.8,128.9,131.5,2.0,Juin,2025,2025-06-01
01 - Produits alimentaires et boissons non alcoolisées,129.5,130.5,0.8,128.4,131.0,2.0,Juin,2025,2025-06-01
02 - Boissons alcoolisées et tabac,140.1,144.9,3.4,139.9,144.5,3.3,Juin,2025,2025-06-01
Produits non alimentaires,111.9,112.0,0.1,111.2,112.1,0.8,Juin,2025,2025-06-01
03 - Articles d'habillement et chaussures,116.2,117.0,0.7,115.8,116.8,0.9,Juin,2025,2025-06-01
"04 - Logement, eau, électricité et autres combustibles",108.6,109.3,0.6,106.1,109.1,2.8,Juin,2025,2025-06-01
"05 - Meubles, articles de ménage et entretien courant du foyer",112.1,112.6,0.4,112.1,112.6,0.4,Juin,2025,2025-06-01
06 - Santé,101.2,101.4,0.2,101.1,101.4,0.3,Juin,2025,2025-06-01
07 - Transport,119.8,115.7,-3.4,120.5,116.7,-3.2,Juin,2025,2025-06-01
08 - Communication,104.1,103.9,-0.2,104.1,104.0,-0.1,Juin,2025,2025-06-01
09 - Loisirs et culture,105.6,105.0,-0.6,105.5,105.1,-0.4,Juin,2025,2025-06-01
10 - Enseignement,119.1,121.8,2.3,119.1,121.8,2.3,Juin,2025,2025-06-01
11 - Restaurants et hôtels,117.0,121.4,3.8,116.0,120.5,3.9,Juin,2025,2025-06-01
12 - Biens et services divers,115.1,116.7,1.4,114.5,116.4,1.7,Juin,2025,2025-06-01
Ensemble,119.0,119.5,0.4,118.2,119.7,1.3,Juin,2025,2025-06-01
Produits alimentaires,129.3,130.0,0.5,128.6,131.6,2.3,Mai,2025,2025-05-01
01 - Produits alimentaires et boissons non alcoolisées,128.9,129.4,0.4,128.2,131.1,2.3,Mai,2025,2025-05-01
02 - Boissons alcoolisées et tabac,140.0,144.9,3.5,139.9,144.4,3.2,Mai,2025,2025-05-01
Produits non alimentaires,111.6,111.9,0.3,111.1,112.1,0.9,Mai,2025,2025-05-01
03 - Articles d'habillement et chaussures,116.1,116.9,0.7,115.7,116.7,0.9,Mai,2025,2025-05-01
"04 - Logement, eau, électricité et autres combustibles",107.0,109.3,2.1,105.6,109.1,3.3,Mai,2025,2025-05-01
"05 - Meubles, articles de ménage et entretien courant du foyer",112.1,112.6,0.4,112.1,112.5,0.4,Mai,2025,2025-05-01
06 - Santé,101.2,101.4,0.2,101.0,101.4,0.4,Mai,2025,2025-05-01
07 - Transport,120.6,115.4,-4.3,120.6,116.9,-3.1,Mai,2025,2025-05-01
08 - Communication,104.0,103.9,-0.1,104.1,104.0,-0.1,Mai,2025,2025-05-01
09 - Loisirs et culture,105.7,105.0,-0.7,105.5,105.1,-0.4,Mai,2025,2025-05-01
10 - Enseignement,119.1,121.8,2.3,119.1,121.8,2.3,Mai,2025,2025-05-01
11 - Restaurants et hôtels,116.4,120.9,3.9,115.8,120.3,3.9,Mai,2025,2025-05-01
12 - Biens et services divers,114.9,116.6,1.5,114.3,116.3,1.7,Mai,2025,2025-05-01
Ensemble,118.5,119.0,0.4,118.0,119.7,1.4,Mai,2025,2025-05-01
Produits alimentaires,130.2,131.1,0.7,128.5,132.0,2.7,Avril,2025,2025-04-01
01 - Produits alimentaires et boissons non alcoolisées,129.8,130.5,0.5,128.0,131.5,2.7,Avril,2025,2025-04-01
02 - Boissons alcoolisées et tabac,139.9,145.0,3.6,139.9,144.3,3.1,Avril,2025,2025-04-01
Produits non alimentaires,111.2,112.0,0.7,111.0,112.1,1.0,Avril,2025,2025-04-01
03 - Articles d'habillement et chaussures,116.1,117.0,0.8,115.6,116.7,1.0,Avril,2025,2025-04-01
"04 - Logement, eau, électricité et autres combustibles",105.3,109.2,3.7,105.2,109.0,3.6,Avril,2025,2025-04-01
"05 - Meubles, articles de ménage et entretien courant du foyer",112.2,112.7,0.4,112.1,112.5,0.4,Avril,2025,2025-04-01
06 - Santé,101.1,101.4,0.3,101.0,101.4,0.4,Avril,2025,2025-04-01
07 - Transport,121.2,116.3,-4.0,120.6,117.3,-2.7,Avril,2025,2025-04-01
08 - Communication,104.1,104.0,-0.1,104.1,104.1,0.0,Avril,2025,2025-04-01
09 - Loisirs et culture,105.8,104.9,-0.9,105.5,105.1,-0.4,Avril,2025,2025-04-01
10 - Enseignement,119.1,121.8,2.3,119.1,121.8,2.3,Avril,2025,2025-04-01
11 - Restaurants et hôtels,115.6,120.7,4.4,115.7,120.2,3.9,Avril,2025,2025-04-01
12 - Biens et services divers,114.8,116.5,1.5,114.2,116.2,1.8,Avril,2025,2025-04-01
Ensemble,118.7,119.5,0.7,117.9,119.9,1.7,Avril,2025,2025-04-01
Produits alimentaires,129.0,131.9,2.2,127.9,132.2,3.4,Mars,2025,2025-03-01
01 - Produits alimentaires et boissons non alcoolisées,128.5,131.4,2.3,127.4,131.8,3.5,Mars,2025,2025-03-01
02 - Boissons alcoolisées et tabac,139.9,144.0,2.9,139.9,144.0,2.9,Mars,2025,2025-03-01
Produits non alimentaires,111.0,112.2,1.1,110.9,112.1,1.1,Mars,2025,2025-03-01
03 - Articles d'habillement et chaussures,115.7,116.9,1.0,115.4,116.6,1.0,Mars,2025,2025-03-01
"04 - Logement, eau, électricité et autres combustibles",105.2,109.1,3.7,105.2,109.0,3.6,Mars,2025,2025-03-01
"05 - Meubles, articles de ménage et entretien courant du foyer",112.1,112.6,0.4,112.0,112.5,0.4,Mars,2025,2025-03-01
06 - Santé,101.0,101.4,0.4,101.0,101.3,0.3,Mars,2025,2025-03-01
07 - Transport,120.4,117.5,-2.4,120.4,117.7,-2.2,Mars,2025,2025-03-01
08 - Communication,104.1,104.0,-0.1,104.1,104.1,0.0,Mars,2025,2025-03-01
09 - Loisirs et culture,105.6,105.1,-0.5,105.3,105.2,-0.1,Mars,2025,2025-03-01
10 - Enseignement,119.1,121.8,2.3,119.1,121.8,2.3,Mars,2025,2025-03-01
11 - Restaurants et hôtels,115.6,120.1,3.9,115.7,120.0,3.7,Mars,2025,2025-03-01
12 - Biens et services divers,114.4,116.4,1.7,114.0,116.1,1.8,Mars,2025,2025-03-01
Ensemble,118.0,119.9,1.6,117.6,120.0,2.0,Mars,2025,2025-03-01
Produits alimentaires,126.9,132.8,4.6,127.4,132.4,3.9,Février,2025,2025-02-01
01 - Produits alimentaires et boissons non alcoolisées,126.4,132.4,4.7,126.9,132.0,4.0,Février,2025,2025-02-01
02 - Boissons alcoolisées et tabac,139.9,144.0,2.9,139.9,144.0,2.9,Février,2025,2025-02-01
Produits non alimentaires,110.9,112.2,1.2,110.9,112.1,1.1,Février,2025,2025-02-01
03 - Articles d'habillement et chaussures,115.2,116.5,1.1,115.3,116.5,1.0,Février,2025,2025-02-01
"04 - Logement, eau, électricité et autres combustibles",105.2,108.9,3.5,105.2,108.9,3.5,Février,2025,2025-02-01
"05 - Meubles, articles de ménage et entretien courant du foyer",112.0,112.5,0.4,112.0,112.4,0.4,Février,2025,2025-02-01
06 - Santé,101.0,101.4,0.4,101.0,101.3,0.3,Février,2025,2025-02-01
07 - Transport,120.3,118.2,-1.7,120.4,117.8,-2.2,Février,2025,2025-02-01
08 - Communication,104.1,104.1,0.0,104.1,104.1,0.0,Février,2025,2025-02-01
09 - Loisirs et culture,105.3,105.2,-0.1,105.2,105.3,0.1,Février,2025,2025-02-01
10 - Enseignement,119.1,121.8,2.3,119.1,121.8,2.3,Février,2025,2025-02-01
11 - Restaurants et hôtels,115.7,120.0,3.7,115.7,119.9,3.6,Février,2025,2025-02-01
12 - Biens et services divers,114.0,116.0,1.8,113.8,116.0,1.9,Février,2025,2025-02-01
Ensemble,117.2,120.3,2.6,117.4,120.1,2.3,Février,2025,2025-02-01
Produits alimentaires,129.9,132.0,1.6,127.8,132.0,3.3,Janvier,2025,2025-01-01
01 - Produits alimentaires et boissons non alcoolisées,129.5,131.6,1.6,127.3,131.6,3.4,Janvier,2025,2025-01-01
02 - Boissons alcoolisées et tabac,140.1,144.0,2.8,139.8,144.0,3.0,Janvier,2025,2025-01-01
Produits non alimentaires,112.0,112.0,0.0,110.8,112.0,1.1,Janvier,2025,2025-01-01
03 - Articles d'habillement et chaussures,116.5,116.4,-0.1,115.4,116.4,0.9,Janvier,2025,2025-01-01
"04 - Logement, eau, électricité et autres combustibles",108.9,108.9,0.0,105.1,108.9,3.6,Janvier,2025,2025-01-01
"05 - Meubles, articles de ménage et entretien courant du foyer",112.4,112.3,-0.1,112.0,112.3,0.3,Janvier,2025,2025-01-01
06 - Santé,101.2,101.2,0.0,100.9,101.2,0.3,Janvier,2025,2025-01-01
07 - Transport,117.4,117.3,-0.1,120.5,117.3,-2.7,Janvier,2025,2025-01-01
08 - Communication,104.2,104.1,-0.1,104.1,104.1,0.0,Janvier,2025,2025-01-01
09 - Loisirs et culture,105.4,105.3,-0.1,105.1,105.3,0.2,Janvier,2025,2025-01-01
10 - Enseignement,121.8,121.8,0.0,119.1,121.8,2.3,Janvier,2025,2025-01-01
11 - Restaurants et hôtels,119.5,119.8,0.3,115.7,119.8,3.5,Janvier,2025,2025-01-01
12 - Biens et services divers,115.9,115.9,0.0,113.6,115.9,2.0,Janvier,2025,2025-01-01
Ensemble,119.0,119.9,0.8,117.5,119.9,2.0,Janvier,2025,2025-01-01
Produits alimentaires,129.0,129.9,0.7,128.7,129.7,0.8,Décembre,2024,2024-12-01
01 - Produits alimentaires et boissons non alcoolisées,128.7,129.5,0.6,128.4,129.2,0.6,Décembre,2024,2024-12-01
02 - Boissons alcoolisées et tabac,136.8,140.1,2.4,136.8,140.0,2.3,Décembre,2024,2024-12-01
Produits non alimentaires,111.1,112.0,0.8,110.3,111.6,1.2,Décembre,2024,2024-12-01
03 - Articles d'habillement et chaussures,115.0,116.5,1.3,113.8,116.1,2.0,Décembre,2024,2024-12-01
"04 - Logement, eau, électricité et autres combustibles",105.1,108.9,3.6,104.7,107.4,2.6,Décembre,2024,2024-12-01
"05 - Meubles, articles de ménage et entretien courant du foyer",112.1,112.4,0.3,111.2,112.2,0.9,Décembre,2024,2024-12-01
06 - Santé,102.7,101.2,-1.5,102.4,101.1,-1.3,Décembre,2024,2024-12-01
07 - Transport,121.3,117.4,-3.2,119.8,119.6,-0.2,Décembre,2024,2024-12-01
08 - Communication,104.1,104.2,0.1,104.2,104.1,-0.1,Décembre,2024,2024-12-01
09 - Loisirs et culture,105.1,105.4,0.3,105.7,105.5,-0.2,Décembre,2024,2024-12-01
10 - Enseignement,119.1,121.8,2.3,117.5,120.0,2.1,Décembre,2024,2024-12-01
11 - Restaurants et hôtels,115.1,119.5,3.8,113.6,117.5,3.4,Décembre,2024,2024-12-01
12 - Biens et services divers,113.4,115.9,2.2,112.6,115.0,2.1,Décembre,2024,2024-12-01
Ensemble,118.2,119.0,0.7,117.6,118.7,0.9,Décembre,2024,2024-12-01
Produits alimentaires,129.2,130.2,0.8,128.7,129.6,0.7,Novembre,2024,2024-11-01
01 - Produits alimentaires et boissons non alcoolisées,128.9,129.8,0.7,128.4,129.2,0.6,Novembre,2024,2024-11-01
02 - Boissons alcoolisées et tabac,136.8,140.2,2.5,136.8,140.0,2.3,Novembre,2024,2024-11-01
Produits non alimentaires,111.2,112.0,0.7,110.2,111.6,1.3,Novembre,2024,2024-11-01
03 - Articles d'habillement et chaussures,114.7,116.6,1.7,113.6,116.1,2.2,Novembre,2024,2024-11-01
"04 - Logement, eau, électricité et autres combustibles",105.0,108.8,3.6,104.6,107.3,2.6,Novembre,2024,2024-11-01
"05 - Meubles, articles de ménage et entretien courant du foyer",112.0,112.3,0.3,111.1,112.1,0.9,Novembre,2024,2024-11-01
06 - Santé,102.6,101.3,-1.3,102.4,101.1,-1.3,Novembre,2024,2024-11-01
07 - Transport,122.2,117.6,-3.8,119.6,119.8,0.2,Novembre,2024,2024-11-01
08 - Communication,104.2,104.1,-0.1,104.2,104.1,-0.1,Novembre,2024,2024-11-01
09 - Loisirs et culture,105.4,105.5,0.1,105.8,105.5,-0.3,Novembre,2024,2024-11-01
10 - Enseignement,119.1,121.8,2.3,117.3,119.8,2.1,Novembre,2024,2024-11-01
11 - Restaurants et hôtels,115.2,119.2,3.5,113.4,117.3,3.4,Novembre,2024,2024-11-01
12 - Biens et services divers,113.2,115.8,2.3,112.5,114.9,2.1,Novembre,2024,2024-11-01
Ensemble,118.3,119.2,0.8,117.5,118.7,1.0,Novembre,2024,2024-11-01
Produits alimentaires,130.1,130.7,0.5,128.7,129.6,0.7,Octobre,2024,2024-10-01
01 - Produits alimentaires et boissons non alcoolisées,129.9,130.3,0.3,128.3,129.2,0.7,Octobre,2024,2024-10-01
02 - Boissons alcoolisées et tabac,136.8,140.2,2.5,136.8,140.0,2.3,Octobre,2024,2024-10-01
Produits non alimentaires,111.2,112.0,0.7,110.2,111.6,1.3,Octobre,2024,2024-10-01
03 - Articles d'habillement et chaussures,114.4,116.7,2.0,113.5,116.0,2.2,Octobre,2024,2024-10-01
"04 - Logement, eau, électricité et autres combustibles",104.9,108.7,3.6,104.6,107.1,2.4,Octobre,2024,2024-10-01
"05 - Meubles, articles de ménage et entretien courant du foyer",111.9,112.3,0.4,111.1,112.1,0.9,Octobre,2024,2024-10-01
06 - Santé,102.6,101.2,-1.4,102.4,101.1,-1.3,Octobre,2024,2024-10-01
07 - Transport,122.5,118.1,-3.6,119.4,120.0,0.5,Octobre,2024,2024-10-01
08 - Communication,104.2,104.0,-0.2,104.3,104.1,-0.2,Octobre,2024,2024-10-01
09 - Loisirs et culture,105.6,105.4,-0.2,105.8,105.5,-0.3,Octobre,2024,2024-10-01
10 - Enseignement,119.1,121.8,2.3,117.1,119.6,2.1,Octobre,2024,2024-10-01
11 - Restaurants et hôtels,115.1,119.3,3.6,113.3,117.1,3.4,Octobre,2024,2024-10-01
12 - Biens et services divers,113.1,115.7,2.3,112.5,114.9,2.1,Octobre,2024,2024-10-01
Ensemble,118.6,119.4,0.7,117.4,118.7,1.1,Octobre,2024,2024-10-01
Produits alimentaires,130.6,131.4,0.6,128.5,129.5,0.8,Septembre,2024,2024-09-01
01 - Produits alimentaires et boissons non alcoolisées,130.3,131.0,0.5,128.2,129.0,0.6,Septembre,2024,2024-09-01
02 - Boissons alcoolisées et tabac,136.8,140.2,2.5,136.7,140.0,2.4,Septembre,2024,2024-09-01
Produits non alimentaires,111.0,112.1,1.0,110.0,111.5,1.4,Septembre,2024,2024-09-01
03 - Articles d'habillement et chaussures,114.2,116.5,2.0,113.4,115.9,2.2,Septembre,2024,2024-09-01
"04 - Logement, eau, électricité et autres combustibles",104.9,108.7,3.6,104.5,106.9,2.3,Septembre,2024,2024-09-01
"05 - Meubles, articles de ménage et entretien courant du foyer",111.7,112.2,0.4,111.0,112.1,1.0,Septembre,2024,2024-09-01
06 - Santé,102.6,101.2,-1.4,102.3,101.1,-1.2,Septembre,2024,2024-09-01
07 - Transport,121.9,119.0,-2.4,119.0,120.3,1.1,Septembre,2024,2024-09-01
08 - Communication,104.2,104.0,-0.2,104.3,104.1,-0.2,Septembre,2024,2024-09-01
09 - Loisirs et culture,105.5,105.4,-0.1,105.8,105.5,-0.3,Septembre,2024,2024-09-01
10 - Enseignement,118.6,121.7,2.6,116.9,119.4,2.1,Septembre,2024,2024-09-01
11 - Restaurants et hôtels,115.1,119.1,3.5,113.1,116.9,3.4,Septembre,2024,2024-09-01
12 - Biens et services divers,113.1,115.5,2.1,112.4,114.8,2.1,Septembre,2024,2024-09-01
Ensemble,118.7,119.7,0.8,117.3,118.6,1.1,Septembre,2024,2024-09-01
Produits alimentaires,128.9,131.5,2.0,128.2,129.2,0.8,Août,2024,2024-08-01
01 - Produits alimentaires et boissons non alcoolisées,128.6,131.1,1.9,127.9,128.8,0.7,Août,2024,2024-08-01
02 - Boissons alcoolisées et tabac,136.8,140.1,2.4,136.7,140.0,2.4,Août,2024,2024-08-01
Produits non alimentaires,110.4,112.0,1.4,109.9,111.4,1.4,Août,2024,2024-08-01
03 - Articles d'habillement et chaussures,113.9,116.1,1.9,113.3,115.9,2.3,Août,2024,2024-08-01
"04 - Logement, eau, électricité et autres combustibles",104.8,108.7,3.7,104.5,106.7,2.1,Août,2024,2024-08-01
"05 - Meubles, articles de ménage et entretien courant du foyer",111.5,112.2,0.6,110.9,112.1,1.1,Août,2024,2024-08-01
06 - Santé,102.6,101.2,-1.4,102.3,101.1,-1.2,Août,2024,2024-08-01
07 - Transport,119.8,120.1,0.3,118.7,120.4,1.4,Août,2024,2024-08-01
08 - Communication,104.2,104.1,-0.1,104.3,104.1,-0.2,Août,2024,2024-08-01
09 - Loisirs et culture,105.6,105.6,0.0,105.9,105.5,-0.4,Août,2024,2024-08-01
10 - Enseignement,116.7,119.1,2.1,116.7,119.1,2.1,Août,2024,2024-08-01
11 - Restaurants et hôtels,115.1,119.1,3.5,112.8,116.6,3.4,Août,2024,2024-08-01
12 - Biens et services divers,112.9,115.3,2.1,112.3,114.7,2.1,Août,2024,2024-08-01
Ensemble,117.7,119.7,1.7,117.1,118.4,1.1,Août,2024,2024-08-01
Produits alimentaires,128.6,129.2,0.5,128.1,128.9,0.6,Juillet,2024,2024-07-01
01 - Produits alimentaires et boissons non alcoolisées,128.3,128.7,0.3,127.8,128.4,0.5,Juillet,2024,2024-07-01
02 - Boissons alcoolisées et tabac,136.8,140.1,2.4,136.7,140.0,2.4,Juillet,2024,2024-07-01
Produits non alimentaires,110.0,112.0,1.8,109.8,111.3,1.4,Juillet,2024,2024-07-01
03 - Articles d'habillement et chaussures,114.0,116.1,1.8,113.3,115.8,2.2,Juillet,2024,2024-07-01
"04 - Logement, eau, électricité et autres combustibles",104.7,108.7,3.8,104.5,106.4,1.8,Juillet,2024,2024-07-01
"05 - Meubles, articles de ménage et entretien courant du foyer",111.4,112.1,0.6,110.8,112.1,1.2,Juillet,2024,2024-07-01
06 - Santé,102.4,101.2,-1.2,102.3,101.1,-1.2,Juillet,2024,2024-07-01
07 - Transport,117.4,120.4,2.6,118.5,120.5,1.7,Juillet,2024,2024-07-01
08 - Communication,104.2,104.1,-0.1,104.3,104.1,-0.2,Juillet,2024,2024-07-01
09 - Loisirs et culture,105.7,105.6,-0.1,105.9,105.5,-0.4,Juillet,2024,2024-07-01
10 - Enseignement,116.7,119.1,2.1,116.7,119.1,2.1,Juillet,2024,2024-07-01
11 - Restaurants et hôtels,114.3,117.8,3.1,112.5,116.3,3.4,Juillet,2024,2024-07-01
12 - Biens et services divers,112.8,115.2,2.1,112.2,114.6,2.1,Juillet,2024,2024-07-01
Ensemble,117.3,118.8,1.3,117.0,118.2,1.0,Juillet,2024,2024-07-01
Produits alimentaires,127.7,129.9,1.7,128.1,128.9,0.6,Juin,2024,2024-06-01
01 - Produits alimentaires et boissons non alcoolisées,127.4,129.5,1.6,127.7,128.4,0.5,Juin,2024,2024-06-01
02 - Boissons alcoolisées et tabac,136.8,140.1,2.4,136.7,139.9,2.3,Juin,2024,2024-06-01
Produits non alimentaires,109.8,111.9,1.9,109.8,111.2,1.3,Juin,2024,2024-06-01
03 - Articles d'habillement et chaussures,113.8,116.2,2.1,113.1,115.8,2.4,Juin,2024,2024-06-01
"04 - Logement, eau, électricité et autres combustibles",104.7,108.6,3.7,104.4,106.1,1.6,Juin,2024,2024-06-01
"05 - Meubles, articles de ménage et entretien courant du foyer",111.3,112.1,0.7,110.7,112.1,1.3,Juin,2024,2024-06-01
06 - Santé,102.4,101.2,-1.2,102.3,101.1,-1.2,Juin,2024,2024-06-01
07 - Transport,117.1,119.8,2.3,118.7,120.5,1.5,Juin,2024,2024-06-01
08 - Communication,104.2,104.1,-0.1,104.3,104.1,-0.2,Juin,2024,2024-06-01
09 - Loisirs et culture,105.7,105.6,-0.1,105.9,105.5,-0.4,Juin,2024,2024-06-01
10 - Enseignement,116.7,119.1,2.1,116.7,119.1,2.1,Juin,2024,2024-06-01
11 - Restaurants et hôtels,113.4,117.0,3.2,112.2,116.0,3.4,Juin,2024,2024-06-01
12 - Biens et services divers,112.7,115.1,2.1,112.1,114.5,2.1,Juin,2024,2024-06-01
Ensemble,116.9,119.0,1.8,117.0,118.2,1.0,Juin,2024,2024-06-01
Produits alimentaires,130.9,129.3,-1.2,128.1,128.6,0.4,Mai,2024,2024-05-01
01 - Produits alimentaires et boissons non alcoolisées,130.6,128.9,-1.3,127.8,128.2,0.3,Mai,2024,2024-05-01
02 - Boissons alcoolisées et tabac,136.7,140.0,2.4,136.7,139.9,2.3,Mai,2024,2024-05-01
Produits non alimentaires,109.7,111.6,1.7,109.8,111.1,1.2,Mai,2024,2024-05-01
03 - Articles d'habillement et chaussures,113.8,116.1,2.0,113.0,115.7,2.4,Mai,2024,2024-05-01
"04 - Logement, eau, électricité et autres combustibles",104.5,107.0,2.4,104.4,105.6,1.1,Mai,2024,2024-05-01
"05 - Meubles, articles de ménage et entretien courant du foyer",110.9,112.1,1.1,110.6,112.1,1.4,Mai,2024,2024-05-01
06 - Santé,102.4,101.2,-1.2,102.2,101.0,-1.2,Mai,2024,2024-05-01
07 - Transport,117.1,120.6,3.0,119.0,120.6,1.3,Mai,2024,2024-05-01
08 - Communication,104.3,104.0,-0.3,104.3,104.1,-0.2,Mai,2024,2024-05-01
09 - Loisirs et culture,105.8,105.7,-0.1,106.0,105.5,-0.5,Mai,2024,2024-05-01
10 - Enseignement,116.7,119.1,2.1,116.7,119.1,2.1,Mai,2024,2024-05-01
11 - Restaurants et hôtels,112.8,116.4,3.2,111.9,115.8,3.5,Mai,2024,2024-05-01
12 - Biens et services divers,112.5,114.9,2.1,112.0,114.3,2.1,Mai,2024,2024-05-01
Ensemble,118.0,118.5,0.4,117.0,118.0,0.9,Mai,2024,2024-05-01
Produits alimentaires,131.9,130.2,-1.3,127.4,128.5,0.9,Avril,2024,2024-04-01
01 - Produits alimentaires et boissons non alcoolisées,131.7,129.8,-1.4,127.1,128.0,0.7,Avril,2024,2024-04-01
02 - Boissons alcoolisées et tabac,136.7,139.9,2.3,136.7,139.9,2.3,Avril,2024,2024-04-01
Produits non alimentaires,109.8,111.2,1.3,109.9,111.0,1.0,Avril,2024,2024-04-01
03 - Articles d'habillement et chaussures,113.9,116.1,1.9,112.8,115.6,2.5,Avril,2024,2024-04-01
"04 - Logement, eau, électricité et autres combustibles",104.4,105.3,0.9,104.3,105.2,0.9,Avril,2024,2024-04-01
"05 - Meubles, articles de ménage et entretien courant du foyer",110.7,112.2,1.4,110.5,112.1,1.4,Avril,2024,2024-04-01
06 - Santé,102.3,101.1,-1.2,102.2,101.0,-1.2,Avril,2024,2024-04-01
07 - Transport,118.0,121.2,2.7,119.5,120.6,0.9,Avril,2024,2024-04-01
08 - Communication,104.3,104.1,-0.2,104.3,104.1,-0.2,Avril,2024,2024-04-01
09 - Loisirs et culture,106.1,105.8,-0.3,106.0,105.5,-0.5,Avril,2024,2024-04-01
10 - Enseignement,116.7,119.1,2.1,116.7,119.1,2.1,Avril,2024,2024-04-01
11 - Restaurants et hôtels,112.3,115.6,2.9,111.7,115.7,3.6,Avril,2024,2024-04-01
12 - Biens et services divers,112.4,114.8,2.1,111.9,114.2,2.1,Avril,2024,2024-04-01
Ensemble,118.5,118.7,0.2,116.8,117.9,0.9,Avril,2024,2024-04-01
Produits alimentaires,127.8,129.0,0.9,125.9,127.9,1.6,Mars,2024,2024-03-01
01 - Produits alimentaires et boissons non alcoolisées,127.4,128.5,0.9,125.5,127.4,1.5,Mars,2024,2024-03-01
02 - Boissons alcoolisées et tabac,136.7,139.9,2.3,136.7,139.9,2.3,Mars,2024,2024-03-01
Produits non alimentaires,109.8,111.0,1.1,109.9,110.9,0.9,Mars,2024,2024-03-01
03 - Articles d'habillement et chaussures,112.7,115.7,2.7,112.4,115.4,2.7,Mars,2024,2024-03-01
"04 - Logement, eau, électricité et autres combustibles",104.4,105.2,0.8,104.3,105.2,0.9,Mars,2024,2024-03-01
"05 - Meubles, articles de ménage et entretien courant du foyer",110.6,112.1,1.4,110.4,112.0,1.4,Mars,2024,2024-03-01
06 - Santé,102.2,101.0,-1.2,102.1,101.0,-1.1,Mars,2024,2024-03-01
07 - Transport,119.1,120.4,1.1,119.9,120.4,0.4,Mars,2024,2024-03-01
08 - Communication,104.3,104.1,-0.2,104.3,104.1,-0.2,Mars,2024,2024-03-01
09 - Loisirs et culture,106.1,105.6,-0.5,106.0,105.3,-0.7,Mars,2024,2024-03-01
10 - Enseignement,116.7,119.1,2.1,116.7,119.1,2.1,Mars,2024,2024-03-01
11 - Restaurants et hôtels,111.9,115.6,3.3,111.5,115.7,3.8,Mars,2024,2024-03-01
12 - Biens et services divers,111.9,114.4,2.2,111.7,114.0,2.1,Mars,2024,2024-03-01
Ensemble,116.9,118.0,0.9,116.2,117.6,1.2,Mars,2024,2024-03-01
Produits alimentaires,127.4,126.9,-0.4,125.0,127.4,1.9,Février,2024,2024-02-01
01 - Produits alimentaires et boissons non alcoolisées,127.0,126.4,-0.5,124.6,126.9,1.8,Février,2024,2024-02-01
02 - Boissons alcoolisées et tabac,136.7,139.9,2.3,136.7,139.9,2.3,Février,2024,2024-02-01
Produits non alimentaires,109.9,110.9,0.9,109.9,110.9,0.9,Février,2024,2024-02-01
03 - Articles d'habillement et chaussures,112.3,115.2,2.6,112.3,115.3,2.7,Février,2024,2024-02-01
"04 - Logement, eau, électricité et autres combustibles",104.3,105.2,0.9,104.3,105.2,0.9,Février,2024,2024-02-01
"05 - Meubles, articles de ménage et entretien courant du foyer",110.5,112.0,1.4,110.3,112.0,1.5,Février,2024,2024-02-01
06 - Santé,102.1,101.0,-1.1,102.1,101.0,-1.1,Février,2024,2024-02-01
07 - Transport,120.2,120.3,0.1,120.4,120.4,0.0,Février,2024,2024-02-01
08 - Communication,104.3,104.1,-0.2,104.3,104.1,-0.2,Février,2024,2024-02-01
09 - Loisirs et culture,106.0,105.3,-0.7,106.0,105.2,-0.8,Février,2024,2024-02-01
10 - Enseignement,116.7,119.1,2.1,116.7,119.1,2.1,Février,2024,2024-02-01
11 - Restaurants et hôtels,111.8,115.7,3.5,111.4,115.7,3.9,Février,2024,2024-02-01
12 - Biens et services divers,111.8,114.0,2.0,111.7,113.8,1.9,Février,2024,2024-02-01
Ensemble,116.8,117.2,0.3,115.9,117.4,1.3,Février,2024,2024-02-01
Produits alimentaires,129.0,127.8,-0.9,122.6,127.8,4.2,Janvier,2024,2024-01-01
01 - Produits alimentaires et boissons non alcoolisées,128.7,127.3,-1.1,122.1,127.3,4.3,Janvier,2024,2024-01-01
02 - Boissons alcoolisées et tabac,136.8,139.8,2.2,136.7,139.8,2.3,Janvier,2024,2024-01-01
Produits non alimentaires,111.1,110.8,-0.3,109.9,110.8,0.8,Janvier,2024,2024-01-01
03 - Articles d'habillement et chaussures,115.0,115.4,0.3,112.3,115.4,2.8,Janvier,2024,2024-01-01
"04 - Logement, eau, électricité et autres combustibles",105.1,105.1,0.0,104.2,105.1,0.9,Janvier,2024,2024-01-01
"05 - Meubles, articles de ménage et entretien courant du foyer",112.1,112.0,-0.1,110.1,112.0,1.7,Janvier,2024,2024-01-01
06 - Santé,102.7,100.9,-1.8,102.1,100.9,-1.2,Janvier,2024,2024-01-01
07 - Transport,121.3,120.5,-0.7,120.5,120.5,0.0,Janvier,2024,2024-01-01
08 - Communication,104.1,104.1,0.0,104.3,104.1,-0.2,Janvier,2024,2024-01-01
09 - Loisirs et culture,105.1,105.1,0.0,105.9,105.1,-0.8,Janvier,2024,2024-01-01
10 - Enseignement,119.1,119.1,0.0,116.7,119.1,2.1,Janvier,2024,2024-01-01
11 - Restaurants et hôtels,115.1,115.7,0.5,110.9,115.7,4.3,Janvier,2024,2024-01-01
12 - Biens et services divers,113.4,113.6,0.2,111.5,113.6,1.9,Janvier,2024,2024-01-01
Ensemble,118.2,117.5,-0.6,114.9,117.5,2.3,Janvier,2024,2024-01-01
Produits alimentaires,120.9,129.0,6.7,114.4,128.7,12.5,Décembre,2023,2023-12-01
01 - Produits alimentaires et boissons non alcoolisées,120.5,128.7,6.8,113.7,128.4,12.9,Décembre,2023,2023-12-01
02 - Boissons alcoolisées et tabac,129.8,136.8,5.4,129.8,136.8,5.4,Décembre,2023,2023-12-01
Produits non alimentaires,110.0,111.1,1.0,108.5,110.3,1.7,Décembre,2023,2023-12-01
03 - Articles d'habillement et chaussures,112.1,115.0,2.6,109.7,113.8,3.7,Décembre,2023,2023-12-01
"04 - Logement, eau, électricité et autres combustibles",104.2,105.1,0.9,103.6,104.7,1.1,Décembre,2023,2023-12-01
"05 - Meubles, articles de ménage et entretien courant du foyer",109.9,112.1,2.0,107.1,111.2,3.8,Décembre,2023,2023-12-01
06 - Santé,102.0,102.7,0.7,101.9,102.4,0.5,Décembre,2023,2023-12-01
07 - Transport,122.1,121.3,-0.7,119.7,119.8,0.1,Décembre,2023,2023-12-01
08 - Communication,104.3,104.1,-0.2,104.0,104.2,0.2,Décembre,2023,2023-12-01
09 - Loisirs et culture,106.0,105.1,-0.8,104.3,105.7,1.3,Décembre,2023,2023-12-01
10 - Enseignement,116.7,119.1,2.1,113.2,117.5,3.8,Décembre,2023,2023-12-01
11 - Restaurants et hôtels,110.5,115.1,4.2,107.5,113.6,5.7,Décembre,2023,2023-12-01
12 - Biens et services divers,111.2,113.4,2.0,110.0,112.6,2.4,Décembre,2023,2023-12-01
Ensemble,114.3,118.2,3.4,110.8,117.6,6.1,Décembre,2023,2023-12-01
Produits alimentaires,120.1,129.2,7.6,113.8,128.7,13.1,Novembre,2023,2023-11-01
01 - Produits alimentaires et boissons non alcoolisées,119.7,128.9,7.7,113.1,128.4,13.5,Novembre,2023,2023-11-01
02 - Boissons alcoolisées et tabac,129.8,136.8,5.4,129.8,136.8,5.4,Novembre,2023,2023-11-01
Produits non alimentaires,110.4,111.2,0.7,108.3,110.2,1.8,Novembre,2023,2023-11-01
03 - Articles d'habillement et chaussures,111.7,114.7,2.7,109.5,113.6,3.7,Novembre,2023,2023-11-01
"04 - Logement, eau, électricité et autres combustibles",104.1,105.0,0.9,103.6,104.6,1.0,Novembre,2023,2023-11-01
"05 - Meubles, articles de ménage et entretien courant du foyer",109.7,112.0,2.1,106.9,111.1,3.9,Novembre,2023,2023-11-01
06 - Santé,101.9,102.6,0.7,101.8,102.4,0.6,Novembre,2023,2023-11-01
07 - Transport,125.2,122.2,-2.4,119.5,119.6,0.1,Novembre,2023,2023-11-01
08 - Communication,104.3,104.2,-0.1,104.0,104.2,0.2,Novembre,2023,2023-11-01
09 - Loisirs et culture,106.1,105.4,-0.7,104.1,105.8,1.6,Novembre,2023,2023-11-01
10 - Enseignement,116.7,119.1,2.1,112.9,117.3,3.9,Novembre,2023,2023-11-01
11 - Restaurants et hôtels,109.9,115.2,4.8,107.2,113.4,5.8,Novembre,2023,2023-11-01
12 - Biens et services divers,111.0,113.2,2.0,109.9,112.5,2.4,Novembre,2023,2023-11-01
Ensemble,114.2,118.3,3.6,110.5,117.5,6.3,Novembre,2023,2023-11-01
Produits alimentaires,119.6,130.1,8.8,113.1,128.7,13.8,Octobre,2023,2023-10-01
01 - Produits alimentaires et boissons non alcoolisées,119.2,129.9,9.0,112.5,128.3,14.0,Octobre,2023,2023-10-01
02 - Boissons alcoolisées et tabac,129.8,136.8,5.4,129.8,136.8,5.4,Octobre,2023,2023-10-01
Produits non alimentaires,109.8,111.2,1.3,108.1,110.2,1.9,Octobre,2023,2023-10-01
03 - Articles d'habillement et chaussures,111.3,114.4,2.8,109.3,113.5,3.8,Octobre,2023,2023-10-01
"04 - Logement, eau, électricité et autres combustibles",104.0,104.9,0.9,103.5,104.6,1.1,Octobre,2023,2023-10-01
"05 - Meubles, articles de ménage et entretien courant du foyer",109.4,111.9,2.3,106.6,111.1,4.2,Octobre,2023,2023-10-01
06 - Santé,101.9,102.6,0.7,101.8,102.4,0.6,Octobre,2023,2023-10-01
07 - Transport,122.2,122.5,0.2,118.9,119.4,0.4,Octobre,2023,2023-10-01
08 - Communication,104.3,104.2,-0.1,104.0,104.3,0.3,Octobre,2023,2023-10-01
09 - Loisirs et culture,106.2,105.6,-0.6,104.0,105.8,1.7,Octobre,2023,2023-10-01
10 - Enseignement,116.5,119.1,2.2,112.5,117.1,4.1,Octobre,2023,2023-10-01
11 - Restaurants et hôtels,109.7,115.1,4.9,107.0,113.3,5.9,Octobre,2023,2023-10-01
12 - Biens et services divers,110.9,113.1,2.0,109.8,112.5,2.5,Octobre,2023,2023-10-01
Ensemble,113.7,118.6,4.3,110.1,117.4,6.6,Octobre,2023,2023-10-01
Produits alimentaires,118.8,130.6,9.9,112.4,128.5,14.3,Septembre,2023,2023-09-01
01 - Produits alimentaires et boissons non alcoolisées,118.3,130.3,10.1,111.7,128.2,14.8,Septembre,2023,2023-09-01
02 - Boissons alcoolisées et tabac,129.8,136.8,5.4,129.8,136.7,5.3,Septembre,2023,2023-09-01
Produits non alimentaires,109.6,111.0,1.3,108.0,110.0,1.9,Septembre,2023,2023-09-01
03 - Articles d'habillement et chaussures,111.0,114.2,2.9,109.0,113.4,4.0,Septembre,2023,2023-09-01
"04 - Logement, eau, électricité et autres combustibles",103.9,104.9,1.0,103.5,104.5,1.0,Septembre,2023,2023-09-01
"05 - Meubles, articles de ménage et entretien courant du foyer",108.8,111.7,2.7,106.3,111.0,4.4,Septembre,2023,2023-09-01
06 - Santé,101.9,102.6,0.7,101.8,102.3,0.5,Septembre,2023,2023-09-01
07 - Transport,122.5,121.9,-0.5,118.5,119.0,0.4,Septembre,2023,2023-09-01
08 - Communication,104.2,104.2,0.0,103.9,104.3,0.4,Septembre,2023,2023-09-01
09 - Loisirs et culture,106.0,105.5,-0.5,103.7,105.8,2.0,Septembre,2023,2023-09-01
10 - Enseignement,115.3,118.6,2.9,112.1,116.9,4.3,Septembre,2023,2023-09-01
11 - Restaurants et hôtels,109.2,115.1,5.4,106.7,113.1,6.0,Septembre,2023,2023-09-01
12 - Biens et services divers,110.8,113.1,2.1,109.7,112.4,2.5,Septembre,2023,2023-09-01
Ensemble,113.2,118.7,4.9,109.7,117.3,6.9,Septembre,2023,2023-09-01
Produits alimentaires,116.8,128.9,10.4,111.6,128.2,14.9,Août,2023,2023-08-01
01 - Produits alimentaires et boissons non alcoolisées,116.3,128.6,10.6,110.9,127.9,15.3,Août,2023,2023-08-01
02 - Boissons alcoolisées et tabac,129.8,136.8,5.4,129.8,136.7,5.3,Août,2023,2023-08-01
Produits non alimentaires,109.0,110.4,1.3,107.8,109.9,1.9,Août,2023,2023-08-01
03 - Articles d'habillement et chaussures,110.6,113.9,3.0,108.8,113.3,4.1,Août,2023,2023-08-01
"04 - Logement, eau, électricité et autres combustibles",103.8,104.8,1.0,103.4,104.5,1.1,Août,2023,2023-08-01
"05 - Meubles, articles de ménage et entretien courant du foyer",108.3,111.5,3.0,105.9,110.9,4.7,Août,2023,2023-08-01
06 - Santé,101.9,102.6,0.7,101.8,102.3,0.5,Août,2023,2023-08-01
07 - Transport,122.0,119.8,-1.8,118.0,118.7,0.6,Août,2023,2023-08-01
08 - Communication,104.2,104.2,0.0,103.9,104.3,0.4,Août,2023,2023-08-01
09 - Loisirs et culture,105.6,105.6,0.0,103.4,105.9,2.4,Août,2023,2023-08-01
10 - Enseignement,111.7,116.7,4.5,111.7,116.7,4.5,Août,2023,2023-08-01
11 - Restaurants et hôtels,108.7,115.1,5.9,106.4,112.8,6.0,Août,2023,2023-08-01
12 - Biens et services divers,110.2,112.9,2.5,109.6,112.3,2.5,Août,2023,2023-08-01
Ensemble,112.1,117.7,5.0,109.3,117.1,7.1,Août,2023,2023-08-01
Produits alimentaires,115.1,128.6,11.7,110.9,128.1,15.5,Juillet,2023,2023-07-01
01 - Produits alimentaires et boissons non alcoolisées,114.5,128.3,12.1,110.1,127.8,16.1,Juillet,2023,2023-07-01
02 - Boissons alcoolisées et tabac,129.8,136.8,5.4,129.8,136.7,5.3,Juillet,2023,2023-07-01
Produits non alimentaires,109.6,110.0,0.4,107.6,109.8,2.0,Juillet,2023,2023-07-01
03 - Articles d'habillement et chaussures,110.0,114.0,3.6,108.5,113.3,4.4,Juillet,2023,2023-07-01
"04 - Logement, eau, électricité et autres combustibles",103.7,104.7,1.0,103.4,104.5,1.1,Juillet,2023,2023-07-01
"05 - Meubles, articles de ménage et entretien courant du foyer",108.0,111.4,3.1,105.6,110.8,4.9,Juillet,2023,2023-07-01
06 - Santé,101.9,102.4,0.5,101.8,102.3,0.5,Juillet,2023,2023-07-01
07 - Transport,126.2,117.4,-7.0,117.5,118.5,0.9,Juillet,2023,2023-07-01
08 - Communication,104.0,104.2,0.2,103.9,104.3,0.4,Juillet,2023,2023-07-01
09 - Loisirs et culture,105.4,105.7,0.3,103.1,105.9,2.7,Juillet,2023,2023-07-01
10 - Enseignement,111.7,116.7,4.5,111.7,116.7,4.5,Juillet,2023,2023-07-01
11 - Restaurants et hôtels,108.0,114.3,5.8,106.0,112.5,6.1,Juillet,2023,2023-07-01
12 - Biens et services divers,110.1,112.8,2.5,109.5,112.2,2.5,Juillet,2023,2023-07-01
Ensemble,111.8,117.3,4.9,108.9,117.0,7.4,Juillet,2023,2023-07-01
Produits alimentaires,113.3,127.7,12.7,110.2,128.1,16.2,Juin,2023,2023-06-01
01 - Produits alimentaires et boissons non alcoolisées,112.6,127.4,13.1,109.4,127.7,16.7,Juin,2023,2023-06-01
02 - Boissons alcoolisées et tabac,129.8,136.8,5.4,129.8,136.7,5.3,Juin,2023,2023-06-01
Produits non alimentaires,109.1,109.8,0.6,107.2,109.8,2.4,Juin,2023,2023-06-01
03 - Articles d'habillement et chaussures,109.8,113.8,3.6,108.3,113.1,4.4,Juin,2023,2023-06-01
"04 - Logement, eau, électricité et autres combustibles",103.6,104.7,1.1,103.3,104.4,1.1,Juin,2023,2023-06-01
"05 - Meubles, articles de ménage et entretien courant du foyer",107.5,111.3,3.5,105.2,110.7,5.2,Juin,2023,2023-06-01
06 - Santé,101.9,102.4,0.5,101.8,102.3,0.5,Juin,2023,2023-06-01
07 - Transport,124.0,117.1,-5.6,116.0,118.7,2.3,Juin,2023,2023-06-01
08 - Communication,104.0,104.2,0.2,103.8,104.3,0.5,Juin,2023,2023-06-01
09 - Loisirs et culture,105.3,105.7,0.4,102.7,105.9,3.1,Juin,2023,2023-06-01
10 - Enseignement,111.7,116.7,4.5,111.7,116.7,4.5,Juin,2023,2023-06-01
11 - Restaurants et hôtels,107.0,113.4,6.0,105.7,112.2,6.1,Juin,2023,2023-06-01
12 - Biens et services divers,110.0,112.7,2.5,109.4,112.1,2.5,Juin,2023,2023-06-01
Ensemble,110.8,116.9,5.5,108.4,117.0,7.9,Juin,2023,2023-06-01
Produits alimentaires,113.2,130.9,15.6,109.6,128.1,16.9,Mai,2023,2023-05-01
01 - Produits alimentaires et boissons non alcoolisées,112.5,130.6,16.1,108.7,127.8,17.6,Mai,2023,2023-05-01
02 - Boissons alcoolisées et tabac,129.8,136.7,5.3,129.8,136.7,5.3,Mai,2023,2023-05-01
Produits non alimentaires,108.2,109.7,1.4,106.9,109.8,2.7,Mai,2023,2023-05-01
03 - Articles d'habillement et chaussures,109.6,113.8,3.8,108.0,113.0,4.6,Mai,2023,2023-05-01
"04 - Logement, eau, électricité et autres combustibles",103.4,104.5,1.1,103.3,104.4,1.1,Mai,2023,2023-05-01
"05 - Meubles, articles de ménage et entretien courant du foyer",106.6,110.9,4.0,104.7,110.6,5.6,Mai,2023,2023-05-01
06 - Santé,101.9,102.4,0.5,101.8,102.2,0.4,Mai,2023,2023-05-01
07 - Transport,119.7,117.1,-2.2,114.4,119.0,4.0,Mai,2023,2023-05-01
08 - Communication,103.8,104.3,0.5,103.8,104.3,0.5,Mai,2023,2023-05-01
09 - Loisirs et culture,104.6,105.8,1.1,102.2,106.0,3.7,Mai,2023,2023-05-01
10 - Enseignement,111.7,116.7,4.5,111.7,116.7,4.5,Mai,2023,2023-05-01
11 - Restaurants et hôtels,105.5,112.8,6.9,105.4,111.9,6.2,Mai,2023,2023-05-01
12 - Biens et services divers,109.8,112.5,2.5,109.3,112.0,2.5,Mai,2023,2023-05-01
Ensemble,110.2,118.0,7.1,107.9,117.0,8.4,Mai,2023,2023-05-01
Produits alimentaires,113.4,131.9,16.3,108.7,127.4,17.2,Avril,2023,2023-04-01
01 - Produits alimentaires et boissons non alcoolisées,112.7,131.7,16.9,107.8,127.1,17.9,Avril,2023,2023-04-01
02 - Boissons alcoolisées et tabac,129.8,136.7,5.3,129.8,136.7,5.3,Avril,2023,2023-04-01
Produits non alimentaires,107.6,109.8,2.0,106.5,109.9,3.2,Avril,2023,2023-04-01
03 - Articles d'habillement et chaussures,109.1,113.9,4.4,107.6,112.8,4.8,Avril,2023,2023-04-01
"04 - Logement, eau, électricité et autres combustibles",103.3,104.4,1.1,103.2,104.3,1.1,Avril,2023,2023-04-01
"05 - Meubles, articles de ménage et entretien courant du foyer",104.8,110.7,5.6,104.3,110.5,5.9,Avril,2023,2023-04-01
06 - Santé,101.8,102.3,0.5,101.8,102.2,0.4,Avril,2023,2023-04-01
07 - Transport,118.1,118.0,-0.1,113.1,119.5,5.7,Avril,2023,2023-04-01
08 - Communication,103.9,104.3,0.4,103.8,104.3,0.5,Avril,2023,2023-04-01
09 - Loisirs et culture,101.7,106.1,4.3,101.6,106.0,4.3,Avril,2023,2023-04-01
10 - Enseignement,111.7,116.7,4.5,111.7,116.7,4.5,Avril,2023,2023-04-01
11 - Restaurants et hôtels,105.2,112.3,6.7,105.4,111.7,6.0,Avril,2023,2023-04-01
12 - Biens et services divers,109.5,112.4,2.6,109.1,111.9,2.6,Avril,2023,2023-04-01
Ensemble,109.9,118.5,7.8,107.4,116.8,8.8,Avril,2023,2023-04-01
Produits alimentaires,110.1,127.8,16.1,107.1,125.9,17.6,Mars,2023,2023-03-01
01 - Produits alimentaires et boissons non alcoolisées,109.4,127.4,16.5,106.2,125.5,18.2,Mars,2023,2023-03-01
02 - Boissons alcoolisées et tabac,129.8,136.7,5.3,129.7,136.7,5.4,Mars,2023,2023-03-01
Produits non alimentaires,106.6,109.8,3.0,106.2,109.9,3.5,Mars,2023,2023-03-01
03 - Articles d'habillement et chaussures,107.4,112.7,4.9,107.1,112.4,4.9,Mars,2023,2023-03-01
"04 - Logement, eau, électricité et autres combustibles",103.3,104.4,1.1,103.2,104.3,1.1,Mars,2023,2023-03-01
"05 - Meubles, articles de ménage et entretien courant du foyer",104.5,110.6,5.8,104.1,110.4,6.1,Mars,2023,2023-03-01
06 - Santé,101.8,102.2,0.4,101.7,102.1,0.4,Mars,2023,2023-03-01
07 - Transport,113.3,119.1,5.1,111.4,119.9,7.6,Mars,2023,2023-03-01
08 - Communication,103.8,104.3,0.5,103.8,104.3,0.5,Mars,2023,2023-03-01
09 - Loisirs et culture,101.6,106.1,4.4,101.6,106.0,4.3,Mars,2023,2023-03-01
10 - Enseignement,111.7,116.7,4.5,111.7,116.7,4.5,Mars,2023,2023-03-01
11 - Restaurants et hôtels,105.4,111.9,6.2,105.5,111.5,5.7,Mars,2023,2023-03-01
12 - Biens et services divers,109.2,111.9,2.5,109.0,111.7,2.5,Mars,2023,2023-03-01
Ensemble,108.0,116.9,8.2,106.5,116.2,9.1,Mars,2023,2023-03-01
Produits alimentaires,106.1,127.4,20.1,105.6,125.0,18.4,Février,2023,2023-02-01
01 - Produits alimentaires et boissons non alcoolisées,105.1,127.0,20.8,104.6,124.6,19.1,Février,2023,2023-02-01
02 - Boissons alcoolisées et tabac,129.7,136.7,5.4,129.7,136.7,5.4,Février,2023,2023-02-01
Produits non alimentaires,106.1,109.9,3.6,106.0,109.9,3.7,Février,2023,2023-02-01
03 - Articles d'habillement et chaussures,106.9,112.3,5.1,106.9,112.3,5.1,Février,2023,2023-02-01
"04 - Logement, eau, électricité et autres combustibles",103.2,104.3,1.1,103.2,104.3,1.1,Février,2023,2023-02-01
"05 - Meubles, articles de ménage et entretien courant du foyer",104.1,110.5,6.1,103.9,110.3,6.2,Février,2023,2023-02-01
06 - Santé,101.7,102.1,0.4,101.7,102.1,0.4,Février,2023,2023-02-01
07 - Transport,111.0,120.2,8.3,110.5,120.4,9.0,Février,2023,2023-02-01
08 - Communication,103.8,104.3,0.5,103.8,104.3,0.5,Février,2023,2023-02-01
09 - Loisirs et culture,101.6,106.0,4.3,101.6,106.0,4.3,Février,2023,2023-02-01
10 - Enseignement,111.7,116.7,4.5,111.7,116.7,4.5,Février,2023,2023-02-01
11 - Restaurants et hôtels,105.4,111.8,6.1,105.5,111.4,5.6,Février,2023,2023-02-01
12 - Biens et services divers,109.0,111.8,2.6,108.9,111.7,2.6,Février,2023,2023-02-01
Ensemble,106.1,116.8,10.1,105.8,115.9,9.5,Février,2023,2023-02-01
Produits alimentaires,120.9,122.6,1.4,105.0,122.6,16.8,Janvier,2023,2023-01-01
01 - Produits alimentaires et boissons non alcoolisées,120.5,122.1,1.3,104.0,122.1,17.4,Janvier,2023,2023-01-01
02 - Boissons alcoolisées et tabac,129.8,136.7,5.3,129.7,136.7,5.4,Janvier,2023,2023-01-01
Produits non alimentaires,110.0,109.9,-0.1,105.8,109.9,3.9,Janvier,2023,2023-01-01
03 - Articles d'habillement et chaussures,112.1,112.3,0.2,106.9,112.3,5.1,Janvier,2023,2023-01-01
"04 - Logement, eau, électricité et autres combustibles",104.2,104.2,0.0,103.1,104.2,1.1,Janvier,2023,2023-01-01
"05 - Meubles, articles de ménage et entretien courant du foyer",109.9,110.1,0.2,103.7,110.1,6.2,Janvier,2023,2023-01-01
06 - Santé,102.0,102.1,0.1,101.7,102.1,0.4,Janvier,2023,2023-01-01
07 - Transport,122.1,120.5,-1.3,109.9,120.5,9.6,Janvier,2023,2023-01-01
08 - Communication,104.3,104.3,0.0,103.7,104.3,0.6,Janvier,2023,2023-01-01
09 - Loisirs et culture,106.0,105.9,-0.1,101.5,105.9,4.3,Janvier,2023,2023-01-01
10 - Enseignement,116.7,116.7,0.0,111.7,116.7,4.5,Janvier,2023,2023-01-01
11 - Restaurants et hôtels,110.5,110.9,0.4,105.6,110.9,5.0,Janvier,2023,2023-01-01
12 - Biens et services divers,111.2,111.5,0.3,108.8,111.5,2.5,Janvier,2023,2023-01-01
Ensemble,114.3,114.9,0.5,105.5,114.9,8.9,Janvier,2023,2023-01-01
Produits alimentaires,105.1,120.9,15.0,103.1,114.4,11.0,Décembre,2022,2022-12-01
01 - Produits alimentaires et boissons non alcoolisées,104.3,120.5,15.5,102.2,113.7,11.3,Décembre,2022,2022-12-01
02 - Boissons alcoolisées et tabac,125.5,129.8,3.4,125.5,129.8,3.4,Décembre,2022,2022-12-01
Produits non alimentaires,105.7,110.0,4.1,104.4,108.5,3.9,Décembre,2022,2022-12-01
03 - Articles d'habillement et chaussures,106.7,112.1,5.1,104.7,109.7,4.8,Décembre,2022,2022-12-01
"04 - Logement, eau, électricité et autres combustibles",103.0,104.2,1.2,102.6,103.6,1.0,Décembre,2022,2022-12-01
"05 - Meubles, articles de ménage et entretien courant du foyer",103.4,109.9,6.3,101.9,107.1,5.1,Décembre,2022,2022-12-01
06 - Santé,101.7,102.0,0.3,101.8,101.9,0.1,Décembre,2022,2022-12-01
07 - Transport,109.5,122.1,11.5,106.7,119.7,12.2,Décembre,2022,2022-12-01
08 - Communication,103.7,104.3,0.6,103.7,104.0,0.3,Décembre,2022,2022-12-01
09 - Loisirs et culture,101.5,106.0,4.4,100.2,104.3,4.1,Décembre,2022,2022-12-01
10 - Enseignement,111.7,116.7,4.5,110.8,113.2,2.2,Décembre,2022,2022-12-01
11 - Restaurants et hôtels,105.1,110.5,5.1,104.6,107.5,2.8,Décembre,2022,2022-12-01
12 - Biens et services divers,108.7,111.2,2.3,106.4,110.0,3.4,Décembre,2022,2022-12-01
Ensemble,105.5,114.3,8.3,103.9,110.8,6.6,Décembre,2022,2022-12-01
Produits alimentaires,105.0,120.1,14.4,102.9,113.8,10.6,Novembre,2022,2022-11-01
01 - Produits alimentaires et boissons non alcoolisées,104.2,119.7,14.9,102.0,113.1,10.9,Novembre,2022,2022-11-01
02 - Boissons alcoolisées et tabac,125.5,129.8,3.4,125.5,129.8,3.4,Novembre,2022,2022-11-01
Produits non alimentaires,105.6,110.4,4.5,104.3,108.3,3.8,Novembre,2022,2022-11-01
03 - Articles d'habillement et chaussures,106.3,111.7,5.1,104.6,109.5,4.7,Novembre,2022,2022-11-01
"04 - Logement, eau, électricité et autres combustibles",102.9,104.1,1.2,102.5,103.6,1.1,Novembre,2022,2022-11-01
06 - Santé,101.8,101.9,0.1,101.8,101.8,0.0,Novembre,2022,2022-11-01
07 - Transport,109.6,125.2,14.2,106.4,119.5,12.3,Novembre,2022,2022-11-01
08 - Communication,103.6,104.3,0.7,103.7,104.0,0.3,Novembre,2022,2022-11-01
09 - Loisirs et culture,100.9,106.1,5.2,100.1,104.1,4.0,Novembre,2022,2022-11-01
10 - Enseignement,111.7,116.7,4.5,110.7,112.9,2.0,Novembre,2022,2022-11-01
11 - Restaurants et hôtels,105.1,109.9,4.6,104.5,107.2,2.6,Novembre,2022,2022-11-01
12 - Biens et services divers,108.7,111.0,2.1,106.1,109.9,3.6,Novembre,2022,2022-11-01
Ensemble,105.4,114.2,8.3,103.8,110.5,6.5,Novembre,2022,2022-11-01
Produits alimentaires,105.1,119.6,13.8,102.7,113.1,10.1,Octobre,2022,2022-10-01
01 - Produits alimentaires et boissons non alcoolisées,104.3,119.2,14.3,101.8,112.5,10.5,Octobre,2022,2022-10-01
02 - Boissons alcoolisées et tabac,125.5,129.8,3.4,125.5,129.8,3.4,Octobre,2022,2022-10-01
Produits non alimentaires,105.3,109.8,4.3,104.2,108.1,3.7,Octobre,2022,2022-10-01
03 - Articles d'habillement et chaussures,105.8,111.3,5.2,104.4,109.3,4.7,Octobre,2022,2022-10-01
"04 - Logement, eau, électricité et autres combustibles",102.9,104.0,1.1,102.5,103.5,1.0,Octobre,2022,2022-10-01
"05 - Meubles, articles de ménage et entretien courant du foyer",102.5,109.4,6.7,101.7,106.6,4.8,Octobre,2022,2022-10-01
06 - Santé,101.8,101.9,0.1,101.8,101.8,0.0,Octobre,2022,2022-10-01
07 - Transport,108.5,122.2,12.6,106.1,118.9,12.1,Octobre,2022,2022-10-01
08 - Communication,103.6,104.3,0.7,103.7,104.0,0.3,Octobre,2022,2022-10-01
09 - Loisirs et culture,100.7,106.2,5.5,100.0,104.0,4.0,Octobre,2022,2022-10-01
10 - Enseignement,111.8,116.5,4.2,110.6,112.5,1.7,Octobre,2022,2022-10-01
11 - Restaurants et hôtels,104.9,109.7,4.6,104.5,107.0,2.4,Octobre,2022,2022-10-01
12 - Biens et services divers,108.5,110.9,2.2,105.9,109.8,3.7,Octobre,2022,2022-10-01
Ensemble,105.2,113.7,8.1,103.6,110.1,6.3,Octobre,2022,2022-10-01
Produits alimentaires,103.6,118.8,14.7,102.4,112.4,9.8,Septembre,2022,2022-09-01
01 - Produits alimentaires et boissons non alcoolisées,102.8,118.3,15.1,101.5,111.7,10.0,Septembre,2022,2022-09-01
02 - Boissons alcoolisées et tabac,125.5,129.8,3.4,125.4,129.8,3.5,Septembre,2022,2022-09-01
Produits non alimentaires,105.0,109.6,4.4,104.1,108.0,3.7,Septembre,2022,2022-09-01
03 - Articles d'habillement et chaussures,105.0,111.0,5.7,104.2,109.0,4.6,Septembre,2022,2022-09-01
"04 - Logement, eau, électricité et autres combustibles",102.8,103.9,1.1,102.4,103.5,1.1,Septembre,2022,2022-09-01
"05 - Meubles, articles de ménage et entretien courant du foyer",102.3,108.8,6.4,101.6,106.3,4.6,Septembre,2022,2022-09-01
06 - Santé,101.8,101.9,0.1,101.7,101.8,0.1,Septembre,2022,2022-09-01
07 - Transport,108.5,122.5,12.9,105.9,118.5,11.9,Septembre,2022,2022-09-01
08 - Communication,103.6,104.2,0.6,103.7,103.9,0.2,Septembre,2022,2022-09-01
09 - Loisirs et culture,100.3,106.0,5.7,99.9,103.7,3.8,Septembre,2022,2022-09-01
10 - Enseignement,111.4,115.3,3.5,110.4,112.1,1.5,Septembre,2022,2022-09-01
11 - Restaurants et hôtels,104.9,109.2,4.1,104.4,106.7,2.2,Septembre,2022,2022-09-01
12 - Biens et services divers,107.1,110.8,3.5,105.6,109.7,3.9,Septembre,2022,2022-09-01
Ensemble,104.5,113.2,8.3,103.4,109.7,6.1,Septembre,2022,2022-09-01
Produits alimentaires,102.4,116.8,14.1,102.3,111.6,9.1,Août,2022,2022-08-01
01 - Produits alimentaires et boissons non alcoolisées,101.5,116.3,14.6,101.4,110.9,9.4,Août,2022,2022-08-01
02 - Boissons alcoolisées et tabac,125.5,129.8,3.4,125.4,129.8,3.5,Août,2022,2022-08-01
Produits non alimentaires,104.8,109.0,4.0,103.9,107.8,3.8,Août,2022,2022-08-01
03 - Articles d'habillement et chaussures,104.5,110.6,5.8,104.1,108.8,4.5,Août,2022,2022-08-01
"04 - Logement, eau, électricité et autres combustibles",102.8,103.8,1.0,102.4,103.4,1.0,Août,2022,2022-08-01
"05 - Meubles, articles de ménage et entretien courant du foyer",102.0,108.3,6.2,101.5,105.9,4.3,Août,2022,2022-08-01
06 - Santé,101.8,101.9,0.1,101.7,101.8,0.1,Août,2022,2022-08-01
07 - Transport,108.2,122.0,12.8,105.5,118.0,11.8,Août,2022,2022-08-01
08 - Communication,103.6,104.2,0.6,103.7,103.9,0.2,Août,2022,2022-08-01
09 - Loisirs et culture,100.1,105.6,5.5,99.8,103.4,3.6,Août,2022,2022-08-01
10 - Enseignement,110.3,111.7,1.3,110.3,111.7,1.3,Août,2022,2022-08-01
11 - Restaurants et hôtels,104.9,108.7,3.6,104.4,106.4,1.9,Août,2022,2022-08-01
12 - Biens et services divers,106.9,110.2,3.1,105.4,109.6,4.0,Août,2022,2022-08-01
Ensemble,103.8,112.1,8.0,103.3,109.3,5.8,Août,2022,2022-08-01
Produits alimentaires,102.8,115.1,12.0,102.2,110.9,8.5,Juillet,2022,2022-07-01
01 - Produits alimentaires et boissons non alcoolisées,101.9,114.5,12.4,101.3,110.1,8.7,Juillet,2022,2022-07-01
02 - Boissons alcoolisées et tabac,125.5,129.8,3.4,125.4,129.8,3.5,Juillet,2022,2022-07-01
Produits non alimentaires,104.4,109.6,5.0,103.8,107.6,3.7,Juillet,2022,2022-07-01
03 - Articles d'habillement et chaussures,104.4,110.0,5.4,104.1,108.5,4.2,Juillet,2022,2022-07-01
"04 - Logement, eau, électricité et autres combustibles",102.7,103.7,1.0,102.3,103.4,1.1,Juillet,2022,2022-07-01
"05 - Meubles, articles de ménage et entretien courant du foyer",101.9,108.0,6.0,101.4,105.6,4.1,Juillet,2022,2022-07-01
06 - Santé,101.7,101.9,0.2,101.7,101.8,0.1,Juillet,2022,2022-07-01
07 - Transport,106.7,126.2,18.3,105.1,117.5,11.8,Juillet,2022,2022-07-01
08 - Communication,103.6,104.0,0.4,103.7,103.9,0.2,Juillet,2022,2022-07-01
09 - Loisirs et culture,100.0,105.4,5.4,99.8,103.1,3.3,Juillet,2022,2022-07-01
10 - Enseignement,110.3,111.7,1.3,110.3,111.7,1.3,Juillet,2022,2022-07-01
11 - Restaurants et hôtels,104.8,108.0,3.1,104.3,106.0,1.6,Juillet,2022,2022-07-01
12 - Biens et services divers,106.9,110.1,3.0,105.2,109.5,4.1,Juillet,2022,2022-07-01
Ensemble,103.8,111.8,7.7,103.2,108.9,5.5,Juillet,2022,2022-07-01
Produits alimentaires,102.4,113.3,10.6,102.2,110.2,7.8,Juin,2022,2022-06-01
01 - Produits alimentaires et boissons non alcoolisées,101.4,112.6,11.0,101.2,109.4,8.1,Juin,2022,2022-06-01
02 - Boissons alcoolisées et tabac,125.5,129.8,3.4,125.4,129.8,3.5,Juin,2022,2022-06-01
Produits non alimentaires,104.0,109.1,4.9,103.7,107.2,3.4,Juin,2022,2022-06-01
03 - Articles d'habillement et chaussures,104.5,109.8,5.1,104.0,108.3,4.1,Juin,2022,2022-06-01
"04 - Logement, eau, électricité et autres combustibles",102.6,103.6,1.0,102.3,103.3,1.0,Juin,2022,2022-06-01
"05 - Meubles, articles de ménage et entretien courant du foyer",101.7,107.5,5.7,101.3,105.2,3.8,Juin,2022,2022-06-01
06 - Santé,101.7,101.9,0.2,101.7,101.8,0.1,Juin,2022,2022-06-01
07 - Transport,105.4,124.0,17.6,104.9,116.0,10.6,Juin,2022,2022-06-01
08 - Communication,103.6,104.0,0.4,103.8,103.8,0.0,Juin,2022,2022-06-01
09 - Loisirs et culture,100.0,105.3,5.3,99.8,102.7,2.9,Juin,2022,2022-06-01
10 - Enseignement,110.3,111.7,1.3,110.3,111.7,1.3,Juin,2022,2022-06-01
11 - Restaurants et hôtels,104.4,107.0,2.5,104.2,105.7,1.4,Juin,2022,2022-06-01
12 - Biens et services divers,105.5,110.0,4.3,104.9,109.4,4.3,Juin,2022,2022-06-01
Ensemble,103.4,110.8,7.2,103.1,108.4,5.1,Juin,2022,2022-06-01
Produits alimentaires,104.4,113.2,8.4,102.1,109.6,7.3,Mai,2022,2022-05-01
01 - Produits alimentaires et boissons non alcoolisées,103.6,112.5,8.6,101.2,108.7,7.4,Mai,2022,2022-05-01
02 - Boissons alcoolisées et tabac,125.4,129.8,3.5,125.4,129.8,3.5,Mai,2022,2022-05-01
Produits non alimentaires,103.9,108.2,4.1,103.7,106.9,3.1,Mai,2022,2022-05-01
03 - Articles d'habillement et chaussures,104.6,109.6,4.8,103.9,108.0,3.9,Mai,2022,2022-05-01
"04 - Logement, eau, électricité et autres combustibles",102.5,103.4,0.9,102.2,103.3,1.1,Mai,2022,2022-05-01
"05 - Meubles, articles de ménage et entretien courant du foyer",101.6,106.6,4.9,101.2,104.7,3.5,Mai,2022,2022-05-01
06 - Santé,101.8,101.9,0.1,101.7,101.8,0.1,Mai,2022,2022-05-01
07 - Transport,105.0,119.7,14.0,104.8,114.4,9.2,Mai,2022,2022-05-01
08 - Communication,103.7,103.8,0.1,103.8,103.8,0.0,Mai,2022,2022-05-01
09 - Loisirs et culture,100.0,104.6,4.6,99.7,102.2,2.5,Mai,2022,2022-05-01
10 - Enseignement,110.3,111.7,1.3,110.3,111.7,1.3,Mai,2022,2022-05-01
11 - Restaurants et hôtels,104.3,105.5,1.2,104.2,105.4,1.2,Mai,2022,2022-05-01
12 - Biens et services divers,105.3,109.8,4.3,104.8,109.3,4.3,Mai,2022,2022-05-01
Ensemble,104.1,110.2,5.9,103.0,107.9,4.8,Mai,2022,2022-05-01
Produits alimentaires,103.9,113.4,9.1,101.5,108.7,7.1,Avril,2022,2022-04-01
01 - Produits alimentaires et boissons non alcoolisées,103.0,112.7,9.4,100.6,107.8,7.2,Avril,2022,2022-04-01
02 - Boissons alcoolisées et tabac,125.4,129.8,3.5,125.4,129.8,3.5,Avril,2022,2022-04-01
Produits non alimentaires,103.8,107.6,3.7,103.6,106.5,2.8,Avril,2022,2022-04-01
03 - Articles d'habillement et chaussures,104.2,109.1,4.7,103.8,107.6,3.7,Avril,2022,2022-04-01
"04 - Logement, eau, électricité et autres combustibles",102.2,103.3,1.1,102.1,103.2,1.1,Avril,2022,2022-04-01
"05 - Meubles, articles de ménage et entretien courant du foyer",101.4,104.8,3.4,101.2,104.3,3.1,Avril,2022,2022-04-01
06 - Santé,101.8,101.8,0.0,101.7,101.8,0.1,Avril,2022,2022-04-01
07 - Transport,105.1,118.1,12.4,104.7,113.1,8.0,Avril,2022,2022-04-01
08 - Communication,103.8,103.9,0.1,103.8,103.8,0.0,Avril,2022,2022-04-01
09 - Loisirs et culture,99.8,101.7,1.9,99.7,101.6,1.9,Avril,2022,2022-04-01
10 - Enseignement,110.3,111.7,1.3,110.3,111.7,1.3,Avril,2022,2022-04-01
11 - Restaurants et hôtels,104.2,105.2,1.0,104.1,105.4,1.2,Avril,2022,2022-04-01
12 - Biens et services divers,105.2,109.5,4.1,104.7,109.1,4.2,Avril,2022,2022-04-01
Ensemble,103.8,109.9,5.9,102.8,107.4,4.5,Avril,2022,2022-04-01
Produits alimentaires,100.9,110.1,9.1,100.7,107.1,6.4,Mars,2022,2022-03-01
01 - Produits alimentaires et boissons non alcoolisées,100.0,109.4,9.4,99.8,106.2,6.4,Mars,2022,2022-03-01
02 - Boissons alcoolisées et tabac,125.4,129.8,3.5,125.4,129.7,3.4,Mars,2022,2022-03-01
Produits non alimentaires,103.7,106.6,2.8,103.5,106.2,2.6,Mars,2022,2022-03-01
03 - Articles d'habillement et chaussures,103.6,107.4,3.7,103.6,107.1,3.4,Mars,2022,2022-03-01
"04 - Logement, eau, électricité et autres combustibles",102.2,103.3,1.1,102.1,103.2,1.1,Mars,2022,2022-03-01
"05 - Meubles, articles de ménage et entretien courant du foyer",101.2,104.5,3.3,101.1,104.1,3.0,Mars,2022,2022-03-01
06 - Santé,101.8,101.8,0.0,101.7,101.7,0.0,Mars,2022,2022-03-01
07 - Transport,105.3,113.3,7.6,104.6,111.4,6.5,Mars,2022,2022-03-01
08 - Communication,103.8,103.8,0.0,103.8,103.8,0.0,Mars,2022,2022-03-01
09 - Loisirs et culture,99.7,101.6,1.9,99.6,101.6,2.0,Mars,2022,2022-03-01
10 - Enseignement,110.3,111.7,1.3,110.3,111.7,1.3,Mars,2022,2022-03-01
11 - Restaurants et hôtels,104.2,105.4,1.2,104.1,105.5,1.3,Mars,2022,2022-03-01
12 - Biens et services divers,104.7,109.2,4.3,104.5,109.0,4.3,Mars,2022,2022-03-01
Ensemble,102.6,108.0,5.3,102.4,106.5,4.0,Mars,2022,2022-03-01
Produits alimentaires,100.6,106.1,5.5,100.7,105.6,4.9,Février,2022,2022-02-01
01 - Produits alimentaires et boissons non alcoolisées,99.6,105.1,5.5,99.7,104.6,4.9,Février,2022,2022-02-01
02 - Boissons alcoolisées et tabac,125.4,129.7,3.4,125.4,129.7,3.4,Février,2022,2022-02-01
Produits non alimentaires,103.5,106.1,2.5,103.5,106.0,2.4,Février,2022,2022-02-01
03 - Articles d'habillement et chaussures,103.6,106.9,3.2,103.7,106.9,3.1,Février,2022,2022-02-01
"04 - Logement, eau, électricité et autres combustibles",102.0,103.2,1.2,102.0,103.2,1.2,Février,2022,2022-02-01
"05 - Meubles, articles de ménage et entretien courant du foyer",101.0,104.1,3.1,101.0,103.9,2.9,Février,2022,2022-02-01
06 - Santé,101.6,101.7,0.1,101.7,101.7,0.0,Février,2022,2022-02-01
07 - Transport,104.7,111.0,6.0,104.3,110.5,5.9,Février,2022,2022-02-01
08 - Communication,103.8,103.8,0.0,103.9,103.8,-0.1,Février,2022,2022-02-01
09 - Loisirs et culture,99.6,101.6,2.0,99.6,101.6,2.0,Février,2022,2022-02-01
10 - Enseignement,110.3,111.7,1.3,110.3,111.7,1.3,Février,2022,2022-02-01
11 - Restaurants et hôtels,104.1,105.4,1.2,104.1,105.5,1.3,Février,2022,2022-02-01
12 - Biens et services divers,104.4,109.0,4.4,104.4,108.9,4.3,Février,2022,2022-02-01
Ensemble,102.4,106.1,3.6,102.4,105.8,3.3,Février,2022,2022-02-01
Produits alimentaires,105.1,105.0,-0.1,100.7,105.0,4.3,Janvier,2022,2022-01-01
01 - Produits alimentaires et boissons non alcoolisées,104.3,104.0,-0.3,99.8,104.0,4.2,Janvier,2022,2022-01-01
02 - Boissons alcoolisées et tabac,125.5,129.7,3.3,125.4,129.7,3.4,Janvier,2022,2022-01-01
Produits non alimentaires,105.7,105.8,0.1,103.4,105.8,2.3,Janvier,2022,2022-01-01
03 - Articles d'habillement et chaussures,106.7,106.9,0.2,103.7,106.9,3.1,Janvier,2022,2022-01-01
"04 - Logement, eau, électricité et autres combustibles",103.0,103.1,0.1,102.0,103.1,1.1,Janvier,2022,2022-01-01
"05 - Meubles, articles de ménage et entretien courant du foyer",103.4,103.7,0.3,101.0,103.7,2.7,Janvier,2022,2022-01-01
06 - Santé,101.7,101.7,0.0,101.7,101.7,0.0,Janvier,2022,2022-01-01
07 - Transport,109.5,109.9,0.4,103.8,109.9,5.9,Janvier,2022,2022-01-01
08 - Communication,103.7,103.7,0.0,103.9,103.7,-0.2,Janvier,2022,2022-01-01
09 - Loisirs et culture,101.5,101.5,0.0,99.5,101.5,2.0,Janvier,2022,2022-01-01
10 - Enseignement,111.7,111.7,0.0,110.3,111.7,1.3,Janvier,2022,2022-01-01
11 - Restaurants et hôtels,105.1,105.6,0.5,104.0,105.6,1.5,Janvier,2022,2022-01-01
12 - Biens et services divers,108.7,108.8,0.1,104.4,108.8,4.2,Janvier,2022,2022-01-01
Ensemble,105.5,105.5,0.0,102.3,105.5,3.1,Janvier,2022,2022-01-01
Produits alimentaires,100.7,105.1,4.4,102.3,103.1,0.8,Décembre,2021,2021-12-01
01 - Produits alimentaires et boissons non alcoolisées,99.8,104.3,4.5,101.6,102.2,0.6,Décembre,2021,2021-12-01
02 - Boissons alcoolisées et tabac,122.6,125.5,2.4,121.2,125.5,3.5,Décembre,2021,2021-12-01
Produits non alimentaires,103.2,105.7,2.4,102.6,104.4,1.8,Décembre,2021,2021-12-01
03 - Articles d'habillement et chaussures,103.6,106.7,3.0,102.7,104.7,1.9,Décembre,2021,2021-12-01
"04 - Logement, eau, électricité et autres combustibles",102.0,103.0,1.0,101.8,102.6,0.8,Décembre,2021,2021-12-01
"05 - Meubles, articles de ménage et entretien courant du foyer",101.0,103.4,2.4,100.8,101.9,1.1,Décembre,2021,2021-12-01
06 - Santé,101.7,101.7,0.0,101.6,101.8,0.2,Décembre,2021,2021-12-01
07 - Transport,103.1,109.5,6.2,100.8,106.7,5.9,Décembre,2021,2021-12-01
08 - Communication,103.9,103.7,-0.2,103.9,103.7,-0.2,Décembre,2021,2021-12-01
09 - Loisirs et culture,99.1,101.5,2.4,99.4,100.2,0.8,Décembre,2021,2021-12-01
10 - Enseignement,110.3,111.7,1.3,109.1,110.8,1.6,Décembre,2021,2021-12-01
11 - Restaurants et hôtels,104.1,105.1,1.0,103.6,104.6,1.0,Décembre,2021,2021-12-01
12 - Biens et services divers,104.2,108.7,4.3,104.0,106.4,2.3,Décembre,2021,2021-12-01
Ensemble,102.2,105.5,3.2,102.5,103.9,1.4,Décembre,2021,2021-12-01
Produits alimentaires,102.1,105.0,2.8,102.5,102.9,0.4,Novembre,2021,2021-11-01
01 - Produits alimentaires et boissons non alcoolisées,101.3,104.2,2.9,101.7,102.0,0.3,Novembre,2021,2021-11-01
02 - Boissons alcoolisées et tabac,122.6,125.5,2.4,121.1,125.5,3.6,Novembre,2021,2021-11-01
Produits non alimentaires,103.1,105.6,2.4,102.5,104.3,1.8,Novembre,2021,2021-11-01
03 - Articles d'habillement et chaussures,103.1,106.3,3.1,102.6,104.6,1.9,Novembre,2021,2021-11-01
"04 - Logement, eau, électricité et autres combustibles",102.0,102.9,0.9,101.7,102.5,0.8,Novembre,2021,2021-11-01
"05 - Meubles, articles de ménage et entretien courant du foyer",101.1,103.1,2.0,100.8,101.8,1.0,Novembre,2021,2021-11-01
06 - Santé,101.7,101.8,0.1,101.6,101.8,0.2,Novembre,2021,2021-11-01
07 - Transport,102.3,109.6,7.1,100.6,106.4,5.8,Novembre,2021,2021-11-01
08 - Communication,103.9,103.6,-0.3,103.9,103.7,-0.2,Novembre,2021,2021-11-01
09 - Loisirs et culture,99.3,100.9,1.6,99.4,100.1,0.7,Novembre,2021,2021-11-01
10 - Enseignement,110.3,111.7,1.3,108.9,110.7,1.7,Novembre,2021,2021-11-01
11 - Restaurants et hôtels,104.1,105.1,1.0,103.5,104.5,1.0,Novembre,2021,2021-11-01
12 - Biens et services divers,104.3,108.7,4.2,104.0,106.1,2.0,Novembre,2021,2021-11-01
Ensemble,102.7,105.4,2.6,102.5,103.8,1.3,Novembre,2021,2021-11-01
Produits alimentaires,104.0,105.1,1.1,102.5,102.7,0.2,Octobre,2021,2021-10-01
01 - Produits alimentaires et boissons non alcoolisées,103.3,104.3,1.0,101.8,101.8,0.0,Octobre,2021,2021-10-01
02 - Boissons alcoolisées et tabac,122.6,125.5,2.4,120.9,125.5,3.8,Octobre,2021,2021-10-01
Produits non alimentaires,103.0,105.3,2.2,102.4,104.2,1.8,Octobre,2021,2021-10-01
03 - Articles d'habillement et chaussures,102.7,105.8,3.0,102.6,104.4,1.8,Octobre,2021,2021-10-01
"04 - Logement, eau, électricité et autres combustibles",102.0,102.9,0.9,101.7,102.5,0.8,Octobre,2021,2021-10-01
"05 - Meubles, articles de ménage et entretien courant du foyer",101.0,102.5,1.5,100.8,101.7,0.9,Octobre,2021,2021-10-01
06 - Santé,101.6,101.8,0.2,101.6,101.8,0.2,Octobre,2021,2021-10-01
07 - Transport,102.2,108.5,6.2,100.4,106.1,5.7,Octobre,2021,2021-10-01
08 - Communication,104.0,103.6,-0.4,103.9,103.7,-0.2,Octobre,2021,2021-10-01
09 - Loisirs et culture,99.2,100.7,1.5,99.4,100.0,0.6,Octobre,2021,2021-10-01
10 - Enseignement,110.3,111.8,1.4,108.8,110.6,1.7,Octobre,2021,2021-10-01
11 - Restaurants et hôtels,103.9,104.9,1.0,103.5,104.5,1.0,Octobre,2021,2021-10-01
12 - Biens et services divers,104.1,108.5,4.2,103.9,105.9,1.9,Octobre,2021,2021-10-01
Ensemble,103.4,105.2,1.7,102.5,103.6,1.1,Octobre,2021,2021-10-01
Produits alimentaires,103.9,103.6,-0.3,102.3,102.4,0.1,Septembre,2021,2021-09-01
01 - Produits alimentaires et boissons non alcoolisées,103.1,102.8,-0.3,101.6,101.5,-0.1,Septembre,2021,2021-09-01
02 - Boissons alcoolisées et tabac,122.6,125.5,2.4,120.7,125.4,3.9,Septembre,2021,2021-09-01
Produits non alimentaires,103.0,105.0,1.9,102.4,104.1,1.7,Septembre,2021,2021-09-01
03 - Articles d'habillement et chaussures,102.4,105.0,2.5,102.6,104.2,1.6,Septembre,2021,2021-09-01
"04 - Logement, eau, électricité et autres combustibles",101.9,102.8,0.9,101.7,102.4,0.7,Septembre,2021,2021-09-01
"05 - Meubles, articles de ménage et entretien courant du foyer",100.9,102.3,1.4,100.7,101.6,0.9,Septembre,2021,2021-09-01
06 - Santé,101.6,101.8,0.2,101.6,101.7,0.1,Septembre,2021,2021-09-01
07 - Transport,102.6,108.5,5.8,100.2,105.9,5.7,Septembre,2021,2021-09-01
08 - Communication,104.0,103.6,-0.4,103.9,103.7,-0.2,Septembre,2021,2021-09-01
09 - Loisirs et culture,99.2,100.3,1.1,99.4,99.9,0.5,Septembre,2021,2021-09-01
10 - Enseignement,110.0,111.4,1.3,108.6,110.4,1.7,Septembre,2021,2021-09-01
11 - Restaurants et hôtels,103.7,104.9,1.2,103.4,104.4,1.0,Septembre,2021,2021-09-01
12 - Biens et services divers,104.1,107.1,2.9,103.9,105.6,1.6,Septembre,2021,2021-09-01
Ensemble,103.3,104.5,1.2,102.4,103.4,1.0,Septembre,2021,2021-09-01
Produits alimentaires,103.4,102.4,-1.0,102.1,102.3,0.2,Août,2021,2021-08-01
01 - Produits alimentaires et boissons non alcoolisées,102.6,101.5,-1.1,101.4,101.4,0.0,Août,2021,2021-08-01
02 - Boissons alcoolisées et tabac,122.6,125.5,2.4,120.5,125.4,4.1,Août,2021,2021-08-01
Produits non alimentaires,102.7,104.8,2.0,102.3,103.9,1.6,Août,2021,2021-08-01
03 - Articles d'habillement et chaussures,102.1,104.5,2.4,102.6,104.1,1.5,Août,2021,2021-08-01
"04 - Logement, eau, électricité et autres combustibles",101.9,102.8,0.9,101.7,102.4,0.7,Août,2021,2021-08-01
"05 - Meubles, articles de ménage et entretien courant du foyer",100.8,102.0,1.2,100.7,101.5,0.8,Août,2021,2021-08-01
06 - Santé,101.7,101.8,0.1,101.6,101.7,0.1,Août,2021,2021-08-01
07 - Transport,102.0,108.2,6.1,99.9,105.5,5.6,Août,2021,2021-08-01
08 - Communication,104.0,103.6,-0.4,103.9,103.7,-0.2,Août,2021,2021-08-01
09 - Loisirs et culture,99.1,100.1,1.0,99.5,99.8,0.3,Août,2021,2021-08-01
10 - Enseignement,108.4,110.3,1.8,108.5,110.3,1.7,Août,2021,2021-08-01
11 - Restaurants et hôtels,103.6,104.9,1.3,103.4,104.4,1.0,Août,2021,2021-08-01
12 - Biens et services divers,104.2,106.9,2.6,103.9,105.4,1.4,Août,2021,2021-08-01
Ensemble,103.0,103.8,0.8,102.3,103.3,1.0,Août,2021,2021-08-01
Produits alimentaires,100.0,102.8,2.8,101.9,102.2,0.3,Juillet,2021,2021-07-01
01 - Produits alimentaires et boissons non alcoolisées,99.2,101.9,2.7,101.2,101.3,0.1,Juillet,2021,2021-07-01
02 - Boissons alcoolisées et tabac,120.2,125.5,4.4,120.2,125.4,4.3,Juillet,2021,2021-07-01
Produits non alimentaires,102.6,104.4,1.8,102.2,103.8,1.6,Juillet,2021,2021-07-01
03 - Articles d'habillement et chaussures,102.3,104.4,2.1,102.7,104.1,1.4,Juillet,2021,2021-07-01
"04 - Logement, eau, électricité et autres combustibles",101.9,102.7,0.8,101.6,102.3,0.7,Juillet,2021,2021-07-01
"05 - Meubles, articles de ménage et entretien courant du foyer",100.8,101.9,1.1,100.7,101.4,0.7,Juillet,2021,2021-07-01
06 - Santé,101.6,101.7,0.1,101.6,101.7,0.1,Juillet,2021,2021-07-01
07 - Transport,101.4,106.7,5.2,99.6,105.1,5.5,Juillet,2021,2021-07-01
08 - Communication,103.9,103.6,-0.3,103.9,103.7,-0.2,Juillet,2021,2021-07-01
09 - Loisirs et culture,99.2,100.0,0.8,99.5,99.8,0.3,Juillet,2021,2021-07-01
10 - Enseignement,108.4,110.3,1.8,108.5,110.3,1.7,Juillet,2021,2021-07-01
11 - Restaurants et hôtels,103.5,104.8,1.3,103.3,104.3,1.0,Juillet,2021,2021-07-01
12 - Biens et services divers,104.0,106.9,2.8,103.8,105.2,1.3,Juillet,2021,2021-07-01
Ensemble,101.6,103.8,2.2,102.1,103.2,1.1,Juillet,2021,2021-07-01
Produits alimentaires,101.5,102.4,0.9,102.3,102.2,-0.1,Juin,2021,2021-06-01
01 - Produits alimentaires et boissons non alcoolisées,100.8,101.4,0.6,101.6,101.2,-0.4,Juin,2021,2021-06-01
02 - Boissons alcoolisées et tabac,120.2,125.5,4.4,120.2,125.4,4.3,Juin,2021,2021-06-01
Produits non alimentaires,102.0,104.0,2.0,102.2,103.7,1.5,Juin,2021,2021-06-01
03 - Articles d'habillement et chaussures,102.4,104.5,2.1,102.8,104.0,1.2,Juin,2021,2021-06-01
"04 - Logement, eau, électricité et autres combustibles",101.8,102.6,0.8,101.6,102.3,0.7,Juin,2021,2021-06-01
"05 - Meubles, articles de ménage et entretien courant du foyer",100.8,101.7,0.9,100.7,101.3,0.6,Juin,2021,2021-06-01
06 - Santé,101.5,101.7,0.2,101.6,101.7,0.1,Juin,2021,2021-06-01
07 - Transport,98.4,105.4,7.1,99.3,104.9,5.6,Juin,2021,2021-06-01
08 - Communication,103.9,103.6,-0.3,103.9,103.8,-0.1,Juin,2021,2021-06-01
09 - Loisirs et culture,99.3,100.0,0.7,99.6,99.8,0.2,Juin,2021,2021-06-01
10 - Enseignement,108.4,110.3,1.8,108.5,110.3,1.7,Juin,2021,2021-06-01
11 - Restaurants et hôtels,103.3,104.4,1.1,103.3,104.2,0.9,Juin,2021,2021-06-01
12 - Biens et services divers,103.8,105.5,1.6,103.8,104.9,1.1,Juin,2021,2021-06-01
Ensemble,101.9,103.4,1.5,102.2,103.1,0.9,Juin,2021,2021-06-01
Produits alimentaires,102.9,104.4,1.5,102.4,102.1,-0.3,Mai,2021,2021-05-01
01 - Produits alimentaires et boissons non alcoolisées,102.3,103.6,1.3,101.7,101.2,-0.5,Mai,2021,2021-05-01
02 - Boissons alcoolisées et tabac,120.2,125.4,4.3,120.2,125.4,4.3,Mai,2021,2021-05-01
Produits non alimentaires,101.7,103.9,2.2,102.2,103.7,1.5,Mai,2021,2021-05-01
03 - Articles d'habillement et chaussures,102.7,104.6,1.9,102.8,103.9,1.1,Mai,2021,2021-05-01
"04 - Logement, eau, électricité et autres combustibles",101.7,102.5,0.8,101.5,102.2,0.7,Mai,2021,2021-05-01
"05 - Meubles, articles de ménage et entretien courant du foyer",100.8,101.6,0.8,100.6,101.2,0.6,Mai,2021,2021-05-01
06 - Santé,101.7,101.8,0.1,101.6,101.7,0.1,Mai,2021,2021-05-01
07 - Transport,95.9,105.0,9.5,99.5,104.8,5.3,Mai,2021,2021-05-01
08 - Communication,103.9,103.7,-0.2,103.9,103.8,-0.1,Mai,2021,2021-05-01
09 - Loisirs et culture,99.3,100.0,0.7,99.6,99.7,0.1,Mai,2021,2021-05-01
10 - Enseignement,108.5,110.3,1.7,108.5,110.3,1.7,Mai,2021,2021-05-01
11 - Restaurants et hôtels,103.2,104.3,1.1,103.3,104.2,0.9,Mai,2021,2021-05-01
12 - Biens et services divers,103.8,105.3,1.4,103.8,104.8,1.0,Mai,2021,2021-05-01
Ensemble,102.2,104.1,1.9,102.3,103.0,0.7,Mai,2021,2021-05-01
Produits alimentaires,103.5,103.9,0.4,102.3,101.5,-0.8,Avril,2021,2021-04-01
01 - Produits alimentaires et boissons non alcoolisées,102.9,103.0,0.1,101.6,100.6,-1.0,Avril,2021,2021-04-01
02 - Boissons alcoolisées et tabac,120.2,125.4,4.3,120.2,125.4,4.3,Avril,2021,2021-04-01
Produits non alimentaires,101.6,103.8,2.2,102.3,103.6,1.3,Avril,2021,2021-04-01
03 - Articles d'habillement et chaussures,102.6,104.2,1.6,102.9,103.8,0.9,Avril,2021,2021-04-01
"04 - Logement, eau, électricité et autres combustibles",101.5,102.2,0.7,101.5,102.1,0.6,Avril,2021,2021-04-01
"05 - Meubles, articles de ménage et entretien courant du foyer",100.7,101.4,0.7,100.6,101.2,0.6,Avril,2021,2021-04-01
06 - Santé,101.7,101.8,0.1,101.6,101.7,0.1,Avril,2021,2021-04-01
07 - Transport,96.0,105.1,9.5,100.4,104.7,4.3,Avril,2021,2021-04-01
08 - Communication,103.9,103.8,-0.1,103.9,103.8,-0.1,Avril,2021,2021-04-01
09 - Loisirs et culture,99.6,99.8,0.2,99.7,99.7,0.0,Avril,2021,2021-04-01
10 - Enseignement,108.5,110.3,1.7,108.5,110.3,1.7,Avril,2021,2021-04-01
11 - Restaurants et hôtels,103.3,104.2,0.9,103.3,104.1,0.8,Avril,2021,2021-04-01
12 - Biens et services divers,103.8,105.2,1.3,103.8,104.7,0.9,Avril,2021,2021-04-01
Ensemble,102.4,103.8,1.4,102.3,102.8,0.5,Avril,2021,2021-04-01
Produits alimentaires,102.8,100.9,-1.8,101.9,100.7,-1.2,Mars,2021,2021-03-01
01 - Produits alimentaires et boissons non alcoolisées,102.1,100.0,-2.1,101.2,99.8,-1.4,Mars,2021,2021-03-01
02 - Boissons alcoolisées et tabac,120.2,125.4,4.3,120.1,125.4,4.4,Mars,2021,2021-03-01
Produits non alimentaires,102.3,103.7,1.4,102.6,103.5,0.9,Mars,2021,2021-03-01
03 - Articles d'habillement et chaussures,102.6,103.6,1.0,102.9,103.6,0.7,Mars,2021,2021-03-01
"04 - Logement, eau, électricité et autres combustibles",101.5,102.2,0.7,101.5,102.1,0.6,Mars,2021,2021-03-01
"05 - Meubles, articles de ménage et entretien courant du foyer",100.7,101.2,0.5,100.6,101.1,0.5,Mars,2021,2021-03-01
06 - Santé,101.8,101.8,0.0,101.5,101.7,0.2,Mars,2021,2021-03-01
07 - Transport,100.3,105.3,5.0,101.9,104.6,2.6,Mars,2021,2021-03-01
08 - Communication,103.9,103.8,-0.1,103.9,103.8,-0.1,Mars,2021,2021-03-01
09 - Loisirs et culture,99.6,99.7,0.1,99.7,99.6,-0.1,Mars,2021,2021-03-01
10 - Enseignement,108.5,110.3,1.7,108.5,110.3,1.7,Mars,2021,2021-03-01
11 - Restaurants et hôtels,103.3,104.2,0.9,103.3,104.1,0.8,Mars,2021,2021-03-01
12 - Biens et services divers,103.8,104.7,0.9,103.8,104.5,0.7,Mars,2021,2021-03-01
Ensemble,102.5,102.6,0.1,102.3,102.4,0.1,Mars,2021,2021-03-01
Produits alimentaires,101.4,100.6,-0.8,101.5,100.7,-0.8,Février,2021,2021-02-01
01 - Produits alimentaires et boissons non alcoolisées,100.6,99.6,-1.0,100.7,99.7,-1.0,Février,2021,2021-02-01
02 - Boissons alcoolisées et tabac,120.1,125.4,4.4,120.1,125.4,4.4,Février,2021,2021-02-01
Produits non alimentaires,102.6,103.5,0.9,102.7,103.5,0.8,Février,2021,2021-02-01
03 - Articles d'habillement et chaussures,102.9,103.6,0.7,103.1,103.7,0.6,Février,2021,2021-02-01
"04 - Logement, eau, électricité et autres combustibles",101.5,102.0,0.5,101.5,102.0,0.5,Février,2021,2021-02-01
"05 - Meubles, articles de ménage et entretien courant du foyer",100.5,101.0,0.5,100.5,101.0,0.5,Février,2021,2021-02-01
06 - Santé,101.7,101.6,-0.1,101.4,101.7,0.3,Février,2021,2021-02-01
07 - Transport,102.1,104.7,2.5,102.7,104.3,1.6,Février,2021,2021-02-01
08 - Communication,103.9,103.8,-0.1,103.9,103.9,0.0,Février,2021,2021-02-01
09 - Loisirs et culture,99.7,99.6,-0.1,99.8,99.6,-0.2,Février,2021,2021-02-01
10 - Enseignement,108.5,110.3,1.7,108.5,110.3,1.7,Février,2021,2021-02-01
11 - Restaurants et hôtels,103.3,104.1,0.8,103.4,104.1,0.7,Février,2021,2021-02-01
12 - Biens et services divers,103.8,104.4,0.6,103.8,104.4,0.6,Février,2021,2021-02-01
Ensemble,102.1,102.4,0.3,102.2,102.4,0.2,Février,2021,2021-02-01
Produits alimentaires,100.7,100.7,0.0,101.5,100.7,-0.8,Janvier,2021,2021-01-01
01 - Produits alimentaires et boissons non alcoolisées,99.8,99.8,0.0,100.8,99.8,-1.0,Janvier,2021,2021-01-01
02 - Boissons alcoolisées et tabac,122.6,125.4,2.3,120.1,125.4,4.4,Janvier,2021,2021-01-01
Produits non alimentaires,103.2,103.4,0.2,102.8,103.4,0.6,Janvier,2021,2021-01-01
03 - Articles d'habillement et chaussures,103.6,103.7,0.1,103.3,103.7,0.4,Janvier,2021,2021-01-01
"04 - Logement, eau, électricité et autres combustibles",102.0,102.0,0.0,101.4,102.0,0.6,Janvier,2021,2021-01-01
"05 - Meubles, articles de ménage et entretien courant du foyer",101.0,101.0,0.0,100.5,101.0,0.5,Janvier,2021,2021-01-01
06 - Santé,101.7,101.7,0.0,101.1,101.7,0.6,Janvier,2021,2021-01-01
07 - Transport,103.1,103.8,0.7,103.2,103.8,0.6,Janvier,2021,2021-01-01
08 - Communication,103.9,103.9,0.0,103.9,103.9,0.0,Janvier,2021,2021-01-01
09 - Loisirs et culture,99.1,99.5,0.4,99.9,99.5,-0.4,Janvier,2021,2021-01-01
10 - Enseignement,110.3,110.3,0.0,108.5,110.3,1.7,Janvier,2021,2021-01-01
11 - Restaurants et hôtels,104.1,104.0,-0.1,103.4,104.0,0.6,Janvier,2021,2021-01-01
12 - Biens et services divers,104.2,104.4,0.2,103.8,104.4,0.6,Janvier,2021,2021-01-01
Ensemble,102.2,102.3,0.1,102.3,102.3,0.0,Janvier,2021,2021-01-01
Produits alimentaires,102.2,100.7,-1.5,101.4,102.3,0.9,Décembre,2020,2020-12-01
01 - Produits alimentaires et boissons non alcoolisées,101.5,99.8,-1.7,100.6,101.6,1.0,Décembre,2020,2020-12-01
02 - Boissons alcoolisées et tabac,120.1,122.6,2.1,120.2,121.2,0.8,Décembre,2020,2020-12-01
Produits non alimentaires,102.6,103.2,0.6,102.1,102.6,0.5,Décembre,2020,2020-12-01
03 - Articles d'habillement et chaussures,103.3,103.6,0.3,102.4,102.7,0.3,Décembre,2020,2020-12-01
"04 - Logement, eau, électricité et autres combustibles",101.4,102.0,0.6,101.2,101.8,0.6,Décembre,2020,2020-12-01
"05 - Meubles, articles de ménage et entretien courant du foyer",100.6,101.0,0.4,100.6,100.8,0.2,Décembre,2020,2020-12-01
06 - Santé,101.2,101.7,0.5,100.7,101.6,0.9,Décembre,2020,2020-12-01
07 - Transport,102.8,103.1,0.3,102.4,100.8,-1.6,Décembre,2020,2020-12-01
08 - Communication,104.0,103.9,-0.1,104.3,103.9,-0.4,Décembre,2020,2020-12-01
09 - Loisirs et culture,100.0,99.1,-0.9,100.3,99.4,-0.9,Décembre,2020,2020-12-01
10 - Enseignement,108.5,110.3,1.7,106.2,109.1,2.7,Décembre,2020,2020-12-01
11 - Restaurants et hôtels,103.4,104.1,0.7,102.5,103.6,1.1,Décembre,2020,2020-12-01
12 - Biens et services divers,102.9,104.2,1.3,102.6,104.0,1.4,Décembre,2020,2020-12-01
Ensemble,102.5,102.2,-0.3,101.8,102.5,0.7,Décembre,2020,2020-12-01
Produits alimentaires,102.1,102.1,0.0,101.3,102.5,1.2,Novembre,2020,2020-11-01
01 - Produits alimentaires et boissons non alcoolisées,101.4,101.3,-0.1,100.5,101.7,1.2,Novembre,2020,2020-11-01
02 - Boissons alcoolisées et tabac,120.2,122.6,2.0,120.2,121.1,0.7,Novembre,2020,2020-11-01
Produits non alimentaires,102.7,103.1,0.4,102.1,102.5,0.4,Novembre,2020,2020-11-01
03 - Articles d'habillement et chaussures,103.4,103.1,-0.3,102.3,102.6,0.3,Novembre,2020,2020-11-01
"04 - Logement, eau, électricité et autres combustibles",101.5,102.0,0.5,101.1,101.7,0.6,Novembre,2020,2020-11-01
"05 - Meubles, articles de ménage et entretien courant du foyer",100.6,101.1,0.5,100.6,100.8,0.2,Novembre,2020,2020-11-01
06 - Santé,101.1,101.7,0.6,100.7,101.6,0.9,Novembre,2020,2020-11-01
07 - Transport,103.0,102.3,-0.7,102.3,100.6,-1.7,Novembre,2020,2020-11-01
08 - Communication,104.0,103.9,-0.1,104.3,103.9,-0.4,Novembre,2020,2020-11-01
09 - Loisirs et culture,100.2,99.3,-0.9,100.4,99.4,-1.0,Novembre,2020,2020-11-01
10 - Enseignement,108.4,110.3,1.8,106.0,108.9,2.7,Novembre,2020,2020-11-01
11 - Restaurants et hôtels,103.3,104.1,0.8,102.4,103.5,1.1,Novembre,2020,2020-11-01
12 - Biens et services divers,102.8,104.3,1.5,102.6,104.0,1.4,Novembre,2020,2020-11-01
Ensemble,102.5,102.7,0.2,101.8,102.5,0.7,Novembre,2020,2020-11-01
Produits alimentaires,101.3,104.0,2.7,101.2,102.5,1.3,Octobre,2020,2020-10-01
01 - Produits alimentaires et boissons non alcoolisées,100.6,103.3,2.7,100.5,101.8,1.3,Octobre,2020,2020-10-01
02 - Boissons alcoolisées et tabac,120.2,122.6,2.0,120.2,120.9,0.6,Octobre,2020,2020-10-01
Produits non alimentaires,102.7,103.0,0.3,102.0,102.4,0.4,Octobre,2020,2020-10-01
03 - Articles d'habillement et chaussures,103.3,102.7,-0.6,102.2,102.6,0.4,Octobre,2020,2020-10-01
"04 - Logement, eau, électricité et autres combustibles",101.4,102.0,0.6,101.1,101.7,0.6,Octobre,2020,2020-10-01
"05 - Meubles, articles de ménage et entretien courant du foyer",100.5,101.0,0.5,100.6,100.8,0.2,Octobre,2020,2020-10-01
06 - Santé,100.9,101.6,0.7,100.6,101.6,1.0,Octobre,2020,2020-10-01
07 - Transport,103.3,102.2,-1.1,102.3,100.4,-1.9,Octobre,2020,2020-10-01
08 - Communication,104.1,104.0,-0.1,104.3,103.9,-0.4,Octobre,2020,2020-10-01
09 - Loisirs et culture,100.4,99.2,-1.2,100.4,99.4,-1.0,Octobre,2020,2020-10-01
10 - Enseignement,108.4,110.3,1.8,105.8,108.8,2.8,Octobre,2020,2020-10-01
11 - Restaurants et hôtels,103.1,103.9,0.8,102.4,103.5,1.1,Octobre,2020,2020-10-01
12 - Biens et services divers,102.8,104.1,1.3,102.6,103.9,1.3,Octobre,2020,2020-10-01
Ensemble,102.1,103.4,1.3,101.7,102.5,0.8,Octobre,2020,2020-10-01
Produits alimentaires,101.0,103.9,2.9,101.2,102.3,1.1,Septembre,2020,2020-09-01
01 - Produits alimentaires et boissons non alcoolisées,100.2,103.1,2.9,100.4,101.6,1.2,Septembre,2020,2020-09-01
02 - Boissons alcoolisées et tabac,120.2,122.6,2.0,120.2,120.7,0.4,Septembre,2020,2020-09-01
Produits non alimentaires,102.5,103.0,0.5,102.0,102.4,0.4,Septembre,2020,2020-09-01
03 - Articles d'habillement et chaussures,102.7,102.4,-0.3,102.1,102.6,0.5,Septembre,2020,2020-09-01
"04 - Logement, eau, électricité et autres combustibles",101.4,101.9,0.5,101.1,101.7,0.6,Septembre,2020,2020-09-01
"05 - Meubles, articles de ménage et entretien courant du foyer",100.7,100.9,0.2,100.6,100.7,0.1,Septembre,2020,2020-09-01
06 - Santé,100.9,101.6,0.7,100.6,101.6,1.0,Septembre,2020,2020-09-01
07 - Transport,102.8,102.6,-0.2,102.2,100.2,-2.0,Septembre,2020,2020-09-01
08 - Communication,104.2,104.0,-0.2,104.3,103.9,-0.4,Septembre,2020,2020-09-01
09 - Loisirs et culture,100.3,99.2,-1.1,100.4,99.4,-1.0,Septembre,2020,2020-09-01
10 - Enseignement,108.4,110.0,1.5,105.5,108.6,2.9,Septembre,2020,2020-09-01
11 - Restaurants et hôtels,103.1,103.7,0.6,102.3,103.4,1.1,Septembre,2020,2020-09-01
12 - Biens et services divers,102.8,104.1,1.3,102.6,103.9,1.3,Septembre,2020,2020-09-01
Ensemble,101.9,103.3,1.4,101.7,102.4,0.7,Septembre,2020,2020-09-01
Produits alimentaires,102.0,103.4,1.4,101.3,102.1,0.8,Août,2020,2020-08-01
01 - Produits alimentaires et boissons non alcoolisées,101.2,102.6,1.4,100.5,101.4,0.9,Août,2020,2020-08-01
02 - Boissons alcoolisées et tabac,120.2,122.6,2.0,120.2,120.5,0.2,Août,2020,2020-08-01
Produits non alimentaires,102.3,102.7,0.4,101.9,102.3,0.4,Août,2020,2020-08-01
03 - Articles d'habillement et chaussures,102.1,102.1,0.0,102.0,102.6,0.6,Août,2020,2020-08-01
"04 - Logement, eau, électricité et autres combustibles",101.4,101.9,0.5,101.0,101.7,0.7,Août,2020,2020-08-01
"05 - Meubles, articles de ménage et entretien courant du foyer",100.7,100.8,0.1,100.6,100.7,0.1,Août,2020,2020-08-01
06 - Santé,100.8,101.7,0.9,100.6,101.6,1.0,Août,2020,2020-08-01
07 - Transport,103.3,102.0,-1.3,102.1,99.9,-2.2,Août,2020,2020-08-01
08 - Communication,104.3,104.0,-0.3,104.4,103.9,-0.5,Août,2020,2020-08-01
09 - Loisirs et culture,100.2,99.1,-1.1,100.4,99.5,-0.9,Août,2020,2020-08-01
10 - Enseignement,105.1,108.4,3.1,105.1,108.5,3.2,Août,2020,2020-08-01
11 - Restaurants et hôtels,103.0,103.6,0.6,102.2,103.4,1.2,Août,2020,2020-08-01
12 - Biens et services divers,102.8,104.2,1.4,102.6,103.9,1.3,Août,2020,2020-08-01
Ensemble,102.1,103.0,0.9,101.6,102.3,0.7,Août,2020,2020-08-01
Produits alimentaires,101.1,100.0,-1.1,101.1,101.9,0.8,Juillet,2020,2020-07-01
01 - Produits alimentaires et boissons non alcoolisées,100.3,99.2,-1.1,100.4,101.2,0.8,Juillet,2020,2020-07-01
02 - Boissons alcoolisées et tabac,120.2,120.2,0.0,120.2,120.2,0.0,Juillet,2020,2020-07-01
Produits non alimentaires,102.1,102.6,0.5,101.8,102.2,0.4,Juillet,2020,2020-07-01
03 - Articles d'habillement et chaussures,102.0,102.3,0.3,102.0,102.7,0.7,Juillet,2020,2020-07-01
"04 - Logement, eau, électricité et autres combustibles",101.2,101.9,0.7,101.0,101.6,0.6,Juillet,2020,2020-07-01
"05 - Meubles, articles de ménage et entretien courant du foyer",100.7,100.8,0.1,100.6,100.7,0.1,Juillet,2020,2020-07-01
06 - Santé,100.7,101.6,0.9,100.5,101.6,1.1,Juillet,2020,2020-07-01
07 - Transport,103.1,101.4,-1.6,101.9,99.6,-2.3,Juillet,2020,2020-07-01
08 - Communication,104.3,103.9,-0.4,104.4,103.9,-0.5,Juillet,2020,2020-07-01
09 - Loisirs et culture,100.3,99.2,-1.1,100.4,99.5,-0.9,Juillet,2020,2020-07-01
10 - Enseignement,105.1,108.4,3.1,105.1,108.5,3.2,Juillet,2020,2020-07-01
11 - Restaurants et hôtels,102.8,103.5,0.7,102.1,103.3,1.2,Juillet,2020,2020-07-01
12 - Biens et services divers,102.6,104.0,1.4,102.5,103.8,1.3,Juillet,2020,2020-07-01
Ensemble,101.7,101.6,-0.1,101.6,102.1,0.5,Juillet,2020,2020-07-01
Produits alimentaires,103.3,101.6,-1.6,101.2,102.3,1.1,Juin,2020,2020-06-01
01 - Produits alimentaires et boissons non alcoolisées,102.6,100.8,-1.8,100.4,101.6,1.2,Juin,2020,2020-06-01
02 - Boissons alcoolisées et tabac,120.2,120.2,0.0,120.2,120.2,0.0,Juin,2020,2020-06-01
Produits non alimentaires,102.1,102.1,0.0,101.8,102.2,0.4,Juin,2020,2020-06-01
03 - Articles d'habillement et chaussures,102.0,102.4,0.4,102.0,102.8,0.8,Juin,2020,2020-06-01
"04 - Logement, eau, électricité et autres combustibles",101.0,101.8,0.8,100.9,101.6,0.7,Juin,2020,2020-06-01
"05 - Meubles, articles de ménage et entretien courant du foyer",100.7,100.8,0.1,100.6,100.7,0.1,Juin,2020,2020-06-01
06 - Santé,100.8,101.5,0.7,100.5,101.6,1.1,Juin,2020,2020-06-01
07 - Transport,103.3,98.4,-4.7,101.7,99.3,-2.4,Juin,2020,2020-06-01
08 - Communication,104.3,103.9,-0.4,104.4,103.9,-0.5,Juin,2020,2020-06-01
09 - Loisirs et culture,100.3,99.3,-1.0,100.4,99.6,-0.8,Juin,2020,2020-06-01
10 - Enseignement,105.1,108.4,3.1,105.1,108.5,3.2,Juin,2020,2020-06-01
11 - Restaurants et hôtels,102.3,103.3,1.0,101.9,103.3,1.4,Juin,2020,2020-06-01
12 - Biens et services divers,102.5,103.8,1.3,102.5,103.8,1.3,Juin,2020,2020-06-01
Ensemble,102.6,101.9,-0.7,101.5,102.2,0.7,Juin,2020,2020-06-01
Produits alimentaires,102.9,102.9,0.0,100.7,102.4,1.7,Mai,2020,2020-05-01
01 - Produits alimentaires et boissons non alcoolisées,102.2,102.3,0.1,99.9,101.7,1.8,Mai,2020,2020-05-01
02 - Boissons alcoolisées et tabac,120.2,120.2,0.0,120.2,120.2,0.0,Mai,2020,2020-05-01
Produits non alimentaires,102.1,101.7,-0.4,101.7,102.2,0.5,Mai,2020,2020-05-01
03 - Articles d'habillement et chaussures,102.2,102.7,0.5,102.0,102.8,0.8,Mai,2020,2020-05-01
"04 - Logement, eau, électricité et autres combustibles",101.0,101.7,0.7,100.9,101.5,0.6,Mai,2020,2020-05-01
"05 - Meubles, articles de ménage et entretien courant du foyer",100.6,100.8,0.2,100.6,100.6,0.0,Mai,2020,2020-05-01
06 - Santé,100.5,101.7,1.2,100.4,101.6,1.2,Mai,2020,2020-05-01
07 - Transport,103.4,95.9,-7.3,101.4,99.5,-1.9,Mai,2020,2020-05-01
08 - Communication,104.3,103.9,-0.4,104.4,103.9,-0.5,Mai,2020,2020-05-01
09 - Loisirs et culture,100.4,99.3,-1.1,100.4,99.6,-0.8,Mai,2020,2020-05-01
10 - Enseignement,105.1,108.5,3.2,105.1,108.5,3.2,Mai,2020,2020-05-01
11 - Restaurants et hôtels,102.0,103.2,1.2,101.9,103.3,1.4,Mai,2020,2020-05-01
12 - Biens et services divers,102.6,103.8,1.2,102.5,103.8,1.3,Mai,2020,2020-05-01
Ensemble,102.4,102.2,-0.2,101.3,102.3,1.0,Mai,2020,2020-05-01
Produits alimentaires,100.8,103.5,2.7,100.2,102.3,2.1,Avril,2020,2020-04-01
01 - Produits alimentaires et boissons non alcoolisées,100.0,102.9,2.9,99.4,101.6,2.2,Avril,2020,2020-04-01
02 - Boissons alcoolisées et tabac,120.2,120.2,0.0,120.2,120.2,0.0,Avril,2020,2020-04-01
Produits non alimentaires,101.9,101.6,-0.3,101.7,102.3,0.6,Avril,2020,2020-04-01
03 - Articles d'habillement et chaussures,101.7,102.6,0.9,102.0,102.9,0.9,Avril,2020,2020-04-01
"04 - Logement, eau, électricité et autres combustibles",101.0,101.5,0.5,100.9,101.5,0.6,Avril,2020,2020-04-01
"05 - Meubles, articles de ménage et entretien courant du foyer",100.6,100.7,0.1,100.6,100.6,0.0,Avril,2020,2020-04-01
06 - Santé,100.5,101.7,1.2,100.4,101.6,1.2,Avril,2020,2020-04-01
07 - Transport,102.5,96.0,-6.3,100.9,100.4,-0.5,Avril,2020,2020-04-01
08 - Communication,104.4,103.9,-0.5,104.4,103.9,-0.5,Avril,2020,2020-04-01
09 - Loisirs et culture,100.5,99.6,-0.9,100.5,99.7,-0.8,Avril,2020,2020-04-01
10 - Enseignement,105.1,108.5,3.2,105.2,108.5,3.1,Avril,2020,2020-04-01
11 - Restaurants et hôtels,102.0,103.3,1.3,101.8,103.3,1.5,Avril,2020,2020-04-01
12 - Biens et services divers,102.6,103.8,1.2,102.5,103.8,1.3,Avril,2020,2020-04-01
Ensemble,101.5,102.4,0.9,101.1,102.3,1.2,Avril,2020,2020-04-01
Produits alimentaires,125.8,129.3,2.8,126.1,128.4,1.8,Mars,2020,2020-03-01
01 - Produits alimentaires et boissons non alcoolisées,124.4,128.1,3.0,124.8,127.1,1.8,Mars,2020,2020-03-01
02 - Boissons alcoolisées et tabac,159.4,159.4,0.0,159.4,159.4,0.0,Mars,2020,2020-03-01
Produits non alimentaires,114.4,115.2,0.7,114.2,115.4,1.1,Mars,2020,2020-03-01
03 - Articles d'habillement et chaussures,117.1,118.9,1.5,117.4,119.0,1.4,Mars,2020,2020-03-01
"04 - Logement, eau, électricité et autres combustibles",117.1,117.7,0.5,117.0,117.6,0.5,Mars,2020,2020-03-01
"05 - Meubles, articles de ménage et entretien courant du foyer",112.1,112.7,0.5,112.1,112.6,0.4,Mars,2020,2020-03-01
06 - Santé,106.6,107.9,1.2,106.6,107.7,1.0,Mars,2020,2020-03-01
07 - Transport,111.5,109.9,-1.4,110.1,111.7,1.5,Mars,2020,2020-03-01
08 - Communication,59.6,59.5,-0.2,59.6,59.5,-0.2,Mars,2020,2020-03-01
09 - Loisirs et culture,100.8,101.6,0.8,100.2,101.6,1.4,Mars,2020,2020-03-01
10 - Enseignement,153.5,157.6,2.7,153.5,157.6,2.7,Mars,2020,2020-03-01
11 - Restaurants et hôtels,133.1,134.8,1.3,133.0,134.8,1.4,Mars,2020,2020-03-01
12 - Biens et services divers,123.0,124.6,1.3,123.0,124.6,1.3,Mars,2020,2020-03-01
Ensemble,119.5,121.3,1.5,119.5,121.1,1.3,Mars,2020,2020-03-01
Produits alimentaires,126.2,127.7,1.2,126.3,127.9,1.3,Février,2020,2020-02-01
01 - Produits alimentaires et boissons non alcoolisées,124.9,126.4,1.2,125.0,126.6,1.3,Février,2020,2020-02-01
02 - Boissons alcoolisées et tabac,159.4,159.4,0.0,159.4,159.4,0.0,Février,2020,2020-02-01
Produits non alimentaires,114.2,115.4,1.1,114.1,115.5,1.2,Février,2020,2020-02-01
03 - Articles d'habillement et chaussures,117.4,119.0,1.4,117.5,119.1,1.4,Février,2020,2020-02-01
"04 - Logement, eau, électricité et autres combustibles",117.0,117.6,0.5,117.0,117.6,0.5,Février,2020,2020-02-01
"05 - Meubles, articles de ménage et entretien courant du foyer",112.1,112.6,0.4,112.1,112.6,0.4,Février,2020,2020-02-01
06 - Santé,106.6,107.7,1.0,106.6,107.6,0.9,Février,2020,2020-02-01
07 - Transport,109.9,111.9,1.8,109.5,112.6,2.8,Février,2020,2020-02-01
08 - Communication,59.6,59.5,-0.2,59.6,59.5,-0.2,Février,2020,2020-02-01
09 - Loisirs et culture,100.0,101.6,1.6,99.9,101.6,1.7,Février,2020,2020-02-01
10 - Enseignement,153.5,157.6,2.7,153.5,157.6,2.7,Février,2020,2020-02-01
11 - Restaurants et hôtels,133.0,134.8,1.4,133.0,134.8,1.4,Février,2020,2020-02-01
12 - Biens et services divers,123.0,124.6,1.3,123.0,124.6,1.3,Février,2020,2020-02-01
Ensemble,119.5,120.8,1.1,119.5,121.0,1.3,Février,2020,2020-02-01
Produits alimentaires,128.6,128.1,-0.4,126.4,128.1,1.3,Janvier,2020,2020-01-01
01 - Produits alimentaires et boissons non alcoolisées,127.4,126.8,-0.5,125.1,126.8,1.4,Janvier,2020,2020-01-01
02 - Boissons alcoolisées et tabac,159.4,159.4,0.0,159.4,159.4,0.0,Janvier,2020,2020-01-01
Produits non alimentaires,115.4,115.6,0.2,114.0,115.6,1.4,Janvier,2020,2020-01-01
03 - Articles d'habillement et chaussures,119.1,119.1,0.0,117.6,119.1,1.3,Janvier,2020,2020-01-01
"04 - Logement, eau, électricité et autres combustibles",117.6,117.6,0.0,116.9,117.6,0.6,Janvier,2020,2020-01-01
"05 - Meubles, articles de ménage et entretien courant du foyer",112.7,112.6,-0.1,112.1,112.6,0.4,Janvier,2020,2020-01-01
06 - Santé,107.4,107.4,0.0,106.5,107.4,0.8,Janvier,2020,2020-01-01
07 - Transport,112.6,113.3,0.6,109.0,113.3,3.9,Janvier,2020,2020-01-01
08 - Communication,59.5,59.5,0.0,59.6,59.5,-0.2,Janvier,2020,2020-01-01
09 - Loisirs et culture,101.5,101.5,0.0,99.7,101.5,1.8,Janvier,2020,2020-01-01
10 - Enseignement,157.6,157.6,0.0,153.5,157.6,2.7,Janvier,2020,2020-01-01
11 - Restaurants et hôtels,134.7,134.8,0.1,133.0,134.8,1.4,Janvier,2020,2020-01-01
12 - Biens et services divers,123.9,124.6,0.6,123.0,124.6,1.3,Janvier,2020,2020-01-01
Ensemble,121.2,121.1,-0.1,119.5,121.1,1.3,Janvier,2020,2020-01-01
Produits alimentaires,127.0,128.6,1.3,128.3,127.6,-0.5,Décembre,2019,2019-12-01
01 - Produits alimentaires et boissons non alcoolisées,126.6,127.4,0.6,128.0,126.4,-1.3,Décembre,2019,2019-12-01
02 - Boissons alcoolisées et tabac,138.5,159.4,15.1,138.5,159.4,15.1,Décembre,2019,2019-12-01
Produits non alimentaires,114.2,115.4,1.1,113.8,114.8,0.9,Décembre,2019,2019-12-01
03 - Articles d'habillement et chaussures,117.7,119.1,1.2,116.8,118.0,1.0,Décembre,2019,2019-12-01
"04 - Logement, eau, électricité et autres combustibles",116.7,117.6,0.8,116.3,117.3,0.9,Décembre,2019,2019-12-01
"05 - Meubles, articles de ménage et entretien courant du foyer",111.4,112.7,1.2,110.9,112.3,1.3,Décembre,2019,2019-12-01
06 - Santé,106.4,107.4,0.9,105.7,106.9,1.1,Décembre,2019,2019-12-01
07 - Transport,110.5,112.6,1.9,112.2,112.2,0.0,Décembre,2019,2019-12-01
08 - Communication,59.6,59.5,-0.2,59.4,59.6,0.3,Décembre,2019,2019-12-01
09 - Loisirs et culture,99.7,101.5,1.8,99.5,101.0,1.5,Décembre,2019,2019-12-01
10 - Enseignement,153.5,157.6,2.7,150.1,154.7,3.1,Décembre,2019,2019-12-01
11 - Restaurants et hôtels,132.8,134.7,1.4,132.0,133.7,1.3,Décembre,2019,2019-12-01
12 - Biens et services divers,123.0,123.9,0.7,122.7,123.4,0.6,Décembre,2019,2019-12-01
Ensemble,119.8,121.2,1.2,120.1,120.4,0.2,Décembre,2019,2019-12-01
Produits alimentaires,128.6,128.6,0.0,128.5,127.6,-0.7,Novembre,2019,2019-11-01
01 - Produits alimentaires et boissons non alcoolisées,128.3,127.4,-0.7,128.1,126.3,-1.4,Novembre,2019,2019-11-01
02 - Boissons alcoolisées et tabac,138.5,159.4,15.1,138.5,159.4,15.1,Novembre,2019,2019-11-01
Produits non alimentaires,114.7,115.4,0.6,113.8,114.7,0.8,Novembre,2019,2019-11-01
03 - Articles d'habillement et chaussures,117.7,119.1,1.2,116.7,117.9,1.0,Novembre,2019,2019-11-01
"04 - Logement, eau, électricité et autres combustibles",116.7,117.7,0.9,116.2,117.3,0.9,Novembre,2019,2019-11-01
"05 - Meubles, articles de ménage et entretien courant du foyer",111.4,112.3,0.8,110.8,112.3,1.4,Novembre,2019,2019-11-01
06 - Santé,106.3,107.4,1.0,105.7,106.8,1.0,Novembre,2019,2019-11-01
07 - Transport,113.1,112.8,-0.3,112.3,112.1,-0.2,Novembre,2019,2019-11-01
08 - Communication,59.6,59.5,-0.2,59.4,59.6,0.3,Novembre,2019,2019-11-01
09 - Loisirs et culture,99.7,101.5,1.8,99.5,101.0,1.5,Novembre,2019,2019-11-01
10 - Enseignement,153.5,157.6,2.7,149.8,154.5,3.1,Novembre,2019,2019-11-01
11 - Restaurants et hôtels,132.7,134.7,1.5,132.0,133.6,1.2,Novembre,2019,2019-11-01
12 - Biens et services divers,123.0,123.8,0.7,122.7,123.4,0.6,Novembre,2019,2019-11-01
Ensemble,120.7,121.2,0.4,120.1,120.4,0.2,Novembre,2019,2019-11-01
Produits alimentaires,126.6,127.3,0.6,128.4,127.5,-0.7,Octobre,2019,2019-10-01
01 - Produits alimentaires et boissons non alcoolisées,126.1,126.1,0.0,128.1,126.2,-1.5,Octobre,2019,2019-10-01
02 - Boissons alcoolisées et tabac,138.5,159.4,15.1,138.5,159.4,15.1,Octobre,2019,2019-10-01
Produits non alimentaires,114.5,115.4,0.8,113.7,114.7,0.9,Octobre,2019,2019-10-01
03 - Articles d'habillement et chaussures,117.3,118.9,1.4,116.6,117.8,1.0,Octobre,2019,2019-10-01
"04 - Logement, eau, électricité et autres combustibles",116.7,117.7,0.9,116.2,117.3,0.9,Octobre,2019,2019-10-01
"05 - Meubles, articles de ménage et entretien courant du foyer",111.4,112.2,0.7,110.7,112.3,1.4,Octobre,2019,2019-10-01
06 - Santé,105.9,107.2,1.2,105.6,106.8,1.1,Octobre,2019,2019-10-01
07 - Transport,113.5,113.3,-0.2,112.3,112.1,-0.2,Octobre,2019,2019-10-01
08 - Communication,59.6,59.7,0.2,59.4,59.6,0.3,Octobre,2019,2019-10-01
09 - Loisirs et culture,99.7,101.5,1.8,99.5,100.9,1.4,Octobre,2019,2019-10-01
10 - Enseignement,153.5,157.0,2.3,149.4,154.2,3.2,Octobre,2019,2019-10-01
11 - Restaurants et hôtels,132.6,134.4,1.4,131.9,133.5,1.2,Octobre,2019,2019-10-01
12 - Biens et services divers,123.0,123.8,0.7,122.6,123.4,0.7,Octobre,2019,2019-10-01
Ensemble,119.9,120.7,0.7,120.0,120.3,0.3,Octobre,2019,2019-10-01
Produits alimentaires,127.2,126.8,-0.3,128.6,127.5,-0.9,Septembre,2019,2019-09-01
01 - Produits alimentaires et boissons non alcoolisées,126.8,125.5,-1.0,128.3,126.2,-1.6,Septembre,2019,2019-09-01
02 - Boissons alcoolisées et tabac,138.5,159.4,15.1,138.5,159.4,15.1,Septembre,2019,2019-09-01
Produits non alimentaires,114.4,115.1,0.6,113.6,114.6,0.9,Septembre,2019,2019-09-01
03 - Articles d'habillement et chaussures,117.1,118.4,1.1,116.6,117.6,0.9,Septembre,2019,2019-09-01
"04 - Logement, eau, électricité et autres combustibles",116.7,117.6,0.8,116.1,117.2,0.9,Septembre,2019,2019-09-01
"05 - Meubles, articles de ménage et entretien courant du foyer",111.3,112.7,1.3,110.7,112.3,1.4,Septembre,2019,2019-09-01
06 - Santé,105.7,106.9,1.1,105.6,106.7,1.0,Septembre,2019,2019-09-01
07 - Transport,113.0,112.7,-0.3,112.1,111.9,-0.2,Septembre,2019,2019-09-01
08 - Communication,59.2,59.7,0.8,59.3,59.6,0.5,Septembre,2019,2019-09-01
09 - Loisirs et culture,99.6,101.5,1.9,99.4,100.9,1.5,Septembre,2019,2019-09-01
10 - Enseignement,153.4,156.6,2.1,149.0,153.8,3.2,Septembre,2019,2019-09-01
11 - Restaurants et hôtels,132.5,134.0,1.1,131.8,133.3,1.1,Septembre,2019,2019-09-01
12 - Biens et services divers,122.9,123.7,0.7,122.6,123.3,0.6,Septembre,2019,2019-09-01
Ensemble,120.0,120.3,0.3,120.0,120.2,0.2,Septembre,2019,2019-09-01
Produits alimentaires,127.5,128.1,0.5,128.8,127.6,-0.9,Août,2019,2019-08-01
01 - Produits alimentaires et boissons non alcoolisées,127.1,126.8,-0.2,128.5,126.3,-1.7,Août,2019,2019-08-01
02 - Boissons alcoolisées et tabac,138.5,159.4,15.1,138.5,159.4,15.1,Août,2019,2019-08-01
Produits non alimentaires,113.8,114.9,1.0,113.5,114.5,0.9,Août,2019,2019-08-01
03 - Articles d'habillement et chaussures,116.7,117.9,1.0,116.5,117.5,0.9,Août,2019,2019-08-01
"04 - Logement, eau, électricité et autres combustibles",116.5,117.6,0.9,116.0,117.2,1.0,Août,2019,2019-08-01
"05 - Meubles, articles de ménage et entretien courant du foyer",111.2,112.5,1.2,110.6,112.2,1.4,Août,2019,2019-08-01
06 - Santé,105.6,106.9,1.2,105.6,106.7,1.0,Août,2019,2019-08-01
07 - Transport,112.6,113.1,0.4,112.0,111.8,-0.2,Août,2019,2019-08-01
08 - Communication,59.2,59.7,0.8,59.4,59.6,0.3,Août,2019,2019-08-01
09 - Loisirs et culture,99.6,101.4,1.8,99.4,100.8,1.4,Août,2019,2019-08-01
10 - Enseignement,148.4,153.5,3.4,148.4,153.5,3.4,Août,2019,2019-08-01
11 - Restaurants et hôtels,132.3,133.9,1.2,131.7,133.3,1.2,Août,2019,2019-08-01
12 - Biens et services divers,122.8,123.6,0.7,122.6,123.3,0.6,Août,2019,2019-08-01
Ensemble,119.7,120.6,0.8,120.0,120.2,0.2,Août,2019,2019-08-01
Produits alimentaires,127.8,127.2,-0.5,129.0,127.5,-1.2,Juillet,2019,2019-07-01
01 - Produits alimentaires et boissons non alcoolisées,127.4,125.9,-1.2,128.7,126.2,-1.9,Juillet,2019,2019-07-01
02 - Boissons alcoolisées et tabac,138.5,159.4,15.1,138.5,159.4,15.1,Juillet,2019,2019-07-01
Produits non alimentaires,113.7,114.7,0.9,113.5,114.5,0.9,Juillet,2019,2019-07-01
03 - Articles d'habillement et chaussures,116.7,117.7,0.9,116.5,117.5,0.9,Juillet,2019,2019-07-01
"04 - Logement, eau, électricité et autres combustibles",116.3,117.4,0.9,116.0,117.1,0.9,Juillet,2019,2019-07-01
"05 - Meubles, articles de ménage et entretien courant du foyer",111.3,112.2,0.8,110.5,112.2,1.5,Juillet,2019,2019-07-01
06 - Santé,105.6,106.8,1.1,105.6,106.6,0.9,Juillet,2019,2019-07-01
07 - Transport,112.7,112.7,0.0,111.9,111.6,-0.3,Juillet,2019,2019-07-01
08 - Communication,59.2,59.7,0.8,59.4,59.6,0.3,Juillet,2019,2019-07-01
09 - Loisirs et culture,99.5,101.3,1.8,99.4,100.7,1.3,Juillet,2019,2019-07-01
10 - Enseignement,148.4,153.5,3.4,148.4,153.5,3.4,Juillet,2019,2019-07-01
11 - Restaurants et hôtels,132.6,133.5,0.7,131.6,133.2,1.2,Juillet,2019,2019-07-01
12 - Biens et services divers,122.9,123.5,0.5,122.5,123.2,0.6,Juillet,2019,2019-07-01
Ensemble,119.8,120.2,0.3,120.1,120.2,0.1,Juillet,2019,2019-07-01
Produits alimentaires,130.7,129.8,-0.7,129.2,127.5,-1.3,Juin,2019,2019-06-01
01 - Produits alimentaires et boissons non alcoolisées,130.4,128.6,-1.4,128.9,126.2,-2.1,Juin,2019,2019-06-01
02 - Boissons alcoolisées et tabac,138.5,159.4,15.1,138.5,159.4,15.1,Juin,2019,2019-06-01
Produits non alimentaires,113.8,114.8,0.9,113.5,114.4,0.8,Juin,2019,2019-06-01
03 - Articles d'habillement et chaussures,116.9,117.7,0.7,116.4,117.4,0.9,Juin,2019,2019-06-01
"04 - Logement, eau, électricité et autres combustibles",116.1,117.2,0.9,115.9,117.1,1.0,Juin,2019,2019-06-01
"05 - Meubles, articles de ménage et entretien courant du foyer",110.8,112.4,1.4,110.4,112.2,1.6,Juin,2019,2019-06-01
06 - Santé,105.6,106.8,1.1,105.6,106.6,0.9,Juin,2019,2019-06-01
07 - Transport,112.7,112.9,0.2,111.8,111.5,-0.3,Juin,2019,2019-06-01
08 - Communication,59.4,59.6,0.3,59.4,59.6,0.3,Juin,2019,2019-06-01
09 - Loisirs et culture,99.5,101.2,1.7,99.4,100.6,1.2,Juin,2019,2019-06-01
10 - Enseignement,148.4,153.5,3.4,148.4,153.5,3.4,Juin,2019,2019-06-01
11 - Restaurants et hôtels,132.4,133.4,0.8,131.5,133.1,1.2,Juin,2019,2019-06-01
12 - Biens et services divers,122.7,123.4,0.6,122.5,123.2,0.6,Juin,2019,2019-06-01
Ensemble,120.9,121.2,0.2,120.1,120.2,0.1,Juin,2019,2019-06-01
Produits alimentaires,130.3,129.4,-0.7,128.9,127.1,-1.4,Mai,2019,2019-05-01
01 - Produits alimentaires et boissons non alcoolisées,130.0,128.2,-1.4,128.6,125.8,-2.2,Mai,2019,2019-05-01
02 - Boissons alcoolisées et tabac,138.5,159.4,15.1,138.5,159.4,15.1,Mai,2019,2019-05-01
Produits non alimentaires,113.7,114.7,0.9,113.4,114.3,0.8,Mai,2019,2019-05-01
03 - Articles d'habillement et chaussures,116.3,117.8,1.3,116.3,117.4,0.9,Mai,2019,2019-05-01
"04 - Logement, eau, électricité et autres combustibles",116.1,117.2,0.9,115.9,117.1,1.0,Mai,2019,2019-05-01
"05 - Meubles, articles de ménage et entretien courant du foyer",110.7,112.3,1.4,110.3,112.2,1.7,Mai,2019,2019-05-01
06 - Santé,105.6,106.6,0.9,105.5,106.6,1.0,Mai,2019,2019-05-01
07 - Transport,112.2,113.2,0.9,111.6,111.2,-0.4,Mai,2019,2019-05-01
08 - Communication,59.4,59.6,0.3,59.4,59.6,0.3,Mai,2019,2019-05-01
09 - Loisirs et culture,99.5,100.9,1.4,99.3,100.5,1.2,Mai,2019,2019-05-01
10 - Enseignement,148.4,153.5,3.4,148.4,153.5,3.4,Mai,2019,2019-05-01
11 - Restaurants et hôtels,131.9,133.0,0.8,131.3,133.1,1.4,Mai,2019,2019-05-01
12 - Biens et services divers,122.7,123.3,0.5,122.4,123.1,0.6,Mai,2019,2019-05-01
Ensemble,120.6,121.0,0.3,120.0,119.9,-0.1,Mai,2019,2019-05-01
Produits alimentaires,129.0,127.5,-1.2,128.6,126.5,-1.6,Avril,2019,2019-04-01
01 - Produits alimentaires et boissons non alcoolisées,128.6,126.2,-1.9,128.3,125.2,-2.4,Avril,2019,2019-04-01
02 - Boissons alcoolisées et tabac,138.5,159.4,15.1,138.5,159.4,15.1,Avril,2019,2019-04-01
Produits non alimentaires,113.5,114.4,0.8,113.3,114.3,0.9,Avril,2019,2019-04-01
03 - Articles d'habillement et chaussures,116.0,117.0,0.9,116.3,117.3,0.9,Avril,2019,2019-04-01
"04 - Logement, eau, électricité et autres combustibles",116.0,117.1,0.9,115.8,117.0,1.0,Avril,2019,2019-04-01
"05 - Meubles, articles de ménage et entretien courant du foyer",110.3,112.2,1.7,110.2,112.1,1.7,Avril,2019,2019-04-01
06 - Santé,105.6,106.6,0.9,105.5,106.6,1.0,Avril,2019,2019-04-01
07 - Transport,111.8,112.3,0.4,111.5,110.7,-0.7,Avril,2019,2019-04-01
08 - Communication,59.4,59.6,0.3,59.4,59.6,0.3,Avril,2019,2019-04-01
09 - Loisirs et culture,99.5,101.0,1.5,99.3,100.4,1.1,Avril,2019,2019-04-01
10 - Enseignement,148.4,153.5,3.4,148.4,153.5,3.4,Avril,2019,2019-04-01
11 - Restaurants et hôtels,131.8,133.2,1.1,131.2,133.1,1.4,Avril,2019,2019-04-01
12 - Biens et services divers,122.7,123.3,0.5,122.3,123.1,0.7,Avril,2019,2019-04-01
Ensemble,120.0,120.2,0.2,119.8,119.7,-0.1,Avril,2019,2019-04-01
Produits alimentaires,128.1,125.8,-1.8,128.4,126.1,-1.8,Mars,2019,2019-03-01
01 - Produits alimentaires et boissons non alcoolisées,127.8,124.4,-2.7,128.1,124.8,-2.6,Mars,2019,2019-03-01
02 - Boissons alcoolisées et tabac,138.5,159.4,15.1,138.5,159.4,15.1,Mars,2019,2019-03-01
Produits non alimentaires,113.2,114.4,1.1,113.2,114.2,0.9,Mars,2019,2019-03-01
03 - Articles d'habillement et chaussures,116.4,117.1,0.6,116.4,117.4,0.9,Mars,2019,2019-03-01
"04 - Logement, eau, électricité et autres combustibles",115.9,117.1,1.0,115.8,117.0,1.0,Mars,2019,2019-03-01
"05 - Meubles, articles de ménage et entretien courant du foyer",110.2,112.1,1.7,110.1,112.1,1.8,Mars,2019,2019-03-01
06 - Santé,105.5,106.6,1.0,105.5,106.6,1.0,Mars,2019,2019-03-01
07 - Transport,111.0,111.5,0.5,111.4,110.1,-1.2,Mars,2019,2019-03-01
08 - Communication,59.4,59.6,0.3,59.4,59.6,0.3,Mars,2019,2019-03-01
09 - Loisirs et culture,99.4,100.8,1.4,99.2,100.2,1.0,Mars,2019,2019-03-01
10 - Enseignement,148.4,153.5,3.4,148.4,153.5,3.4,Mars,2019,2019-03-01
11 - Restaurants et hôtels,131.1,133.1,1.5,130.9,133.0,1.6,Mars,2019,2019-03-01
12 - Biens et services divers,122.3,123.0,0.6,122.2,123.0,0.7,Mars,2019,2019-03-01
Ensemble,119.6,119.5,-0.1,119.7,119.5,-0.2,Mars,2019,2019-03-01
Produits alimentaires,127.8,126.2,-1.3,128.6,126.3,-1.8,Février,2019,2019-02-01
01 - Produits alimentaires et boissons non alcoolisées,127.5,124.9,-2.0,128.3,125.0,-2.6,Février,2019,2019-02-01
02 - Boissons alcoolisées et tabac,138.5,159.4,15.1,138.5,159.4,15.1,Février,2019,2019-02-01
Produits non alimentaires,113.2,114.2,0.9,113.3,114.1,0.7,Février,2019,2019-02-01
03 - Articles d'habillement et chaussures,116.3,117.4,0.9,116.5,117.5,0.9,Février,2019,2019-02-01
"04 - Logement, eau, électricité et autres combustibles",115.7,117.0,1.1,115.7,117.0,1.1,Février,2019,2019-02-01
"05 - Meubles, articles de ménage et entretien courant du foyer",110.2,112.1,1.7,110.1,112.1,1.8,Février,2019,2019-02-01
06 - Santé,105.5,106.6,1.0,105.5,106.6,1.0,Février,2019,2019-02-01
07 - Transport,111.6,109.9,-1.5,111.6,109.5,-1.9,Février,2019,2019-02-01
08 - Communication,59.4,59.6,0.3,59.4,59.6,0.3,Février,2019,2019-02-01
09 - Loisirs et culture,99.4,100.0,0.6,99.1,99.9,0.8,Février,2019,2019-02-01
10 - Enseignement,148.4,153.5,3.4,148.4,153.5,3.4,Février,2019,2019-02-01
11 - Restaurants et hôtels,130.9,133.0,1.6,130.9,133.0,1.6,Février,2019,2019-02-01
12 - Biens et services divers,122.1,123.0,0.7,122.2,123.0,0.7,Février,2019,2019-02-01
Ensemble,119.5,119.5,0.0,119.8,119.5,-0.3,Février,2019,2019-02-01
Produits alimentaires,127.0,126.4,-0.5,129.4,126.4,-2.3,Janvier,2019,2019-01-01
01 - Produits alimentaires et boissons non alcoolisées,126.6,125.1,-1.2,129.1,125.1,-3.1,Janvier,2019,2019-01-01
02 - Boissons alcoolisées et tabac,138.5,159.4,15.1,138.5,159.4,15.1,Janvier,2019,2019-01-01
Produits non alimentaires,114.2,114.0,-0.2,113.3,114.0,0.6,Janvier,2019,2019-01-01
03 - Articles d'habillement et chaussures,117.7,117.6,-0.1,116.6,117.6,0.9,Janvier,2019,2019-01-01
"04 - Logement, eau, électricité et autres combustibles",116.7,116.9,0.2,115.7,116.9,1.0,Janvier,2019,2019-01-01
"05 - Meubles, articles de ménage et entretien courant du foyer",111.4,112.1,0.6,110.0,112.1,1.9,Janvier,2019,2019-01-01
06 - Santé,106.4,106.5,0.1,105.5,106.5,0.9,Janvier,2019,2019-01-01
07 - Transport,110.5,109.0,-1.4,111.6,109.0,-2.3,Janvier,2019,2019-01-01
08 - Communication,59.6,59.6,0.0,59.4,59.6,0.3,Janvier,2019,2019-01-01
09 - Loisirs et culture,99.7,99.7,0.0,98.8,99.7,0.9,Janvier,2019,2019-01-01
10 - Enseignement,153.5,153.5,0.0,148.4,153.5,3.4,Janvier,2019,2019-01-01
11 - Restaurants et hôtels,132.8,133.0,0.2,130.8,133.0,1.7,Janvier,2019,2019-01-01
12 - Biens et services divers,123.0,123.0,0.0,122.2,123.0,0.7,Janvier,2019,2019-01-01
Ensemble,119.8,119.5,-0.3,120.1,119.5,-0.5,Janvier,2019,2019-01-01
Produits alimentaires,130.1,127.0,-2.4,126.6,128.3,1.3,Décembre,2018,2018-12-01
01 - Produits alimentaires et boissons non alcoolisées,130.3,126.6,-2.8,126.8,128.0,0.9,Décembre,2018,2018-12-01
02 - Boissons alcoolisées et tabac,125.3,138.5,10.5,124.0,138.5,11.7,Décembre,2018,2018-12-01
Produits non alimentaires,112.3,114.2,1.7,111.8,113.8,1.8,Décembre,2018,2018-12-01
03 - Articles d'habillement et chaussures,116.6,117.7,0.9,115.7,116.8,1.0,Décembre,2018,2018-12-01
"04 - Logement, eau, électricité et autres combustibles",115.6,116.7,1.0,115.3,116.3,0.9,Décembre,2018,2018-12-01
"05 - Meubles, articles de ménage et entretien courant du foyer",110.0,111.4,1.3,109.8,110.9,1.0,Décembre,2018,2018-12-01
06 - Santé,105.5,106.4,0.9,105.2,105.7,0.5,Décembre,2018,2018-12-01
07 - Transport,111.3,110.5,-0.7,110.7,112.2,1.4,Décembre,2018,2018-12-01
08 - Communication,59.4,59.6,0.3,59.4,59.4,0.0,Décembre,2018,2018-12-01
09 - Loisirs et culture,98.9,99.7,0.8,98.7,99.5,0.8,Décembre,2018,2018-12-01
10 - Enseignement,148.4,153.5,3.4,146.5,150.1,2.5,Décembre,2018,2018-12-01
11 - Restaurants et hôtels,130.6,132.8,1.7,129.6,132.0,1.9,Décembre,2018,2018-12-01
12 - Biens et services divers,115.7,123.0,6.3,115.2,122.7,6.5,Décembre,2018,2018-12-01
Ensemble,119.7,119.8,0.1,117.9,120.1,1.9,Décembre,2018,2018-12-01
Produits alimentaires,128.7,128.6,-0.1,126.3,128.5,1.7,Novembre,2018,2018-11-01
01 - Produits alimentaires et boissons non alcoolisées,128.9,128.3,-0.5,126.5,128.1,1.3,Novembre,2018,2018-11-01
02 - Boissons alcoolisées et tabac,125.3,138.5,10.5,123.9,138.5,11.8,Novembre,2018,2018-11-01
Produits non alimentaires,112.4,114.7,2.0,111.7,113.8,1.9,Novembre,2018,2018-11-01
03 - Articles d'habillement et chaussures,116.4,117.7,1.1,115.6,116.7,1.0,Novembre,2018,2018-11-01
"04 - Logement, eau, électricité et autres combustibles",115.6,116.7,1.0,115.2,116.2,0.9,Novembre,2018,2018-11-01
"05 - Meubles, articles de ménage et entretien courant du foyer",109.9,111.4,1.4,109.8,110.8,0.9,Novembre,2018,2018-11-01
06 - Santé,105.5,106.3,0.8,105.2,105.7,0.5,Novembre,2018,2018-11-01
07 - Transport,111.5,113.1,1.4,110.6,112.3,1.5,Novembre,2018,2018-11-01
08 - Communication,59.4,59.6,0.3,59.4,59.4,0.0,Novembre,2018,2018-11-01
09 - Loisirs et culture,98.9,99.7,0.8,98.7,99.5,0.8,Novembre,2018,2018-11-01
10 - Enseignement,148.4,153.5,3.4,146.3,149.8,2.4,Novembre,2018,2018-11-01
11 - Restaurants et hôtels,130.6,132.7,1.6,129.5,132.0,1.9,Novembre,2018,2018-11-01
12 - Biens et services divers,115.6,123.0,6.4,115.1,122.7,6.6,Novembre,2018,2018-11-01
Ensemble,119.1,120.7,1.3,117.8,120.1,2.0,Novembre,2018,2018-11-01
Produits alimentaires,127.6,126.6,-0.8,126.1,128.4,1.8,Octobre,2018,2018-10-01
01 - Produits alimentaires et boissons non alcoolisées,127.7,126.1,-1.3,126.2,128.1,1.5,Octobre,2018,2018-10-01
02 - Boissons alcoolisées et tabac,125.3,138.5,10.5,123.8,138.5,11.9,Octobre,2018,2018-10-01
Produits non alimentaires,112.2,114.5,2.0,111.7,113.7,1.8,Octobre,2018,2018-10-01
03 - Articles d'habillement et chaussures,116.1,117.3,1.0,115.5,116.6,1.0,Octobre,2018,2018-10-01
"04 - Logement, eau, électricité et autres combustibles",115.6,116.7,1.0,115.2,116.2,0.9,Octobre,2018,2018-10-01
"05 - Meubles, articles de ménage et entretien courant du foyer",109.9,111.4,1.4,109.7,110.7,0.9,Octobre,2018,2018-10-01
06 - Santé,105.4,105.9,0.5,105.1,105.6,0.5,Octobre,2018,2018-10-01
07 - Transport,111.0,113.5,2.3,110.5,112.3,1.6,Octobre,2018,2018-10-01
08 - Communication,59.4,59.6,0.3,59.4,59.4,0.0,Octobre,2018,2018-10-01
09 - Loisirs et culture,98.9,99.7,0.8,98.7,99.5,0.8,Octobre,2018,2018-10-01
10 - Enseignement,148.4,153.5,3.4,146.1,149.4,2.3,Octobre,2018,2018-10-01
11 - Restaurants et hôtels,130.6,132.6,1.5,129.4,131.9,1.9,Octobre,2018,2018-10-01
12 - Biens et services divers,115.5,123.0,6.5,115.1,122.6,6.5,Octobre,2018,2018-10-01
Ensemble,118.6,119.9,1.1,117.6,120.0,2.0,Octobre,2018,2018-10-01
Produits alimentaires,128.0,127.2,-0.6,125.9,128.6,2.1,Septembre,2018,2018-09-01
01 - Produits alimentaires et boissons non alcoolisées,128.1,126.8,-1.0,126.0,128.3,1.8,Septembre,2018,2018-09-01
02 - Boissons alcoolisées et tabac,125.3,138.5,10.5,123.6,138.5,12.1,Septembre,2018,2018-09-01
Produits non alimentaires,112.1,114.4,2.1,111.6,113.6,1.8,Septembre,2018,2018-09-01
03 - Articles d'habillement et chaussures,115.8,117.1,1.1,115.5,116.6,1.0,Septembre,2018,2018-09-01
"04 - Logement, eau, électricité et autres combustibles",115.4,116.7,1.1,115.1,116.1,0.9,Septembre,2018,2018-09-01
"05 - Meubles, articles de ménage et entretien courant du foyer",109.9,111.3,1.3,109.7,110.7,0.9,Septembre,2018,2018-09-01
06 - Santé,105.3,105.7,0.4,105.1,105.6,0.5,Septembre,2018,2018-09-01
07 - Transport,110.7,113.0,2.1,110.4,112.1,1.5,Septembre,2018,2018-09-01
08 - Communication,59.4,59.2,-0.3,59.4,59.3,-0.2,Septembre,2018,2018-09-01
09 - Loisirs et culture,98.8,99.6,0.8,98.7,99.4,0.7,Septembre,2018,2018-09-01
10 - Enseignement,148.4,153.4,3.4,145.8,149.0,2.2,Septembre,2018,2018-09-01
11 - Restaurants et hôtels,130.7,132.5,1.4,129.2,131.8,2.0,Septembre,2018,2018-09-01
12 - Biens et services divers,115.6,122.9,6.3,115.1,122.6,6.5,Septembre,2018,2018-09-01
Ensemble,118.7,120.0,1.1,117.5,120.0,2.1,Septembre,2018,2018-09-01
Produits alimentaires,126.1,127.5,1.1,125.7,128.8,2.5,Août,2018,2018-08-01
01 - Produits alimentaires et boissons non alcoolisées,126.2,127.1,0.7,125.8,128.5,2.1,Août,2018,2018-08-01
02 - Boissons alcoolisées et tabac,125.3,138.5,10.5,123.4,138.5,12.2,Août,2018,2018-08-01
Produits non alimentaires,111.7,113.8,1.9,111.6,113.5,1.7,Août,2018,2018-08-01
03 - Articles d'habillement et chaussures,115.6,116.7,1.0,115.4,116.5,1.0,Août,2018,2018-08-01
"04 - Logement, eau, électricité et autres combustibles",115.3,116.5,1.0,115.1,116.0,0.8,Août,2018,2018-08-01
"05 - Meubles, articles de ménage et entretien courant du foyer",109.9,111.2,1.2,109.7,110.6,0.8,Août,2018,2018-08-01
06 - Santé,105.3,105.6,0.3,105.1,105.6,0.5,Août,2018,2018-08-01
07 - Transport,110.2,112.6,2.2,110.4,112.0,1.4,Août,2018,2018-08-01
08 - Communication,59.4,59.2,-0.3,59.4,59.4,0.0,Août,2018,2018-08-01
09 - Loisirs et culture,98.8,99.6,0.8,98.7,99.4,0.7,Août,2018,2018-08-01
10 - Enseignement,145.5,148.4,2.0,145.5,148.4,2.0,Août,2018,2018-08-01
11 - Restaurants et hôtels,130.2,132.3,1.6,129.1,131.7,2.0,Août,2018,2018-08-01
12 - Biens et services divers,115.3,122.8,6.5,115.0,122.6,6.6,Août,2018,2018-08-01
Ensemble,117.7,119.7,1.7,117.4,120.0,2.2,Août,2018,2018-08-01
Produits alimentaires,125.5,127.8,1.8,125.6,129.0,2.7,Juillet,2018,2018-07-01
01 - Produits alimentaires et boissons non alcoolisées,125.5,127.4,1.5,125.7,128.7,2.4,Juillet,2018,2018-07-01
02 - Boissons alcoolisées et tabac,125.3,138.5,10.5,123.1,138.5,12.5,Juillet,2018,2018-07-01
Produits non alimentaires,111.5,113.7,2.0,111.5,113.5,1.8,Juillet,2018,2018-07-01
03 - Articles d'habillement et chaussures,115.7,116.7,0.9,115.4,116.5,1.0,Juillet,2018,2018-07-01
"04 - Logement, eau, électricité et autres combustibles",115.2,116.3,1.0,115.1,116.0,0.8,Juillet,2018,2018-07-01
"05 - Meubles, articles de ménage et entretien courant du foyer",109.8,111.3,1.4,109.7,110.5,0.7,Juillet,2018,2018-07-01
06 - Santé,105.2,105.6,0.4,105.0,105.6,0.6,Juillet,2018,2018-07-01
07 - Transport,109.5,112.7,2.9,110.4,111.9,1.4,Juillet,2018,2018-07-01
08 - Communication,59.4,59.2,-0.3,59.4,59.4,0.0,Juillet,2018,2018-07-01
09 - Loisirs et culture,98.7,99.5,0.8,98.7,99.4,0.7,Juillet,2018,2018-07-01
10 - Enseignement,145.5,148.4,2.0,145.5,148.4,2.0,Juillet,2018,2018-07-01
11 - Restaurants et hôtels,129.6,132.6,2.3,128.9,131.6,2.1,Juillet,2018,2018-07-01
12 - Biens et services divers,115.2,122.9,6.7,114.9,122.5,6.6,Juillet,2018,2018-07-01
Ensemble,117.3,119.8,2.1,117.3,120.1,2.4,Juillet,2018,2018-07-01
Produits alimentaires,126.8,130.7,3.1,125.6,129.2,2.9,Juin,2018,2018-06-01
01 - Produits alimentaires et boissons non alcoolisées,127.1,130.4,2.6,125.8,128.9,2.5,Juin,2018,2018-06-01
02 - Boissons alcoolisées et tabac,122.8,138.5,12.8,122.8,138.5,12.8,Juin,2018,2018-06-01
Produits non alimentaires,111.6,113.8,2.0,111.6,113.5,1.7,Juin,2018,2018-06-01
03 - Articles d'habillement et chaussures,115.7,116.9,1.0,115.3,116.4,1.0,Juin,2018,2018-06-01
"04 - Logement, eau, électricité et autres combustibles",115.2,116.1,0.8,115.1,115.9,0.7,Juin,2018,2018-06-01
"05 - Meubles, articles de ménage et entretien courant du foyer",109.7,110.8,1.0,109.7,110.4,0.6,Juin,2018,2018-06-01
06 - Santé,105.2,105.6,0.4,105.0,105.6,0.6,Juin,2018,2018-06-01
07 - Transport,110.1,112.7,2.4,110.6,111.8,1.1,Juin,2018,2018-06-01
08 - Communication,59.4,59.4,0.0,59.4,59.4,0.0,Juin,2018,2018-06-01
09 - Loisirs et culture,98.7,99.5,0.8,98.7,99.4,0.7,Juin,2018,2018-06-01
10 - Enseignement,145.5,148.4,2.0,145.5,148.4,2.0,Juin,2018,2018-06-01
11 - Restaurants et hôtels,129.6,132.4,2.2,128.8,131.5,2.1,Juin,2018,2018-06-01
12 - Biens et services divers,115.3,122.7,6.4,114.9,122.5,6.6,Juin,2018,2018-06-01
Ensemble,117.9,120.9,2.5,117.4,120.1,2.3,Juin,2018,2018-06-01
Produits alimentaires,126.0,130.3,3.4,125.4,128.9,2.8,Mai,2018,2018-05-01
01 - Produits alimentaires et boissons non alcoolisées,126.1,130.0,3.1,125.5,128.6,2.5,Mai,2018,2018-05-01
02 - Boissons alcoolisées et tabac,122.8,138.5,12.8,122.8,138.5,12.8,Mai,2018,2018-05-01
Produits non alimentaires,111.6,113.7,1.9,111.5,113.4,1.7,Mai,2018,2018-05-01
03 - Articles d'habillement et chaussures,115.2,116.3,1.0,115.3,116.3,0.9,Mai,2018,2018-05-01
"04 - Logement, eau, électricité et autres combustibles",115.1,116.1,0.9,115.0,115.9,0.8,Mai,2018,2018-05-01
"05 - Meubles, articles de ménage et entretien courant du foyer",109.6,110.7,1.0,109.6,110.3,0.6,Mai,2018,2018-05-01
06 - Santé,105.2,105.6,0.4,105.0,105.5,0.5,Mai,2018,2018-05-01
07 - Transport,110.3,112.2,1.7,110.7,111.6,0.8,Mai,2018,2018-05-01
08 - Communication,59.4,59.4,0.0,59.4,59.4,0.0,Mai,2018,2018-05-01
09 - Loisirs et culture,98.7,99.5,0.8,98.6,99.3,0.7,Mai,2018,2018-05-01
10 - Enseignement,145.5,148.4,2.0,145.5,148.4,2.0,Mai,2018,2018-05-01
11 - Restaurants et hôtels,129.4,131.9,1.9,128.6,131.3,2.1,Mai,2018,2018-05-01
12 - Biens et services divers,115.2,122.7,6.5,114.8,122.4,6.6,Mai,2018,2018-05-01
Ensemble,117.5,120.6,2.6,117.2,120.0,2.4,Mai,2018,2018-05-01
Produits alimentaires,124.4,129.0,3.7,125.2,128.6,2.7,Avril,2018,2018-04-01
01 - Produits alimentaires et boissons non alcoolisées,124.5,128.6,3.3,125.4,128.3,2.3,Avril,2018,2018-04-01
02 - Boissons alcoolisées et tabac,122.8,138.5,12.8,122.8,138.5,12.8,Avril,2018,2018-04-01
Produits non alimentaires,111.6,113.5,1.7,111.5,113.3,1.6,Avril,2018,2018-04-01
03 - Articles d'habillement et chaussures,115.2,116.0,0.7,115.3,116.3,0.9,Avril,2018,2018-04-01
"04 - Logement, eau, électricité et autres combustibles",115.1,116.0,0.8,115.0,115.8,0.7,Avril,2018,2018-04-01
"05 - Meubles, articles de ménage et entretien courant du foyer",109.6,110.3,0.6,109.7,110.2,0.5,Avril,2018,2018-04-01
06 - Santé,105.1,105.6,0.5,104.9,105.5,0.6,Avril,2018,2018-04-01
07 - Transport,110.6,111.8,1.1,110.8,111.5,0.6,Avril,2018,2018-04-01
08 - Communication,59.4,59.4,0.0,59.4,59.4,0.0,Avril,2018,2018-04-01
09 - Loisirs et culture,98.7,99.5,0.8,98.6,99.3,0.7,Avril,2018,2018-04-01
10 - Enseignement,145.5,148.4,2.0,145.5,148.4,2.0,Avril,2018,2018-04-01
11 - Restaurants et hôtels,129.4,131.8,1.9,128.4,131.2,2.2,Avril,2018,2018-04-01
12 - Biens et services divers,114.9,122.7,6.8,114.7,122.3,6.6,Avril,2018,2018-04-01
Ensemble,116.9,120.0,2.7,117.2,119.8,2.2,Avril,2018,2018-04-01
Produits alimentaires,124.0,128.1,3.3,125.5,128.4,2.3,Mars,2018,2018-03-01
01 - Produits alimentaires et boissons non alcoolisées,124.1,127.8,3.0,125.6,128.1,2.0,Mars,2018,2018-03-01
02 - Boissons alcoolisées et tabac,122.8,138.5,12.8,122.8,138.5,12.8,Mars,2018,2018-03-01
Produits non alimentaires,111.6,113.2,1.4,111.5,113.2,1.5,Mars,2018,2018-03-01
03 - Articles d'habillement et chaussures,115.4,116.4,0.9,115.3,116.4,1.0,Mars,2018,2018-03-01
"04 - Logement, eau, électricité et autres combustibles",115.0,115.9,0.8,115.0,115.8,0.7,Mars,2018,2018-03-01
"05 - Meubles, articles de ménage et entretien courant du foyer",109.7,110.2,0.5,109.7,110.1,0.4,Mars,2018,2018-03-01
06 - Santé,105.1,105.5,0.4,104.8,105.5,0.7,Mars,2018,2018-03-01
07 - Transport,110.8,111.0,0.2,110.9,111.4,0.5,Mars,2018,2018-03-01
08 - Communication,59.4,59.4,0.0,59.4,59.4,0.0,Mars,2018,2018-03-01
09 - Loisirs et culture,98.6,99.4,0.8,98.6,99.2,0.6,Mars,2018,2018-03-01
10 - Enseignement,145.5,148.4,2.0,145.5,148.4,2.0,Mars,2018,2018-03-01
11 - Restaurants et hôtels,129.0,131.1,1.6,128.1,130.9,2.2,Mars,2018,2018-03-01
12 - Biens et services divers,114.7,122.3,6.6,114.7,122.2,6.5,Mars,2018,2018-03-01
Ensemble,116.7,119.6,2.5,117.3,119.7,2.0,Mars,2018,2018-03-01
Produits alimentaires,125.7,127.8,1.7,126.2,128.6,1.9,Février,2018,2018-02-01
01 - Produits alimentaires et boissons non alcoolisées,125.9,127.5,1.3,126.4,128.3,1.5,Février,2018,2018-02-01
02 - Boissons alcoolisées et tabac,122.8,138.5,12.8,122.8,138.5,12.8,Février,2018,2018-02-01
Produits non alimentaires,111.5,113.2,1.5,111.5,113.3,1.6,Février,2018,2018-02-01
03 - Articles d'habillement et chaussures,115.4,116.3,0.8,115.3,116.5,1.0,Février,2018,2018-02-01
"04 - Logement, eau, électricité et autres combustibles",115.0,115.7,0.6,115.0,115.7,0.6,Février,2018,2018-02-01
"05 - Meubles, articles de ménage et entretien courant du foyer",109.7,110.2,0.5,109.7,110.1,0.4,Février,2018,2018-02-01
06 - Santé,104.8,105.5,0.7,104.7,105.5,0.8,Février,2018,2018-02-01
07 - Transport,110.9,111.6,0.6,110.9,111.6,0.6,Février,2018,2018-02-01
08 - Communication,59.4,59.4,0.0,59.4,59.4,0.0,Février,2018,2018-02-01
09 - Loisirs et culture,98.6,99.4,0.8,98.6,99.1,0.5,Février,2018,2018-02-01
10 - Enseignement,145.5,148.4,2.0,145.5,148.4,2.0,Février,2018,2018-02-01
11 - Restaurants et hôtels,128.1,130.9,2.2,127.6,130.9,2.6,Février,2018,2018-02-01
12 - Biens et services divers,114.7,122.1,6.5,114.7,122.2,6.5,Février,2018,2018-02-01
Ensemble,117.4,119.5,1.8,117.6,119.8,1.9,Février,2018,2018-02-01
Produits alimentaires,130.1,129.5,-0.5,126.7,129.5,2.2,Janvier,2018,2018-01-01
01 - Produits alimentaires et boissons non alcoolisées,130.3,129.0,-1.0,126.9,129.0,1.7,Janvier,2018,2018-01-01
02 - Boissons alcoolisées et tabac,125.3,138.5,10.5,122.7,138.5,12.9,Janvier,2018,2018-01-01
Produits non alimentaires,112.3,112.9,0.5,111.4,112.9,1.3,Janvier,2018,2018-01-01
03 - Articles d'habillement et chaussures,116.6,116.8,0.2,115.1,116.8,1.5,Janvier,2018,2018-01-01
"04 - Logement, eau, électricité et autres combustibles",115.6,115.7,0.1,114.9,115.7,0.7,Janvier,2018,2018-01-01
"05 - Meubles, articles de ménage et entretien courant du foyer",110.0,110.1,0.1,109.6,110.1,0.5,Janvier,2018,2018-01-01
06 - Santé,105.5,105.5,0.0,104.6,105.5,0.9,Janvier,2018,2018-01-01
07 - Transport,111.3,111.4,0.1,110.9,111.4,0.5,Janvier,2018,2018-01-01
08 - Communication,59.4,59.4,0.0,59.4,59.4,0.0,Janvier,2018,2018-01-01
09 - Loisirs et culture,98.9,98.8,-0.1,98.6,98.8,0.2,Janvier,2018,2018-01-01
10 - Enseignement,148.4,148.4,0.0,145.5,148.4,2.0,Janvier,2018,2018-01-01
11 - Restaurants et hôtels,130.6,130.9,0.2,127.1,130.9,3.0,Janvier,2018,2018-01-01
12 - Biens et services divers,115.7,121.0,4.6,114.6,121.0,5.6,Janvier,2018,2018-01-01
Ensemble,119.7,119.8,0.1,117.7,119.8,1.8,Janvier,2018,2018-01-01
Produits alimentaires,126.7,130.1,2.7,126.5,126.6,0.1,Décembre,2017,2017-12-01
01 - Produits alimentaires et boissons non alcoolisées,126.9,130.3,2.7,126.8,126.8,0.0,Décembre,2017,2017-12-01
02 - Boissons alcoolisées et tabac,122.7,125.3,2.1,122.7,124.0,1.1,Décembre,2017,2017-12-01
Produits non alimentaires,111.0,112.3,1.2,110.3,111.8,1.4,Décembre,2017,2017-12-01
03 - Articles d'habillement et chaussures,114.9,116.6,1.5,114.1,115.7,1.4,Décembre,2017,2017-12-01
"04 - Logement, eau, électricité et autres combustibles",114.2,115.6,1.2,113.9,115.3,1.2,Décembre,2017,2017-12-01
"05 - Meubles, articles de ménage et entretien courant du foyer",109.4,110.0,0.5,109.2,109.8,0.5,Décembre,2017,2017-12-01
06 - Santé,104.6,105.5,0.9,104.5,105.2,0.7,Décembre,2017,2017-12-01
07 - Transport,109.9,111.3,1.3,108.9,110.7,1.7,Décembre,2017,2017-12-01
08 - Communication,59.4,59.4,0.0,59.5,59.4,-0.2,Décembre,2017,2017-12-01
09 - Loisirs et culture,98.7,98.9,0.2,98.2,98.7,0.5,Décembre,2017,2017-12-01
10 - Enseignement,145.5,148.4,2.0,142.7,146.5,2.7,Décembre,2017,2017-12-01
11 - Restaurants et hôtels,127.1,130.6,2.8,125.6,129.6,3.2,Décembre,2017,2017-12-01
12 - Biens et services divers,114.5,115.7,1.0,114.3,115.2,0.8,Décembre,2017,2017-12-01
Ensemble,117.5,119.7,1.9,117.1,117.9,0.7,Décembre,2017,2017-12-01
Produits alimentaires,127.0,128.7,1.3,126.5,126.3,-0.2,Novembre,2017,2017-11-01
01 - Produits alimentaires et boissons non alcoolisées,127.2,128.9,1.3,126.8,126.5,-0.2,Novembre,2017,2017-11-01
02 - Boissons alcoolisées et tabac,122.7,125.3,2.1,122.7,123.9,1.0,Novembre,2017,2017-11-01
Produits non alimentaires,110.9,112.4,1.4,110.3,111.7,1.3,Novembre,2017,2017-11-01
03 - Articles d'habillement et chaussures,114.5,116.4,1.7,114.0,115.6,1.4,Novembre,2017,2017-11-01
"04 - Logement, eau, électricité et autres combustibles",114.2,115.6,1.2,113.9,115.2,1.1,Novembre,2017,2017-11-01
"05 - Meubles, articles de ménage et entretien courant du foyer",109.4,109.9,0.5,109.1,109.8,0.6,Novembre,2017,2017-11-01
06 - Santé,104.6,105.5,0.9,104.4,105.2,0.8,Novembre,2017,2017-11-01
07 - Transport,109.9,111.5,1.5,108.8,110.6,1.7,Novembre,2017,2017-11-01
08 - Communication,59.4,59.4,0.0,59.5,59.4,-0.2,Novembre,2017,2017-11-01
09 - Loisirs et culture,98.7,98.9,0.2,98.1,98.7,0.6,Novembre,2017,2017-11-01
10 - Enseignement,145.5,148.4,2.0,142.5,146.3,2.7,Novembre,2017,2017-11-01
11 - Restaurants et hôtels,126.8,130.6,3.0,125.5,129.5,3.2,Novembre,2017,2017-11-01
12 - Biens et services divers,114.5,115.6,1.0,114.3,115.1,0.7,Novembre,2017,2017-11-01
Ensemble,117.6,119.1,1.3,117.0,117.8,0.7,Novembre,2017,2017-11-01
Produits alimentaires,127.9,127.6,-0.2,126.5,126.1,-0.3,Octobre,2017,2017-10-01
01 - Produits alimentaires et boissons non alcoolisées,128.2,127.7,-0.4,126.7,126.2,-0.4,Octobre,2017,2017-10-01
02 - Boissons alcoolisées et tabac,122.7,125.3,2.1,122.7,123.8,0.9,Octobre,2017,2017-10-01
Produits non alimentaires,110.8,112.2,1.3,110.2,111.7,1.4,Octobre,2017,2017-10-01
03 - Articles d'habillement et chaussures,114.3,116.1,1.6,114.0,115.5,1.3,Octobre,2017,2017-10-01
"04 - Logement, eau, électricité et autres combustibles",114.0,115.6,1.4,113.9,115.2,1.1,Octobre,2017,2017-10-01
"05 - Meubles, articles de ménage et entretien courant du foyer",109.4,109.9,0.5,109.1,109.7,0.5,Octobre,2017,2017-10-01
06 - Santé,104.5,105.4,0.9,104.4,105.1,0.7,Octobre,2017,2017-10-01
07 - Transport,109.7,111.0,1.2,108.7,110.5,1.7,Octobre,2017,2017-10-01
08 - Communication,59.4,59.4,0.0,59.5,59.4,-0.2,Octobre,2017,2017-10-01
09 - Loisirs et culture,98.7,98.9,0.2,98.1,98.7,0.6,Octobre,2017,2017-10-01
10 - Enseignement,145.4,148.4,2.1,142.2,146.1,2.7,Octobre,2017,2017-10-01
11 - Restaurants et hôtels,126.6,130.6,3.2,125.3,129.4,3.3,Octobre,2017,2017-10-01
12 - Biens et services divers,114.5,115.5,0.9,114.3,115.1,0.7,Octobre,2017,2017-10-01
Ensemble,117.9,118.6,0.6,117.0,117.6,0.5,Octobre,2017,2017-10-01
Produits alimentaires,128.9,128.0,-0.7,126.3,125.9,-0.3,Septembre,2017,2017-09-01
01 - Produits alimentaires et boissons non alcoolisées,129.3,128.1,-0.9,126.5,126.0,-0.4,Septembre,2017,2017-09-01
02 - Boissons alcoolisées et tabac,122.7,125.3,2.1,122.7,123.6,0.7,Septembre,2017,2017-09-01
Produits non alimentaires,110.7,112.1,1.3,110.1,111.6,1.4,Septembre,2017,2017-09-01
03 - Articles d'habillement et chaussures,114.0,115.8,1.6,113.9,115.5,1.4,Septembre,2017,2017-09-01
"04 - Logement, eau, électricité et autres combustibles",114.0,115.4,1.2,113.9,115.1,1.1,Septembre,2017,2017-09-01
"05 - Meubles, articles de ménage et entretien courant du foyer",109.3,109.9,0.5,109.1,109.7,0.5,Septembre,2017,2017-09-01
06 - Santé,104.5,105.3,0.8,104.4,105.1,0.7,Septembre,2017,2017-09-01
07 - Transport,109.4,110.7,1.2,108.5,110.4,1.8,Septembre,2017,2017-09-01
08 - Communication,59.5,59.4,-0.2,59.5,59.4,-0.2,Septembre,2017,2017-09-01
09 - Loisirs et culture,98.6,98.8,0.2,98.0,98.7,0.7,Septembre,2017,2017-09-01
10 - Enseignement,145.1,148.4,2.3,141.8,145.8,2.8,Septembre,2017,2017-09-01
11 - Restaurants et hôtels,126.5,130.7,3.3,125.2,129.2,3.2,Septembre,2017,2017-09-01
12 - Biens et services divers,114.4,115.6,1.0,114.3,115.1,0.7,Septembre,2017,2017-09-01
Ensemble,118.2,118.7,0.4,116.8,117.5,0.6,Septembre,2017,2017-09-01
Produits alimentaires,127.5,126.1,-1.1,126.0,125.7,-0.2,Août,2017,2017-08-01
01 - Produits alimentaires et boissons non alcoolisées,127.8,126.2,-1.3,126.2,125.8,-0.3,Août,2017,2017-08-01
02 - Boissons alcoolisées et tabac,122.7,125.3,2.1,122.7,123.4,0.6,Août,2017,2017-08-01
Produits non alimentaires,110.3,111.7,1.3,110.1,111.6,1.4,Août,2017,2017-08-01
03 - Articles d'habillement et chaussures,113.9,115.6,1.5,113.9,115.4,1.3,Août,2017,2017-08-01
"04 - Logement, eau, électricité et autres combustibles",114.0,115.3,1.1,113.9,115.1,1.1,Août,2017,2017-08-01
"05 - Meubles, articles de ménage et entretien courant du foyer",109.2,109.9,0.6,109.0,109.7,0.6,Août,2017,2017-08-01
06 - Santé,104.5,105.3,0.8,104.4,105.1,0.7,Août,2017,2017-08-01
07 - Transport,108.8,110.2,1.3,108.4,110.4,1.8,Août,2017,2017-08-01
08 - Communication,59.5,59.4,-0.2,59.5,59.4,-0.2,Août,2017,2017-08-01
09 - Loisirs et culture,98.6,98.8,0.2,98.0,98.7,0.7,Août,2017,2017-08-01
10 - Enseignement,141.4,145.5,2.9,141.4,145.5,2.9,Août,2017,2017-08-01
11 - Restaurants et hôtels,126.3,130.2,3.1,125.0,129.1,3.3,Août,2017,2017-08-01
12 - Biens et services divers,114.4,115.3,0.8,114.3,115.0,0.6,Août,2017,2017-08-01
Ensemble,117.4,117.7,0.3,116.7,117.4,0.6,Août,2017,2017-08-01
Produits alimentaires,127.2,125.5,-1.3,125.8,125.6,-0.2,Juillet,2017,2017-07-01
01 - Produits alimentaires et boissons non alcoolisées,127.5,125.5,-1.6,126.0,125.7,-0.2,Juillet,2017,2017-07-01
02 - Boissons alcoolisées et tabac,122.7,125.3,2.1,122.7,123.1,0.3,Juillet,2017,2017-07-01
Produits non alimentaires,110.4,111.5,1.0,110.0,111.5,1.4,Juillet,2017,2017-07-01
03 - Articles d'habillement et chaussures,114.0,115.7,1.5,113.9,115.4,1.3,Juillet,2017,2017-07-01
"04 - Logement, eau, électricité et autres combustibles",114.0,115.2,1.1,113.8,115.1,1.1,Juillet,2017,2017-07-01
"05 - Meubles, articles de ménage et entretien courant du foyer",109.2,109.8,0.5,109.0,109.7,0.6,Juillet,2017,2017-07-01
06 - Santé,104.5,105.2,0.7,104.4,105.0,0.6,Juillet,2017,2017-07-01
07 - Transport,109.7,109.5,-0.2,108.4,110.4,1.8,Juillet,2017,2017-07-01
08 - Communication,59.5,59.4,-0.2,59.5,59.4,-0.2,Juillet,2017,2017-07-01
09 - Loisirs et culture,98.4,98.7,0.3,97.9,98.7,0.8,Juillet,2017,2017-07-01
10 - Enseignement,141.4,145.5,2.9,141.4,145.5,2.9,Juillet,2017,2017-07-01
11 - Restaurants et hôtels,125.9,129.6,2.9,124.8,128.9,3.3,Juillet,2017,2017-07-01
12 - Biens et services divers,114.4,115.2,0.7,114.2,114.9,0.6,Juillet,2017,2017-07-01
Ensemble,117.4,117.3,-0.1,116.6,117.3,0.6,Juillet,2017,2017-07-01
Produits alimentaires,127.7,126.8,-0.7,125.5,125.6,0.1,Juin,2017,2017-06-01
01 - Produits alimentaires et boissons non alcoolisées,128.0,127.1,-0.7,125.7,125.8,0.1,Juin,2017,2017-06-01
02 - Boissons alcoolisées et tabac,122.7,122.8,0.1,122.7,122.8,0.1,Juin,2017,2017-06-01
Produits non alimentaires,110.5,111.6,1.0,110.0,111.6,1.5,Juin,2017,2017-06-01
03 - Articles d'habillement et chaussures,113.9,115.7,1.6,113.9,115.3,1.2,Juin,2017,2017-06-01
"04 - Logement, eau, électricité et autres combustibles",113.9,115.2,1.1,113.8,115.1,1.1,Juin,2017,2017-06-01
"05 - Meubles, articles de ménage et entretien courant du foyer",109.1,109.7,0.5,109.0,109.7,0.6,Juin,2017,2017-06-01
06 - Santé,104.5,105.2,0.7,104.4,105.0,0.6,Juin,2017,2017-06-01
07 - Transport,110.2,110.1,-0.1,108.2,110.6,2.2,Juin,2017,2017-06-01
08 - Communication,59.5,59.4,-0.2,59.5,59.4,-0.2,Juin,2017,2017-06-01
09 - Loisirs et culture,98.4,98.7,0.3,97.8,98.7,0.9,Juin,2017,2017-06-01
10 - Enseignement,141.4,145.5,2.9,141.4,145.5,2.9,Juin,2017,2017-06-01
11 - Restaurants et hôtels,125.6,129.6,3.2,124.7,128.8,3.3,Juin,2017,2017-06-01
12 - Biens et services divers,114.3,115.3,0.9,114.2,114.9,0.6,Juin,2017,2017-06-01
Ensemble,117.6,117.9,0.3,116.4,117.4,0.9,Juin,2017,2017-06-01
Produits alimentaires,126.7,126.0,-0.6,125.1,125.4,0.2,Mai,2017,2017-05-01
01 - Produits alimentaires et boissons non alcoolisées,126.9,126.1,-0.6,125.3,125.5,0.2,Mai,2017,2017-05-01
02 - Boissons alcoolisées et tabac,122.7,122.8,0.1,122.7,122.8,0.1,Mai,2017,2017-05-01
Produits non alimentaires,110.3,111.6,1.2,109.8,111.5,1.5,Mai,2017,2017-05-01
03 - Articles d'habillement et chaussures,113.8,115.2,1.2,113.9,115.3,1.2,Mai,2017,2017-05-01
"04 - Logement, eau, électricité et autres combustibles",113.9,115.1,1.1,113.8,115.0,1.1,Mai,2017,2017-05-01
"05 - Meubles, articles de ménage et entretien courant du foyer",109.1,109.6,0.5,109.0,109.6,0.6,Mai,2017,2017-05-01
06 - Santé,104.6,105.2,0.6,104.4,105.0,0.6,Mai,2017,2017-05-01
07 - Transport,109.3,110.3,0.9,107.7,110.7,2.8,Mai,2017,2017-05-01
08 - Communication,59.5,59.4,-0.2,59.5,59.4,-0.2,Mai,2017,2017-05-01
09 - Loisirs et culture,98.2,98.7,0.5,97.6,98.6,1.0,Mai,2017,2017-05-01
10 - Enseignement,141.4,145.5,2.9,141.4,145.5,2.9,Mai,2017,2017-05-01
11 - Restaurants et hôtels,125.5,129.4,3.1,124.5,128.6,3.3,Mai,2017,2017-05-01
12 - Biens et services divers,114.2,115.2,0.9,114.2,114.8,0.5,Mai,2017,2017-05-01
Ensemble,117.1,117.5,0.3,116.2,117.2,0.9,Mai,2017,2017-05-01
Produits alimentaires,125.7,124.4,-1.0,124.7,125.2,0.4,Avril,2017,2017-04-01
01 - Produits alimentaires et boissons non alcoolisées,125.9,124.5,-1.1,124.9,125.4,0.4,Avril,2017,2017-04-01
02 - Boissons alcoolisées et tabac,122.7,122.8,0.1,122.7,122.8,0.1,Avril,2017,2017-04-01
Produits non alimentaires,110.0,111.6,1.5,109.7,111.5,1.6,Avril,2017,2017-04-01
03 - Articles d'habillement et chaussures,113.9,115.2,1.1,113.9,115.3,1.2,Avril,2017,2017-04-01
"04 - Logement, eau, électricité et autres combustibles",113.8,115.1,1.1,113.8,115.0,1.1,Avril,2017,2017-04-01
"05 - Meubles, articles de ménage et entretien courant du foyer",109.0,109.6,0.6,108.9,109.7,0.7,Avril,2017,2017-04-01
06 - Santé,104.3,105.1,0.8,104.3,104.9,0.6,Avril,2017,2017-04-01
07 - Transport,108.3,110.6,2.1,107.4,110.8,3.2,Avril,2017,2017-04-01
08 - Communication,59.5,59.4,-0.2,59.5,59.4,-0.2,Avril,2017,2017-04-01
09 - Loisirs et culture,98.1,98.7,0.6,97.5,98.6,1.1,Avril,2017,2017-04-01
10 - Enseignement,141.4,145.5,2.9,141.4,145.5,2.9,Avril,2017,2017-04-01
11 - Restaurants et hôtels,124.4,129.4,4.0,124.2,128.4,3.4,Avril,2017,2017-04-01
12 - Biens et services divers,114.2,114.9,0.6,114.2,114.7,0.4,Avril,2017,2017-04-01
Ensemble,116.5,116.9,0.3,116.0,117.2,1.0,Avril,2017,2017-04-01
Produits alimentaires,126.2,124.0,-1.7,124.4,125.5,0.9,Mars,2017,2017-03-01
01 - Produits alimentaires et boissons non alcoolisées,126.4,124.1,-1.8,124.5,125.6,0.9,Mars,2017,2017-03-01
02 - Boissons alcoolisées et tabac,122.7,122.8,0.1,122.7,122.8,0.1,Mars,2017,2017-03-01
Produits non alimentaires,109.7,111.6,1.7,109.6,111.5,1.7,Mars,2017,2017-03-01
03 - Articles d'habillement et chaussures,113.9,115.4,1.3,113.9,115.3,1.2,Mars,2017,2017-03-01
"04 - Logement, eau, électricité et autres combustibles",113.8,115.0,1.1,113.7,115.0,1.1,Mars,2017,2017-03-01
"05 - Meubles, articles de ménage et entretien courant du foyer",108.9,109.7,0.7,108.9,109.7,0.7,Mars,2017,2017-03-01
06 - Santé,104.3,105.1,0.8,104.3,104.8,0.5,Mars,2017,2017-03-01
07 - Transport,107.3,110.8,3.3,107.0,110.9,3.6,Mars,2017,2017-03-01
08 - Communication,59.5,59.4,-0.2,59.5,59.4,-0.2,Mars,2017,2017-03-01
09 - Loisirs et culture,97.4,98.6,1.2,97.3,98.6,1.3,Mars,2017,2017-03-01
10 - Enseignement,141.4,145.5,2.9,141.4,145.5,2.9,Mars,2017,2017-03-01
11 - Restaurants et hôtels,124.2,129.0,3.9,124.1,128.1,3.2,Mars,2017,2017-03-01
12 - Biens et services divers,114.2,114.7,0.4,114.2,114.7,0.4,Mars,2017,2017-03-01
Ensemble,116.6,116.7,0.1,115.8,117.3,1.3,Mars,2017,2017-03-01
Produits alimentaires,123.7,125.7,1.6,123.5,126.2,2.2,Février,2017,2017-02-01
01 - Produits alimentaires et boissons non alcoolisées,123.8,125.9,1.7,123.6,126.4,2.3,Février,2017,2017-02-01
02 - Boissons alcoolisées et tabac,122.7,122.8,0.1,122.7,122.8,0.1,Février,2017,2017-02-01
Produits non alimentaires,109.6,111.5,1.7,109.6,111.5,1.7,Février,2017,2017-02-01
03 - Articles d'habillement et chaussures,113.9,115.4,1.3,114.0,115.3,1.1,Février,2017,2017-02-01
"04 - Logement, eau, électricité et autres combustibles",113.7,115.0,1.1,113.7,115.0,1.1,Février,2017,2017-02-01
"05 - Meubles, articles de ménage et entretien courant du foyer",108.9,109.7,0.7,108.9,109.7,0.7,Février,2017,2017-02-01
06 - Santé,104.3,104.8,0.5,104.3,104.7,0.4,Février,2017,2017-02-01
07 - Transport,106.8,110.9,3.8,106.9,110.9,3.7,Février,2017,2017-02-01
08 - Communication,59.5,59.4,-0.2,59.5,59.4,-0.2,Février,2017,2017-02-01
09 - Loisirs et culture,97.5,98.6,1.1,97.3,98.6,1.3,Février,2017,2017-02-01
10 - Enseignement,141.4,145.5,2.9,141.4,145.5,2.9,Février,2017,2017-02-01
11 - Restaurants et hôtels,124.2,128.1,3.1,124.1,127.6,2.8,Février,2017,2017-02-01
12 - Biens et services divers,114.2,114.7,0.4,114.2,114.7,0.4,Février,2017,2017-02-01
Ensemble,115.5,117.4,1.6,115.4,117.6,1.9,Février,2017,2017-02-01
Produits alimentaires,126.7,126.7,0.0,123.2,126.7,2.8,Janvier,2017,2017-01-01
01 - Produits alimentaires et boissons non alcoolisées,126.9,126.9,0.0,123.3,126.9,2.9,Janvier,2017,2017-01-01
02 - Boissons alcoolisées et tabac,122.7,122.7,0.0,122.7,122.7,0.0,Janvier,2017,2017-01-01
Produits non alimentaires,111.0,111.4,0.4,109.6,111.4,1.6,Janvier,2017,2017-01-01
03 - Articles d'habillement et chaussures,114.9,115.1,0.2,114.0,115.1,1.0,Janvier,2017,2017-01-01
"04 - Logement, eau, électricité et autres combustibles",114.2,114.9,0.6,113.7,114.9,1.1,Janvier,2017,2017-01-01
"05 - Meubles, articles de ménage et entretien courant du foyer",109.4,109.6,0.2,108.9,109.6,0.6,Janvier,2017,2017-01-01
06 - Santé,104.6,104.6,0.0,104.3,104.6,0.3,Janvier,2017,2017-01-01
07 - Transport,109.9,110.9,0.9,107.0,110.9,3.6,Janvier,2017,2017-01-01
08 - Communication,59.4,59.4,0.0,59.5,59.4,-0.2,Janvier,2017,2017-01-01
09 - Loisirs et culture,98.7,98.6,-0.1,97.0,98.6,1.6,Janvier,2017,2017-01-01
10 - Enseignement,145.5,145.5,0.0,141.4,145.5,2.9,Janvier,2017,2017-01-01
11 - Restaurants et hôtels,127.1,127.1,0.0,124.0,127.1,2.5,Janvier,2017,2017-01-01
12 - Biens et services divers,114.5,114.6,0.1,114.1,114.6,0.4,Janvier,2017,2017-01-01
Ensemble,117.5,117.7,0.2,115.3,117.7,2.1,Janvier,2017,2017-01-01
Produits alimentaires,123.6,126.7,2.5,123.2,126.5,2.7,Décembre,2016,2016-12-01
01 - Produits alimentaires et boissons non alcoolisées,123.7,126.9,2.6,123.3,126.8,2.8,Décembre,2016,2016-12-01
02 - Boissons alcoolisées et tabac,122.7,122.7,0.0,120.9,122.7,1.5,Décembre,2016,2016-12-01
Produits non alimentaires,109.5,111.0,1.4,109.5,110.3,0.7,Décembre,2016,2016-12-01
03 - Articles d'habillement et chaussures,114.0,114.9,0.8,112.9,114.1,1.1,Décembre,2016,2016-12-01
"04 - Logement, eau, électricité et autres combustibles",113.1,114.2,1.0,112.8,113.9,1.0,Décembre,2016,2016-12-01
"05 - Meubles, articles de ménage et entretien courant du foyer",108.8,109.4,0.6,108.6,109.2,0.6,Décembre,2016,2016-12-01
06 - Santé,104.3,104.6,0.3,104.2,104.5,0.3,Décembre,2016,2016-12-01
07 - Transport,107.4,109.9,2.3,109.0,108.9,-0.1,Décembre,2016,2016-12-01
08 - Communication,59.5,59.4,-0.2,59.6,59.5,-0.2,Décembre,2016,2016-12-01
09 - Loisirs et culture,96.9,98.7,1.9,96.7,98.2,1.6,Décembre,2016,2016-12-01
10 - Enseignement,141.4,145.5,2.9,139.5,142.7,2.3,Décembre,2016,2016-12-01
11 - Restaurants et hôtels,124.0,127.1,2.5,122.5,125.6,2.5,Décembre,2016,2016-12-01
12 - Biens et services divers,114.0,114.5,0.4,114.1,114.3,0.2,Décembre,2016,2016-12-01
Ensemble,115.4,117.5,1.8,115.2,117.1,1.6,Décembre,2016,2016-12-01
Produits alimentaires,123.6,127.0,2.8,123.2,126.5,2.7,Novembre,2016,2016-11-01
01 - Produits alimentaires et boissons non alcoolisées,123.7,127.2,2.8,123.3,126.8,2.8,Novembre,2016,2016-11-01
02 - Boissons alcoolisées et tabac,122.7,122.7,0.0,120.7,122.7,1.7,Novembre,2016,2016-11-01
Produits non alimentaires,109.5,110.9,1.3,109.5,110.3,0.7,Novembre,2016,2016-11-01
03 - Articles d'habillement et chaussures,113.6,114.5,0.8,112.8,114.0,1.1,Novembre,2016,2016-11-01
"04 - Logement, eau, électricité et autres combustibles",113.1,114.2,1.0,112.8,113.9,1.0,Novembre,2016,2016-11-01
"05 - Meubles, articles de ménage et entretien courant du foyer",108.8,109.4,0.6,108.6,109.1,0.5,Novembre,2016,2016-11-01
06 - Santé,104.2,104.6,0.4,104.2,104.4,0.2,Novembre,2016,2016-11-01
07 - Transport,107.7,109.9,2.0,109.1,108.8,-0.3,Novembre,2016,2016-11-01
08 - Communication,59.6,59.4,-0.3,59.6,59.5,-0.2,Novembre,2016,2016-11-01
09 - Loisirs et culture,96.9,98.7,1.9,96.7,98.1,1.4,Novembre,2016,2016-11-01
10 - Enseignement,141.4,145.5,2.9,139.3,142.5,2.3,Novembre,2016,2016-11-01
11 - Restaurants et hôtels,123.6,126.8,2.6,122.4,125.5,2.5,Novembre,2016,2016-11-01
12 - Biens et services divers,114.0,114.5,0.4,114.1,114.3,0.2,Novembre,2016,2016-11-01
Ensemble,115.4,117.6,1.9,115.1,117.0,1.7,Novembre,2016,2016-11-01
Produits alimentaires,125.2,127.9,2.2,123.1,126.5,2.8,Octobre,2016,2016-10-01
01 - Produits alimentaires et boissons non alcoolisées,125.3,128.2,2.3,123.2,126.7,2.8,Octobre,2016,2016-10-01
02 - Boissons alcoolisées et tabac,122.7,122.7,0.0,120.5,122.7,1.8,Octobre,2016,2016-10-01
Produits non alimentaires,109.5,110.8,1.2,109.5,110.2,0.6,Octobre,2016,2016-10-01
03 - Articles d'habillement et chaussures,113.2,114.3,1.0,112.8,114.0,1.1,Octobre,2016,2016-10-01
"04 - Logement, eau, électricité et autres combustibles",113.0,114.0,0.9,112.8,113.9,1.0,Octobre,2016,2016-10-01
"05 - Meubles, articles de ménage et entretien courant du foyer",108.7,109.4,0.6,108.6,109.1,0.5,Octobre,2016,2016-10-01
06 - Santé,104.2,104.5,0.3,104.2,104.4,0.2,Octobre,2016,2016-10-01
07 - Transport,108.0,109.7,1.6,109.3,108.7,-0.5,Octobre,2016,2016-10-01
08 - Communication,59.6,59.4,-0.3,59.6,59.5,-0.2,Octobre,2016,2016-10-01
09 - Loisirs et culture,96.9,98.7,1.9,96.6,98.1,1.6,Octobre,2016,2016-10-01
10 - Enseignement,141.4,145.4,2.8,139.1,142.2,2.2,Octobre,2016,2016-10-01
11 - Restaurants et hôtels,123.3,126.6,2.7,122.3,125.3,2.5,Octobre,2016,2016-10-01
12 - Biens et services divers,114.1,114.5,0.4,114.1,114.3,0.2,Octobre,2016,2016-10-01
Ensemble,116.0,117.9,1.6,115.1,117.0,1.7,Octobre,2016,2016-10-01
Produits alimentaires,124.0,128.9,4.0,122.9,126.3,2.8,Septembre,2016,2016-09-01
01 - Produits alimentaires et boissons non alcoolisées,124.0,129.3,4.3,123.0,126.5,2.8,Septembre,2016,2016-09-01
02 - Boissons alcoolisées et tabac,122.7,122.7,0.0,120.2,122.7,2.1,Septembre,2016,2016-09-01
Produits non alimentaires,109.5,110.7,1.1,109.4,110.1,0.6,Septembre,2016,2016-09-01
03 - Articles d'habillement et chaussures,113.2,114.0,0.7,112.7,113.9,1.1,Septembre,2016,2016-09-01
"04 - Logement, eau, électricité et autres combustibles",113.0,114.0,0.9,112.7,113.9,1.1,Septembre,2016,2016-09-01
"05 - Meubles, articles de ménage et entretien courant du foyer",108.6,109.3,0.6,108.5,109.1,0.6,Septembre,2016,2016-09-01
06 - Santé,104.2,104.5,0.3,104.2,104.4,0.2,Septembre,2016,2016-09-01
07 - Transport,108.2,109.4,1.1,109.4,108.5,-0.8,Septembre,2016,2016-09-01
08 - Communication,59.6,59.5,-0.2,59.5,59.5,0.0,Septembre,2016,2016-09-01
09 - Loisirs et culture,96.9,98.6,1.8,96.6,98.0,1.4,Septembre,2016,2016-09-01
10 - Enseignement,141.2,145.1,2.8,138.8,141.8,2.2,Septembre,2016,2016-09-01
11 - Restaurants et hôtels,123.1,126.5,2.8,122.2,125.2,2.5,Septembre,2016,2016-09-01
12 - Biens et services divers,114.1,114.4,0.3,114.1,114.3,0.2,Septembre,2016,2016-09-01
Ensemble,115.5,118.2,2.3,115.0,116.8,1.6,Septembre,2016,2016-09-01
Produits alimentaires,123.8,127.5,3.0,122.7,126.0,2.7,Août,2016,2016-08-01
01 - Produits alimentaires et boissons non alcoolisées,123.9,127.8,3.1,122.9,126.2,2.7,Août,2016,2016-08-01
02 - Boissons alcoolisées et tabac,122.7,122.7,0.0,119.9,122.7,2.3,Août,2016,2016-08-01
Produits non alimentaires,109.6,110.3,0.6,109.4,110.1,0.6,Août,2016,2016-08-01
03 - Articles d'habillement et chaussures,113.2,113.9,0.6,112.6,113.9,1.2,Août,2016,2016-08-01
"04 - Logement, eau, électricité et autres combustibles",112.9,114.0,1.0,112.7,113.9,1.1,Août,2016,2016-08-01
"05 - Meubles, articles de ménage et entretien courant du foyer",108.6,109.2,0.6,108.5,109.0,0.5,Août,2016,2016-08-01
06 - Santé,104.3,104.5,0.2,104.2,104.4,0.2,Août,2016,2016-08-01
07 - Transport,109.8,108.8,-0.9,109.6,108.4,-1.1,Août,2016,2016-08-01
08 - Communication,59.6,59.5,-0.2,59.5,59.5,0.0,Août,2016,2016-08-01
09 - Loisirs et culture,96.8,98.6,1.9,96.6,98.0,1.4,Août,2016,2016-08-01
10 - Enseignement,138.5,141.4,2.1,138.5,141.4,2.1,Août,2016,2016-08-01
11 - Restaurants et hôtels,123.1,126.3,2.6,122.1,125.0,2.4,Août,2016,2016-08-01
12 - Biens et services divers,114.2,114.4,0.2,114.1,114.3,0.2,Août,2016,2016-08-01
Ensemble,115.5,117.4,1.6,115.0,116.7,1.5,Août,2016,2016-08-01
Produits alimentaires,123.8,127.2,2.7,122.6,125.8,2.6,Juillet,2016,2016-07-01
01 - Produits alimentaires et boissons non alcoolisées,123.8,127.5,3.0,122.7,126.0,2.7,Juillet,2016,2016-07-01
02 - Boissons alcoolisées et tabac,122.7,122.7,0.0,119.5,122.7,2.7,Juillet,2016,2016-07-01
Produits non alimentaires,109.8,110.4,0.5,109.4,110.0,0.5,Juillet,2016,2016-07-01
03 - Articles d'habillement et chaussures,112.9,114.0,1.0,112.6,113.9,1.2,Juillet,2016,2016-07-01
"04 - Logement, eau, électricité et autres combustibles",112.8,114.0,1.1,112.7,113.8,1.0,Juillet,2016,2016-07-01
"05 - Meubles, articles de ménage et entretien courant du foyer",108.5,109.2,0.6,108.5,109.0,0.5,Juillet,2016,2016-07-01
06 - Santé,104.3,104.5,0.2,104.1,104.4,0.3,Juillet,2016,2016-07-01
07 - Transport,110.9,109.7,-1.1,109.5,108.4,-1.0,Juillet,2016,2016-07-01
08 - Communication,59.6,59.5,-0.2,59.5,59.5,0.0,Juillet,2016,2016-07-01
09 - Loisirs et culture,96.8,98.4,1.7,96.5,97.9,1.5,Juillet,2016,2016-07-01
10 - Enseignement,138.5,141.4,2.1,138.5,141.4,2.1,Juillet,2016,2016-07-01
11 - Restaurants et hôtels,122.7,125.9,2.6,121.9,124.8,2.4,Juillet,2016,2016-07-01
12 - Biens et services divers,114.2,114.4,0.2,114.0,114.2,0.2,Juillet,2016,2016-07-01
Ensemble,115.6,117.4,1.6,114.9,116.6,1.5,Juillet,2016,2016-07-01
Produits alimentaires,122.3,127.7,4.4,122.4,125.5,2.5,Juin,2016,2016-06-01
01 - Produits alimentaires et boissons non alcoolisées,122.3,128.0,4.7,122.6,125.7,2.5,Juin,2016,2016-06-01
02 - Boissons alcoolisées et tabac,122.7,122.7,0.0,119.0,122.7,3.1,Juin,2016,2016-06-01
Produits non alimentaires,109.8,110.5,0.6,109.4,110.0,0.5,Juin,2016,2016-06-01
03 - Articles d'habillement et chaussures,112.4,113.9,1.3,112.5,113.9,1.2,Juin,2016,2016-06-01
"04 - Logement, eau, électricité et autres combustibles",112.8,113.9,1.0,112.7,113.8,1.0,Juin,2016,2016-06-01
"05 - Meubles, articles de ménage et entretien courant du foyer",108.5,109.1,0.6,108.5,109.0,0.5,Juin,2016,2016-06-01
06 - Santé,104.3,104.5,0.2,104.1,104.4,0.3,Juin,2016,2016-06-01
07 - Transport,110.9,110.2,-0.6,109.3,108.2,-1.0,Juin,2016,2016-06-01
08 - Communication,59.6,59.5,-0.2,59.5,59.5,0.0,Juin,2016,2016-06-01
09 - Loisirs et culture,96.8,98.4,1.7,96.5,97.8,1.3,Juin,2016,2016-06-01
10 - Enseignement,138.5,141.4,2.1,138.5,141.4,2.1,Juin,2016,2016-06-01
11 - Restaurants et hôtels,122.7,125.6,2.4,121.8,124.7,2.4,Juin,2016,2016-06-01
12 - Biens et services divers,114.2,114.3,0.1,114.0,114.2,0.2,Juin,2016,2016-06-01
Ensemble,115.0,117.6,2.3,114.8,116.4,1.4,Juin,2016,2016-06-01
Produits alimentaires,122.3,126.7,3.6,122.4,125.1,2.2,Mai,2016,2016-05-01
01 - Produits alimentaires et boissons non alcoolisées,122.5,126.9,3.6,122.6,125.3,2.2,Mai,2016,2016-05-01
02 - Boissons alcoolisées et tabac,118.3,122.7,3.7,118.3,122.7,3.7,Mai,2016,2016-05-01
Produits non alimentaires,109.7,110.3,0.5,109.3,109.8,0.5,Mai,2016,2016-05-01
03 - Articles d'habillement et chaussures,112.4,113.8,1.2,112.5,113.9,1.2,Mai,2016,2016-05-01
"04 - Logement, eau, électricité et autres combustibles",112.7,113.9,1.1,112.6,113.8,1.1,Mai,2016,2016-05-01
"05 - Meubles, articles de ménage et entretien courant du foyer",108.5,109.1,0.6,108.5,109.0,0.5,Mai,2016,2016-05-01
06 - Santé,104.1,104.6,0.5,104.1,104.4,0.3,Mai,2016,2016-05-01
07 - Transport,110.7,109.3,-1.3,109.0,107.7,-1.2,Mai,2016,2016-05-01
08 - Communication,59.5,59.5,0.0,59.5,59.5,0.0,Mai,2016,2016-05-01
09 - Loisirs et culture,96.8,98.2,1.4,96.4,97.6,1.2,Mai,2016,2016-05-01
10 - Enseignement,138.5,141.4,2.1,138.5,141.4,2.1,Mai,2016,2016-05-01
11 - Restaurants et hôtels,122.1,125.5,2.8,121.6,124.5,2.4,Mai,2016,2016-05-01
12 - Biens et services divers,114.2,114.2,0.0,114.0,114.2,0.2,Mai,2016,2016-05-01
Ensemble,114.9,117.1,1.9,114.7,116.2,1.3,Mai,2016,2016-05-01
Produits alimentaires,122.1,125.7,2.9,122.4,124.7,1.9,Avril,2016,2016-04-01
01 - Produits alimentaires et boissons non alcoolisées,122.3,125.9,2.9,122.6,124.9,1.9,Avril,2016,2016-04-01
02 - Boissons alcoolisées et tabac,118.3,122.7,3.7,118.3,122.7,3.7,Avril,2016,2016-04-01
Produits non alimentaires,109.4,110.0,0.5,109.2,109.7,0.5,Avril,2016,2016-04-01
03 - Articles d'habillement et chaussures,112.3,113.9,1.4,112.6,113.9,1.2,Avril,2016,2016-04-01
"04 - Logement, eau, électricité et autres combustibles",112.7,113.8,1.0,112.6,113.8,1.1,Avril,2016,2016-04-01
"05 - Meubles, articles de ménage et entretien courant du foyer",108.6,109.0,0.4,108.5,108.9,0.4,Avril,2016,2016-04-01
06 - Santé,104.1,104.3,0.2,104.1,104.3,0.2,Avril,2016,2016-04-01
07 - Transport,109.5,108.3,-1.1,108.5,107.4,-1.0,Avril,2016,2016-04-01
08 - Communication,59.5,59.5,0.0,59.5,59.5,0.0,Avril,2016,2016-04-01
09 - Loisirs et culture,96.3,98.1,1.9,96.3,97.5,1.2,Avril,2016,2016-04-01
10 - Enseignement,138.5,141.4,2.1,138.5,141.4,2.1,Avril,2016,2016-04-01
11 - Restaurants et hôtels,121.9,124.4,2.1,121.5,124.2,2.2,Avril,2016,2016-04-01
12 - Biens et services divers,114.0,114.2,0.2,113.9,114.2,0.3,Avril,2016,2016-04-01
Ensemble,114.7,116.5,1.6,114.7,116.0,1.1,Avril,2016,2016-04-01
Produits alimentaires,121.8,126.2,3.6,122.5,124.4,1.6,Mars,2016,2016-03-01
01 - Produits alimentaires et boissons non alcoolisées,121.9,126.4,3.7,122.7,124.5,1.5,Mars,2016,2016-03-01
02 - Boissons alcoolisées et tabac,118.3,122.7,3.7,118.2,122.7,3.8,Mars,2016,2016-03-01
Produits non alimentaires,109.3,109.7,0.4,109.1,109.6,0.5,Mars,2016,2016-03-01
03 - Articles d'habillement et chaussures,112.4,113.9,1.3,112.6,113.9,1.2,Mars,2016,2016-03-01
"04 - Logement, eau, électricité et autres combustibles",112.6,113.8,1.1,112.6,113.7,1.0,Mars,2016,2016-03-01
"05 - Meubles, articles de ménage et entretien courant du foyer",108.5,108.9,0.4,108.5,108.9,0.4,Mars,2016,2016-03-01
06 - Santé,104.0,104.3,0.3,104.0,104.3,0.3,Mars,2016,2016-03-01
07 - Transport,109.6,107.3,-2.1,108.2,107.0,-1.1,Mars,2016,2016-03-01
08 - Communication,59.5,59.5,0.0,59.5,59.5,0.0,Mars,2016,2016-03-01
09 - Loisirs et culture,96.2,97.4,1.2,96.3,97.3,1.0,Mars,2016,2016-03-01
10 - Enseignement,138.5,141.4,2.1,138.5,141.4,2.1,Mars,2016,2016-03-01
11 - Restaurants et hôtels,121.5,124.2,2.2,121.3,124.1,2.3,Mars,2016,2016-03-01
12 - Biens et services divers,114.0,114.2,0.2,113.9,114.2,0.3,Mars,2016,2016-03-01
Ensemble,114.5,116.6,1.8,114.7,115.8,1.0,Mars,2016,2016-03-01
Produits alimentaires,122.3,123.7,1.1,122.9,123.5,0.5,Février,2016,2016-02-01
01 - Produits alimentaires et boissons non alcoolisées,122.5,123.8,1.1,123.2,123.6,0.3,Février,2016,2016-02-01
02 - Boissons alcoolisées et tabac,118.3,122.7,3.7,118.2,122.7,3.8,Février,2016,2016-02-01
Produits non alimentaires,109.0,109.6,0.6,109.0,109.6,0.6,Février,2016,2016-02-01
03 - Articles d'habillement et chaussures,112.7,113.9,1.1,112.8,114.0,1.1,Février,2016,2016-02-01
"04 - Logement, eau, électricité et autres combustibles",112.6,113.7,1.0,112.6,113.7,1.0,Février,2016,2016-02-01
"05 - Meubles, articles de ménage et entretien courant du foyer",108.5,108.9,0.4,108.5,108.9,0.4,Février,2016,2016-02-01
06 - Santé,104.1,104.3,0.2,104.1,104.3,0.2,Février,2016,2016-02-01
07 - Transport,107.6,106.8,-0.7,107.5,106.9,-0.6,Février,2016,2016-02-01
08 - Communication,59.5,59.5,0.0,59.5,59.5,0.0,Février,2016,2016-02-01
09 - Loisirs et culture,96.4,97.5,1.1,96.4,97.3,0.9,Février,2016,2016-02-01
10 - Enseignement,138.5,141.4,2.1,138.5,141.4,2.1,Février,2016,2016-02-01
11 - Restaurants et hôtels,121.3,124.2,2.4,121.3,124.1,2.3,Février,2016,2016-02-01
12 - Biens et services divers,113.9,114.2,0.3,113.8,114.2,0.4,Février,2016,2016-02-01
Ensemble,114.5,115.5,0.9,114.8,115.4,0.5,Février,2016,2016-02-01
Produits alimentaires,123.6,123.2,-0.3,123.5,123.2,-0.2,Janvier,2016,2016-01-01
01 - Produits alimentaires et boissons non alcoolisées,123.7,123.3,-0.3,123.8,123.3,-0.4,Janvier,2016,2016-01-01
02 - Boissons alcoolisées et tabac,122.7,122.7,0.0,118.1,122.7,3.9,Janvier,2016,2016-01-01
Produits non alimentaires,109.5,109.6,0.1,108.9,109.6,0.6,Janvier,2016,2016-01-01
03 - Articles d'habillement et chaussures,114.0,114.0,0.0,112.8,114.0,1.1,Janvier,2016,2016-01-01
"04 - Logement, eau, électricité et autres combustibles",113.1,113.7,0.5,112.5,113.7,1.1,Janvier,2016,2016-01-01
"05 - Meubles, articles de ménage et entretien courant du foyer",108.8,108.9,0.1,108.5,108.9,0.4,Janvier,2016,2016-01-01
06 - Santé,104.3,104.3,0.0,104.0,104.3,0.3,Janvier,2016,2016-01-01
07 - Transport,107.4,107.0,-0.4,107.4,107.0,-0.4,Janvier,2016,2016-01-01
08 - Communication,59.5,59.5,0.0,59.5,59.5,0.0,Janvier,2016,2016-01-01
09 - Loisirs et culture,96.9,97.0,0.1,96.4,97.0,0.6,Janvier,2016,2016-01-01
10 - Enseignement,141.4,141.4,0.0,138.5,141.4,2.1,Janvier,2016,2016-01-01
11 - Restaurants et hôtels,124.0,124.0,0.0,121.2,124.0,2.3,Janvier,2016,2016-01-01
12 - Biens et services divers,114.0,114.1,0.1,113.7,114.1,0.4,Janvier,2016,2016-01-01
Ensemble,115.4,115.3,-0.1,115.0,115.3,0.3,Janvier,2016,2016-01-01
Produits alimentaires,122.2,123.6,1.1,120.0,123.2,2.7,Décembre,2015,2015-12-01
01 - Produits alimentaires et boissons non alcoolisées,122.5,123.7,1.0,120.2,123.3,2.6,Décembre,2015,2015-12-01
02 - Boissons alcoolisées et tabac,116.4,122.7,5.4,116.3,120.9,4.0,Décembre,2015,2015-12-01
Produits non alimentaires,109.3,109.5,0.2,108.7,109.5,0.7,Décembre,2015,2015-12-01
03 - Articles d'habillement et chaussures,113.1,114.0,0.8,112.2,112.9,0.6,Décembre,2015,2015-12-01
"04 - Logement, eau, électricité et autres combustibles",111.9,113.1,1.1,109.2,112.8,3.3,Décembre,2015,2015-12-01
"05 - Meubles, articles de ménage et entretien courant du foyer",108.4,108.8,0.4,108.3,108.6,0.3,Décembre,2015,2015-12-01
06 - Santé,103.8,104.3,0.5,104.5,104.2,-0.3,Décembre,2015,2015-12-01
07 - Transport,110.6,107.4,-2.9,112.6,109.0,-3.2,Décembre,2015,2015-12-01
08 - Communication,59.5,59.5,0.0,59.5,59.6,0.2,Décembre,2015,2015-12-01
09 - Loisirs et culture,96.4,96.9,0.5,96.4,96.7,0.3,Décembre,2015,2015-12-01
10 - Enseignement,138.5,141.4,2.1,135.6,139.5,2.9,Décembre,2015,2015-12-01
11 - Restaurants et hôtels,120.7,124.0,2.7,119.8,122.5,2.3,Décembre,2015,2015-12-01
12 - Biens et services divers,113.7,114.0,0.3,113.4,114.1,0.6,Décembre,2015,2015-12-01
Ensemble,114.7,115.4,0.6,113.4,115.2,1.6,Décembre,2015,2015-12-01
Produits alimentaires,121.1,123.6,2.1,119.8,123.2,2.8,Novembre,2015,2015-11-01
01 - Produits alimentaires et boissons non alcoolisées,121.4,123.7,1.9,120.0,123.3,2.8,Novembre,2015,2015-11-01
02 - Boissons alcoolisées et tabac,116.3,122.7,5.5,116.3,120.7,3.8,Novembre,2015,2015-11-01
Produits non alimentaires,109.7,109.5,-0.2,108.7,109.5,0.7,Novembre,2015,2015-11-01
03 - Articles d'habillement et chaussures,112.7,113.6,0.8,112.1,112.8,0.6,Novembre,2015,2015-11-01
"04 - Logement, eau, électricité et autres combustibles",111.8,113.1,1.2,108.9,112.8,3.6,Novembre,2015,2015-11-01
"05 - Meubles, articles de ménage et entretien courant du foyer",108.5,108.8,0.3,108.3,108.6,0.3,Novembre,2015,2015-11-01
06 - Santé,103.8,104.2,0.4,104.5,104.2,-0.3,Novembre,2015,2015-11-01
07 - Transport,112.8,107.7,-4.5,112.8,109.1,-3.3,Novembre,2015,2015-11-01
08 - Communication,59.5,59.6,0.2,59.5,59.6,0.2,Novembre,2015,2015-11-01
09 - Loisirs et culture,96.3,96.9,0.6,96.4,96.7,0.3,Novembre,2015,2015-11-01
10 - Enseignement,138.5,141.4,2.1,135.3,139.3,3.0,Novembre,2015,2015-11-01
11 - Restaurants et hôtels,120.7,123.6,2.4,119.7,122.4,2.3,Novembre,2015,2015-11-01
12 - Biens et services divers,113.7,114.0,0.3,113.4,114.1,0.6,Novembre,2015,2015-11-01
Ensemble,114.4,115.4,0.9,113.3,115.1,1.6,Novembre,2015,2015-11-01
Produits alimentaires,120.9,125.2,3.6,119.7,123.1,2.8,Octobre,2015,2015-10-01
01 - Produits alimentaires et boissons non alcoolisées,121.2,125.3,3.4,119.9,123.2,2.8,Octobre,2015,2015-10-01
02 - Boissons alcoolisées et tabac,116.3,122.7,5.5,116.3,120.5,3.6,Octobre,2015,2015-10-01
Produits non alimentaires,109.8,109.5,-0.3,108.6,109.5,0.8,Octobre,2015,2015-10-01
03 - Articles d'habillement et chaussures,112.6,113.2,0.5,112.0,112.8,0.7,Octobre,2015,2015-10-01
"04 - Logement, eau, électricité et autres combustibles",111.8,113.0,1.1,108.6,112.8,3.9,Octobre,2015,2015-10-01
"05 - Meubles, articles de ménage et entretien courant du foyer",108.5,108.7,0.2,108.3,108.6,0.3,Octobre,2015,2015-10-01
06 - Santé,103.7,104.2,0.5,104.6,104.2,-0.4,Octobre,2015,2015-10-01
07 - Transport,113.7,108.0,-5.0,112.8,109.3,-3.1,Octobre,2015,2015-10-01
08 - Communication,59.5,59.6,0.2,59.5,59.6,0.2,Octobre,2015,2015-10-01
09 - Loisirs et culture,96.3,96.9,0.6,96.4,96.6,0.2,Octobre,2015,2015-10-01
10 - Enseignement,138.5,141.4,2.1,135.0,139.1,3.0,Octobre,2015,2015-10-01
11 - Restaurants et hôtels,120.4,123.3,2.4,119.6,122.3,2.3,Octobre,2015,2015-10-01
12 - Biens et services divers,113.6,114.1,0.4,113.3,114.1,0.7,Octobre,2015,2015-10-01
Ensemble,114.4,116.0,1.4,113.2,115.1,1.7,Octobre,2015,2015-10-01
Produits alimentaires,119.4,124.0,3.9,119.5,122.9,2.8,Septembre,2015,2015-09-01
01 - Produits alimentaires et boissons non alcoolisées,119.6,124.0,3.7,119.7,123.0,2.8,Septembre,2015,2015-09-01
02 - Boissons alcoolisées et tabac,116.3,122.7,5.5,116.3,120.2,3.4,Septembre,2015,2015-09-01
Produits non alimentaires,109.7,109.5,-0.2,108.4,109.4,0.9,Septembre,2015,2015-09-01
03 - Articles d'habillement et chaussures,112.4,113.2,0.7,111.9,112.7,0.7,Septembre,2015,2015-09-01
"04 - Logement, eau, électricité et autres combustibles",111.8,113.0,1.1,108.3,112.7,4.1,Septembre,2015,2015-09-01
"05 - Meubles, articles de ménage et entretien courant du foyer",108.5,108.6,0.1,108.2,108.5,0.3,Septembre,2015,2015-09-01
06 - Santé,103.7,104.2,0.5,104.7,104.2,-0.5,Septembre,2015,2015-09-01
07 - Transport,113.5,108.2,-4.7,112.7,109.4,-2.9,Septembre,2015,2015-09-01
08 - Communication,59.5,59.6,0.2,59.5,59.5,0.0,Septembre,2015,2015-09-01
09 - Loisirs et culture,96.3,96.9,0.6,96.4,96.6,0.2,Septembre,2015,2015-09-01
10 - Enseignement,138.1,141.2,2.2,134.6,138.8,3.1,Septembre,2015,2015-09-01
11 - Restaurants et hôtels,120.3,123.1,2.3,119.5,122.2,2.3,Septembre,2015,2015-09-01
12 - Biens et services divers,113.4,114.1,0.6,113.3,114.1,0.7,Septembre,2015,2015-09-01
Ensemble,113.7,115.5,1.6,113.0,115.0,1.8,Septembre,2015,2015-09-01
Produits alimentaires,119.7,123.8,3.4,119.6,122.7,2.6,Août,2015,2015-08-01
01 - Produits alimentaires et boissons non alcoolisées,119.9,123.9,3.3,119.8,122.9,2.6,Août,2015,2015-08-01
02 - Boissons alcoolisées et tabac,116.3,122.7,5.5,116.4,119.9,3.0,Août,2015,2015-08-01
Produits non alimentaires,109.2,109.6,0.4,108.3,109.4,1.0,Août,2015,2015-08-01
03 - Articles d'habillement et chaussures,112.3,113.2,0.8,111.9,112.6,0.6,Août,2015,2015-08-01
"04 - Logement, eau, électricité et autres combustibles",111.0,112.9,1.7,107.8,112.7,4.5,Août,2015,2015-08-01
"05 - Meubles, articles de ménage et entretien courant du foyer",108.5,108.6,0.1,108.2,108.5,0.3,Août,2015,2015-08-01
06 - Santé,103.7,104.3,0.6,104.8,104.2,-0.6,Août,2015,2015-08-01
07 - Transport,113.4,109.8,-3.2,112.6,109.6,-2.7,Août,2015,2015-08-01
08 - Communication,59.5,59.6,0.2,59.5,59.5,0.0,Août,2015,2015-08-01
09 - Loisirs et culture,96.3,96.8,0.5,96.4,96.6,0.2,Août,2015,2015-08-01
10 - Enseignement,134.2,138.5,3.2,134.2,138.5,3.2,Août,2015,2015-08-01
11 - Restaurants et hôtels,120.0,123.1,2.6,119.4,122.1,2.3,Août,2015,2015-08-01
12 - Biens et services divers,113.4,114.2,0.7,113.3,114.1,0.7,Août,2015,2015-08-01
Ensemble,113.6,115.5,1.7,113.0,115.0,1.8,Août,2015,2015-08-01
Produits alimentaires,119.3,123.8,3.8,119.5,122.6,2.6,Juillet,2015,2015-07-01
01 - Produits alimentaires et boissons non alcoolisées,119.4,123.8,3.7,119.7,122.7,2.5,Juillet,2015,2015-07-01
02 - Boissons alcoolisées et tabac,116.4,122.7,5.4,116.4,119.5,2.7,Juillet,2015,2015-07-01
Produits non alimentaires,108.4,109.8,1.3,108.1,109.4,1.2,Juillet,2015,2015-07-01
03 - Articles d'habillement et chaussures,112.2,112.9,0.6,111.8,112.6,0.7,Juillet,2015,2015-07-01
"04 - Logement, eau, électricité et autres combustibles",107.5,112.8,4.9,107.4,112.7,4.9,Juillet,2015,2015-07-01
"05 - Meubles, articles de ménage et entretien courant du foyer",108.4,108.5,0.1,108.2,108.5,0.3,Juillet,2015,2015-07-01
06 - Santé,103.7,104.3,0.6,105.0,104.1,-0.9,Juillet,2015,2015-07-01
07 - Transport,114.0,110.9,-2.7,112.5,109.5,-2.7,Juillet,2015,2015-07-01
08 - Communication,59.5,59.6,0.2,59.5,59.5,0.0,Juillet,2015,2015-07-01
09 - Loisirs et culture,96.3,96.8,0.5,96.4,96.5,0.1,Juillet,2015,2015-07-01
10 - Enseignement,134.2,138.5,3.2,134.2,138.5,3.2,Juillet,2015,2015-07-01
11 - Restaurants et hôtels,119.8,122.7,2.4,119.3,121.9,2.2,Juillet,2015,2015-07-01
12 - Biens et services divers,113.4,114.2,0.7,113.3,114.0,0.6,Juillet,2015,2015-07-01
Ensemble,112.9,115.6,2.4,112.9,114.9,1.8,Juillet,2015,2015-07-01
Produits alimentaires,119.3,122.3,2.5,119.6,122.4,2.3,Juin,2015,2015-06-01
01 - Produits alimentaires et boissons non alcoolisées,119.5,122.3,2.3,119.8,122.6,2.3,Juin,2015,2015-06-01
02 - Boissons alcoolisées et tabac,116.4,122.7,5.4,116.4,119.0,2.2,Juin,2015,2015-06-01
Produits non alimentaires,108.2,109.8,1.5,108.1,109.4,1.2,Juin,2015,2015-06-01
03 - Articles d'habillement et chaussures,111.6,112.4,0.7,111.8,112.5,0.6,Juin,2015,2015-06-01
"04 - Logement, eau, électricité et autres combustibles",107.5,112.8,4.9,107.3,112.7,5.0,Juin,2015,2015-06-01
"05 - Meubles, articles de ménage et entretien courant du foyer",108.4,108.5,0.1,108.1,108.5,0.4,Juin,2015,2015-06-01
06 - Santé,103.3,104.3,1.0,105.2,104.1,-1.0,Juin,2015,2015-06-01
07 - Transport,113.2,110.9,-2.0,112.3,109.3,-2.7,Juin,2015,2015-06-01
08 - Communication,59.5,59.6,0.2,59.5,59.5,0.0,Juin,2015,2015-06-01
09 - Loisirs et culture,96.4,96.8,0.4,96.5,96.5,0.0,Juin,2015,2015-06-01
10 - Enseignement,134.2,138.5,3.2,134.2,138.5,3.2,Juin,2015,2015-06-01
11 - Restaurants et hôtels,119.5,122.7,2.7,119.2,121.8,2.2,Juin,2015,2015-06-01
12 - Biens et services divers,113.4,114.2,0.7,113.3,114.0,0.6,Juin,2015,2015-06-01
Ensemble,112.8,115.0,2.0,112.9,114.8,1.7,Juin,2015,2015-06-01
Produits alimentaires,118.7,122.3,3.0,119.6,122.4,2.3,Mai,2015,2015-05-01
01 - Produits alimentaires et boissons non alcoolisées,118.8,122.5,3.1,119.8,122.6,2.3,Mai,2015,2015-05-01
02 - Boissons alcoolisées et tabac,116.4,118.3,1.6,116.3,118.3,1.7,Mai,2015,2015-05-01
Produits non alimentaires,108.3,109.7,1.3,108.1,109.3,1.1,Mai,2015,2015-05-01
03 - Articles d'habillement et chaussures,111.5,112.4,0.8,111.8,112.5,0.6,Mai,2015,2015-05-01
"04 - Logement, eau, électricité et autres combustibles",107.5,112.7,4.8,107.3,112.6,4.9,Mai,2015,2015-05-01
"05 - Meubles, articles de ménage et entretien courant du foyer",108.3,108.5,0.2,108.1,108.5,0.4,Mai,2015,2015-05-01
06 - Santé,105.9,104.1,-1.7,105.6,104.1,-1.4,Mai,2015,2015-05-01
07 - Transport,112.9,110.7,-1.9,112.1,109.0,-2.8,Mai,2015,2015-05-01
08 - Communication,59.5,59.5,0.0,59.5,59.5,0.0,Mai,2015,2015-05-01
09 - Loisirs et culture,96.4,96.8,0.4,96.5,96.4,-0.1,Mai,2015,2015-05-01
10 - Enseignement,134.2,138.5,3.2,134.2,138.5,3.2,Mai,2015,2015-05-01
11 - Restaurants et hôtels,119.3,122.1,2.3,119.1,121.6,2.1,Mai,2015,2015-05-01
12 - Biens et services divers,113.3,114.2,0.8,113.2,114.0,0.7,Mai,2015,2015-05-01
Ensemble,112.6,114.9,2.0,112.9,114.7,1.6,Mai,2015,2015-05-01
Produits alimentaires,119.1,122.1,2.5,119.9,122.4,2.1,Avril,2015,2015-04-01
01 - Produits alimentaires et boissons non alcoolisées,119.3,122.3,2.5,120.1,122.6,2.1,Avril,2015,2015-04-01
02 - Boissons alcoolisées et tabac,116.4,118.3,1.6,116.3,118.3,1.7,Avril,2015,2015-04-01
Produits non alimentaires,108.3,109.4,1.0,108.0,109.2,1.1,Avril,2015,2015-04-01
03 - Articles d'habillement et chaussures,111.7,112.3,0.5,111.9,112.6,0.6,Avril,2015,2015-04-01
"04 - Logement, eau, électricité et autres combustibles",107.4,112.7,4.9,107.3,112.6,4.9,Avril,2015,2015-04-01
"05 - Meubles, articles de ménage et entretien courant du foyer",108.2,108.6,0.4,108.0,108.5,0.5,Avril,2015,2015-04-01
06 - Santé,105.9,104.1,-1.7,105.5,104.1,-1.3,Avril,2015,2015-04-01
07 - Transport,113.0,109.5,-3.1,111.9,108.5,-3.0,Avril,2015,2015-04-01
08 - Communication,59.5,59.5,0.0,59.5,59.5,0.0,Avril,2015,2015-04-01
09 - Loisirs et culture,96.4,96.3,-0.1,96.5,96.3,-0.2,Avril,2015,2015-04-01
10 - Enseignement,134.2,138.5,3.2,134.2,138.5,3.2,Avril,2015,2015-04-01
11 - Restaurants et hôtels,119.3,121.9,2.2,119.1,121.5,2.0,Avril,2015,2015-04-01
12 - Biens et services divers,113.2,114.0,0.7,113.2,113.9,0.6,Avril,2015,2015-04-01
Ensemble,112.8,114.7,1.7,112.9,114.7,1.6,Avril,2015,2015-04-01
Produits alimentaires,119.3,121.8,2.1,120.1,122.5,2.0,Mars,2015,2015-03-01
01 - Produits alimentaires et boissons non alcoolisées,119.4,121.9,2.1,120.4,122.7,1.9,Mars,2015,2015-03-01
02 - Boissons alcoolisées et tabac,116.3,118.3,1.7,116.3,118.2,1.6,Mars,2015,2015-03-01
Produits non alimentaires,108.0,109.3,1.2,107.9,109.1,1.1,Mars,2015,2015-03-01
03 - Articles d'habillement et chaussures,111.9,112.4,0.4,111.9,112.6,0.6,Mars,2015,2015-03-01
"04 - Logement, eau, électricité et autres combustibles",107.2,112.6,5.0,107.2,112.6,5.0,Mars,2015,2015-03-01
"05 - Meubles, articles de ménage et entretien courant du foyer",108.2,108.5,0.3,107.9,108.5,0.6,Mars,2015,2015-03-01
06 - Santé,105.4,104.0,-1.3,105.4,104.0,-1.3,Mars,2015,2015-03-01
07 - Transport,112.0,109.6,-2.1,111.5,108.2,-3.0,Mars,2015,2015-03-01
08 - Communication,59.5,59.5,0.0,59.5,59.5,0.0,Mars,2015,2015-03-01
09 - Loisirs et culture,96.4,96.2,-0.2,96.5,96.3,-0.2,Mars,2015,2015-03-01
10 - Enseignement,134.2,138.5,3.2,134.2,138.5,3.2,Mars,2015,2015-03-01
11 - Restaurants et hôtels,119.3,121.5,1.8,119.0,121.3,1.9,Mars,2015,2015-03-01
12 - Biens et services divers,113.2,114.0,0.7,113.2,113.9,0.6,Mars,2015,2015-03-01
Ensemble,112.7,114.5,1.6,113.0,114.7,1.5,Mars,2015,2015-03-01
Produits alimentaires,120.1,122.3,1.8,120.6,122.9,1.9,Février,2015,2015-02-01
01 - Produits alimentaires et boissons non alcoolisées,120.4,122.5,1.7,120.9,123.2,1.9,Février,2015,2015-02-01
02 - Boissons alcoolisées et tabac,116.3,118.3,1.7,116.3,118.2,1.6,Février,2015,2015-02-01
Produits non alimentaires,108.0,109.0,0.9,107.9,109.0,1.0,Février,2015,2015-02-01
03 - Articles d'habillement et chaussures,111.9,112.7,0.7,111.9,112.8,0.8,Février,2015,2015-02-01
"04 - Logement, eau, électricité et autres combustibles",107.2,112.6,5.0,107.2,112.6,5.0,Février,2015,2015-02-01
"05 - Meubles, articles de ménage et entretien courant du foyer",107.9,108.5,0.6,107.8,108.5,0.6,Février,2015,2015-02-01
06 - Santé,105.4,104.1,-1.2,105.4,104.1,-1.2,Février,2015,2015-02-01
07 - Transport,111.9,107.6,-3.8,111.2,107.5,-3.3,Février,2015,2015-02-01
08 - Communication,59.5,59.5,0.0,59.5,59.5,0.0,Février,2015,2015-02-01
09 - Loisirs et culture,96.4,96.4,0.0,96.6,96.4,-0.2,Février,2015,2015-02-01
10 - Enseignement,134.2,138.5,3.2,134.2,138.5,3.2,Février,2015,2015-02-01
11 - Restaurants et hôtels,118.9,121.3,2.0,118.9,121.3,2.0,Février,2015,2015-02-01
12 - Biens et services divers,113.2,113.9,0.6,113.2,113.8,0.5,Février,2015,2015-02-01
Ensemble,113.0,114.5,1.3,113.1,114.8,1.5,Février,2015,2015-02-01
Produits alimentaires,122.2,123.5,1.1,121.0,123.5,2.1,Janvier,2015,2015-01-01
01 - Produits alimentaires et boissons non alcoolisées,122.5,123.8,1.1,121.3,123.8,2.1,Janvier,2015,2015-01-01
02 - Boissons alcoolisées et tabac,116.4,118.1,1.5,116.3,118.1,1.5,Janvier,2015,2015-01-01
Produits non alimentaires,109.3,108.9,-0.4,107.7,108.9,1.1,Janvier,2015,2015-01-01
03 - Articles d'habillement et chaussures,113.1,112.8,-0.3,111.9,112.8,0.8,Janvier,2015,2015-01-01
"04 - Logement, eau, électricité et autres combustibles",111.9,112.5,0.5,107.2,112.5,4.9,Janvier,2015,2015-01-01
"05 - Meubles, articles de ménage et entretien courant du foyer",108.4,108.5,0.1,107.7,108.5,0.7,Janvier,2015,2015-01-01
06 - Santé,103.8,104.0,0.2,105.3,104.0,-1.2,Janvier,2015,2015-01-01
07 - Transport,110.6,107.4,-2.9,110.5,107.4,-2.8,Janvier,2015,2015-01-01
08 - Communication,59.5,59.5,0.0,59.5,59.5,0.0,Janvier,2015,2015-01-01
09 - Loisirs et culture,96.4,96.4,0.0,96.8,96.4,-0.4,Janvier,2015,2015-01-01
10 - Enseignement,138.5,138.5,0.0,134.2,138.5,3.2,Janvier,2015,2015-01-01
11 - Restaurants et hôtels,120.7,121.2,0.4,118.9,121.2,1.9,Janvier,2015,2015-01-01
12 - Biens et services divers,113.7,113.7,0.0,113.2,113.7,0.4,Janvier,2015,2015-01-01
Ensemble,114.7,115.0,0.3,113.2,115.0,1.6,Janvier,2015,2015-01-01
Produits alimentaires,120.4,122.2,1.5,121.3,120.0,-1.1,Décembre,2014,2014-12-01
01 - Produits alimentaires et boissons non alcoolisées,120.6,122.5,1.6,121.7,120.2,-1.2,Décembre,2014,2014-12-01
02 - Boissons alcoolisées et tabac,115.6,116.4,0.7,114.4,116.3,1.7,Décembre,2014,2014-12-01
Produits non alimentaires,107.6,109.3,1.6,107.0,108.7,1.6,Décembre,2014,2014-12-01
03 - Articles d'habillement et chaussures,111.6,113.1,1.3,109.9,112.2,2.1,Décembre,2014,2014-12-01
"04 - Logement, eau, électricité et autres combustibles",107.1,111.9,4.5,106.5,109.2,2.5,Décembre,2014,2014-12-01
"05 - Meubles, articles de ménage et entretien courant du foyer",107.7,108.4,0.6,107.4,108.3,0.8,Décembre,2014,2014-12-01
06 - Santé,105.1,103.8,-1.2,104.7,104.5,-0.2,Décembre,2014,2014-12-01
07 - Transport,110.3,110.6,0.3,109.8,112.6,2.6,Décembre,2014,2014-12-01
08 - Communication,59.5,59.5,0.0,62.4,59.5,-4.6,Décembre,2014,2014-12-01
09 - Loisirs et culture,96.8,96.4,-0.4,97.3,96.4,-0.9,Décembre,2014,2014-12-01
10 - Enseignement,134.2,138.5,3.2,131.1,135.6,3.4,Décembre,2014,2014-12-01
11 - Restaurants et hôtels,118.7,120.7,1.7,116.9,119.8,2.5,Décembre,2014,2014-12-01
12 - Biens et services divers,113.2,113.7,0.4,112.1,113.4,1.2,Décembre,2014,2014-12-01
Ensemble,112.9,114.7,1.6,112.9,113.4,0.4,Décembre,2014,2014-12-01
Produits alimentaires,121.0,121.1,0.1,121.4,119.8,-1.3,Novembre,2014,2014-11-01
01 - Produits alimentaires et boissons non alcoolisées,121.3,121.4,0.1,121.8,120.0,-1.5,Novembre,2014,2014-11-01
02 - Boissons alcoolisées et tabac,115.6,116.3,0.6,114.2,116.3,1.8,Novembre,2014,2014-11-01
Produits non alimentaires,107.4,109.7,2.1,106.9,108.7,1.7,Novembre,2014,2014-11-01
03 - Articles d'habillement et chaussures,111.2,112.7,1.3,109.7,112.1,2.2,Novembre,2014,2014-11-01
"04 - Logement, eau, électricité et autres combustibles",107.1,111.8,4.4,106.5,108.9,2.3,Novembre,2014,2014-11-01
"05 - Meubles, articles de ménage et entretien courant du foyer",107.5,108.5,0.9,107.4,108.3,0.8,Novembre,2014,2014-11-01
06 - Santé,105.0,103.8,-1.1,104.7,104.5,-0.2,Novembre,2014,2014-11-01
07 - Transport,110.1,112.8,2.5,109.8,112.8,2.7,Novembre,2014,2014-11-01
08 - Communication,59.5,59.5,0.0,62.6,59.5,-5.0,Novembre,2014,2014-11-01
09 - Loisirs et culture,97.4,96.3,-1.1,97.3,96.4,-0.9,Novembre,2014,2014-11-01
10 - Enseignement,134.2,138.5,3.2,130.8,135.3,3.4,Novembre,2014,2014-11-01
11 - Restaurants et hôtels,118.5,120.7,1.9,116.7,119.7,2.6,Novembre,2014,2014-11-01
12 - Biens et services divers,112.6,113.7,1.0,112.0,113.4,1.3,Novembre,2014,2014-11-01
Ensemble,113.0,114.4,1.2,112.9,113.3,0.4,Novembre,2014,2014-11-01
Produits alimentaires,122.5,120.9,-1.3,121.5,119.7,-1.5,Octobre,2014,2014-10-01
01 - Produits alimentaires et boissons non alcoolisées,122.8,121.2,-1.3,121.8,119.9,-1.6,Octobre,2014,2014-10-01
02 - Boissons alcoolisées et tabac,115.6,116.3,0.6,114.1,116.3,1.9,Octobre,2014,2014-10-01
Produits non alimentaires,107.5,109.8,2.1,106.8,108.6,1.7,Octobre,2014,2014-10-01
03 - Articles d'habillement et chaussures,110.7,112.6,1.7,109.5,112.0,2.3,Octobre,2014,2014-10-01
"04 - Logement, eau, électricité et autres combustibles",107.0,111.8,4.5,106.4,108.6,2.1,Octobre,2014,2014-10-01
"05 - Meubles, articles de ménage et entretien courant du foyer",107.6,108.5,0.8,107.4,108.3,0.8,Octobre,2014,2014-10-01
06 - Santé,105.0,103.7,-1.2,104.6,104.6,0.0,Octobre,2014,2014-10-01
07 - Transport,111.0,113.7,2.4,109.7,112.8,2.8,Octobre,2014,2014-10-01
08 - Communication,59.5,59.5,0.0,62.9,59.5,-5.4,Octobre,2014,2014-10-01
09 - Loisirs et culture,97.3,96.3,-1.0,97.3,96.4,-0.9,Octobre,2014,2014-10-01
10 - Enseignement,134.1,138.5,3.3,130.5,135.0,3.4,Octobre,2014,2014-10-01
11 - Restaurants et hôtels,118.1,120.4,1.9,116.5,119.6,2.7,Octobre,2014,2014-10-01
12 - Biens et services divers,112.4,113.6,1.1,111.9,113.3,1.3,Octobre,2014,2014-10-01
Ensemble,113.7,114.4,0.6,112.9,113.2,0.3,Octobre,2014,2014-10-01
Produits alimentaires,122.2,119.4,-2.3,121.3,119.5,-1.5,Septembre,2014,2014-09-01
01 - Produits alimentaires et boissons non alcoolisées,122.6,119.6,-2.4,121.7,119.7,-1.6,Septembre,2014,2014-09-01
02 - Boissons alcoolisées et tabac,115.5,116.3,0.7,113.9,116.3,2.1,Septembre,2014,2014-09-01
Produits non alimentaires,107.4,109.7,2.1,106.8,108.4,1.5,Septembre,2014,2014-09-01
03 - Articles d'habillement et chaussures,110.4,112.4,1.8,109.4,111.9,2.3,Septembre,2014,2014-09-01
"04 - Logement, eau, électricité et autres combustibles",106.9,111.8,4.6,106.3,108.3,1.9,Septembre,2014,2014-09-01
"05 - Meubles, articles de ménage et entretien courant du foyer",107.6,108.5,0.8,107.4,108.2,0.7,Septembre,2014,2014-09-01
06 - Santé,104.9,103.7,-1.1,104.6,104.7,0.1,Septembre,2014,2014-09-01
07 - Transport,111.2,113.5,2.1,109.6,112.7,2.8,Septembre,2014,2014-09-01
08 - Communication,59.5,59.5,0.0,63.3,59.5,-6.0,Septembre,2014,2014-09-01
09 - Loisirs et culture,97.4,96.3,-1.1,97.3,96.4,-0.9,Septembre,2014,2014-09-01
10 - Enseignement,133.6,138.1,3.4,130.1,134.6,3.5,Septembre,2014,2014-09-01
11 - Restaurants et hôtels,117.6,120.3,2.3,116.3,119.5,2.8,Septembre,2014,2014-09-01
12 - Biens et services divers,112.2,113.4,1.1,111.9,113.3,1.3,Septembre,2014,2014-09-01
Ensemble,113.6,113.7,0.1,112.8,113.0,0.2,Septembre,2014,2014-09-01
Produits alimentaires,123.4,119.7,-3.0,121.2,119.6,-1.3,Août,2014,2014-08-01
01 - Produits alimentaires et boissons non alcoolisées,123.8,119.9,-3.2,121.6,119.8,-1.5,Août,2014,2014-08-01
02 - Boissons alcoolisées et tabac,115.5,116.3,0.7,113.8,116.4,2.3,Août,2014,2014-08-01
Produits non alimentaires,106.8,109.2,2.2,106.7,108.3,1.5,Août,2014,2014-08-01
03 - Articles d'habillement et chaussures,110.0,112.3,2.1,109.3,111.9,2.4,Août,2014,2014-08-01
"04 - Logement, eau, électricité et autres combustibles",106.7,111.0,4.0,106.3,107.8,1.4,Août,2014,2014-08-01
"05 - Meubles, articles de ménage et entretien courant du foyer",107.5,108.5,0.9,107.4,108.2,0.7,Août,2014,2014-08-01
06 - Santé,104.9,103.7,-1.1,104.6,104.8,0.2,Août,2014,2014-08-01
07 - Transport,109.6,113.4,3.5,109.4,112.6,2.9,Août,2014,2014-08-01
08 - Communication,59.5,59.5,0.0,63.8,59.5,-6.7,Août,2014,2014-08-01
09 - Loisirs et culture,97.3,96.3,-1.0,97.3,96.4,-0.9,Août,2014,2014-08-01
10 - Enseignement,129.7,134.2,3.5,129.6,134.2,3.5,Août,2014,2014-08-01
11 - Restaurants et hôtels,117.5,120.0,2.1,116.2,119.4,2.8,Août,2014,2014-08-01
12 - Biens et services divers,112.2,113.4,1.1,111.9,113.3,1.3,Août,2014,2014-08-01
Ensemble,113.6,113.6,0.0,112.7,113.0,0.3,Août,2014,2014-08-01
Produits alimentaires,121.0,119.3,-1.4,120.9,119.5,-1.2,Juillet,2014,2014-07-01
01 - Produits alimentaires et boissons non alcoolisées,121.3,119.4,-1.6,121.3,119.7,-1.3,Juillet,2014,2014-07-01
02 - Boissons alcoolisées et tabac,115.5,116.4,0.8,113.5,116.4,2.6,Juillet,2014,2014-07-01
Produits non alimentaires,106.5,108.4,1.8,106.7,108.1,1.3,Juillet,2014,2014-07-01
03 - Articles d'habillement et chaussures,109.5,112.2,2.5,109.2,111.8,2.4,Juillet,2014,2014-07-01
"04 - Logement, eau, électricité et autres combustibles",106.5,107.5,0.9,106.2,107.4,1.1,Juillet,2014,2014-07-01
"05 - Meubles, articles de ménage et entretien courant du foyer",107.4,108.4,0.9,107.3,108.2,0.8,Juillet,2014,2014-07-01
06 - Santé,104.9,103.7,-1.1,104.5,105.0,0.5,Juillet,2014,2014-07-01
07 - Transport,109.4,114.0,4.2,109.4,112.5,2.8,Juillet,2014,2014-07-01
08 - Communication,58.3,59.5,2.1,64.4,59.5,-7.6,Juillet,2014,2014-07-01
09 - Loisirs et culture,97.3,96.3,-1.0,97.3,96.4,-0.9,Juillet,2014,2014-07-01
10 - Enseignement,129.6,134.2,3.5,129.6,134.2,3.5,Juillet,2014,2014-07-01
11 - Restaurants et hôtels,117.1,119.8,2.3,116.0,119.3,2.8,Juillet,2014,2014-07-01
12 - Biens et services divers,111.9,113.4,1.3,111.8,113.3,1.3,Juillet,2014,2014-07-01
Ensemble,112.5,112.9,0.4,112.6,112.9,0.3,Juillet,2014,2014-07-01
Produits alimentaires,121.3,119.3,-1.6,120.9,119.6,-1.1,Juin,2014,2014-06-01
01 - Produits alimentaires et boissons non alcoolisées,121.6,119.5,-1.7,121.3,119.8,-1.2,Juin,2014,2014-06-01
02 - Boissons alcoolisées et tabac,115.5,116.4,0.8,113.2,116.4,2.8,Juin,2014,2014-06-01
Produits non alimentaires,106.9,108.2,1.2,106.7,108.1,1.3,Juin,2014,2014-06-01
03 - Articles d'habillement et chaussures,109.1,111.6,2.3,109.1,111.8,2.5,Juin,2014,2014-06-01
"04 - Logement, eau, électricité et autres combustibles",106.5,107.5,0.9,106.1,107.3,1.1,Juin,2014,2014-06-01
"05 - Meubles, articles de ménage et entretien courant du foyer",107.3,108.4,1.0,107.3,108.1,0.7,Juin,2014,2014-06-01
06 - Santé,104.9,103.3,-1.5,104.5,105.2,0.7,Juin,2014,2014-06-01
07 - Transport,109.5,113.2,3.4,109.4,112.3,2.7,Juin,2014,2014-06-01
08 - Communication,65.4,59.5,-9.0,65.4,59.5,-9.0,Juin,2014,2014-06-01
09 - Loisirs et culture,97.3,96.4,-0.9,97.4,96.5,-0.9,Juin,2014,2014-06-01
10 - Enseignement,129.6,134.2,3.5,129.6,134.2,3.5,Juin,2014,2014-06-01
11 - Restaurants et hôtels,116.8,119.5,2.3,115.8,119.2,2.9,Juin,2014,2014-06-01
12 - Biens et services divers,111.9,113.4,1.3,111.8,113.3,1.3,Juin,2014,2014-06-01
Ensemble,112.9,112.8,-0.1,112.6,112.9,0.3,Juin,2014,2014-06-01
Produits alimentaires,121.3,118.7,-2.1,120.8,119.6,-1.0,Mai,2014,2014-05-01
01 - Produits alimentaires et boissons non alcoolisées,121.6,118.8,-2.3,121.3,119.8,-1.2,Mai,2014,2014-05-01
02 - Boissons alcoolisées et tabac,115.5,116.4,0.8,112.7,116.3,3.2,Mai,2014,2014-05-01
Produits non alimentaires,106.9,108.3,1.3,106.7,108.1,1.3,Mai,2014,2014-05-01
03 - Articles d'habillement et chaussures,109.0,111.5,2.3,109.1,111.8,2.5,Mai,2014,2014-05-01
"04 - Logement, eau, électricité et autres combustibles",106.4,107.5,1.0,106.1,107.3,1.1,Mai,2014,2014-05-01
"05 - Meubles, articles de ménage et entretien courant du foyer",107.4,108.3,0.8,107.3,108.1,0.7,Mai,2014,2014-05-01
06 - Santé,104.5,105.9,1.3,104.4,105.6,1.1,Mai,2014,2014-05-01
07 - Transport,109.6,112.9,3.0,109.3,112.1,2.6,Mai,2014,2014-05-01
08 - Communication,65.4,59.5,-9.0,65.4,59.5,-9.0,Mai,2014,2014-05-01
09 - Loisirs et culture,97.3,96.4,-0.9,97.4,96.5,-0.9,Mai,2014,2014-05-01
10 - Enseignement,129.6,134.2,3.5,129.6,134.2,3.5,Mai,2014,2014-05-01
11 - Restaurants et hôtels,116.6,119.3,2.3,115.6,119.1,3.0,Mai,2014,2014-05-01
12 - Biens et services divers,112.0,113.3,1.2,111.8,113.2,1.3,Mai,2014,2014-05-01
Ensemble,112.9,112.6,-0.3,112.5,112.9,0.4,Mai,2014,2014-05-01
Produits alimentaires,120.2,119.1,-0.9,120.7,119.9,-0.7,Avril,2014,2014-04-01
01 - Produits alimentaires et boissons non alcoolisées,120.4,119.3,-0.9,121.2,120.1,-0.9,Avril,2014,2014-04-01
02 - Boissons alcoolisées et tabac,115.5,116.4,0.8,112.0,116.3,3.8,Avril,2014,2014-04-01
Produits non alimentaires,106.8,108.3,1.4,106.6,108.0,1.3,Avril,2014,2014-04-01
03 - Articles d'habillement et chaussures,109.0,111.7,2.5,109.2,111.9,2.5,Avril,2014,2014-04-01
"04 - Logement, eau, électricité et autres combustibles",106.3,107.4,1.0,106.0,107.3,1.2,Avril,2014,2014-04-01
"05 - Meubles, articles de ménage et entretien courant du foyer",107.3,108.2,0.8,107.3,108.0,0.7,Avril,2014,2014-04-01
06 - Santé,104.4,105.9,1.4,104.3,105.5,1.2,Avril,2014,2014-04-01
07 - Transport,109.4,113.0,3.3,109.3,111.9,2.4,Avril,2014,2014-04-01
08 - Communication,65.4,59.5,-9.0,65.4,59.5,-9.0,Avril,2014,2014-04-01
09 - Loisirs et culture,97.4,96.4,-1.0,97.4,96.5,-0.9,Avril,2014,2014-04-01
10 - Enseignement,129.6,134.2,3.5,129.6,134.2,3.5,Avril,2014,2014-04-01
11 - Restaurants et hôtels,116.3,119.3,2.6,115.4,119.1,3.2,Avril,2014,2014-04-01
12 - Biens et services divers,112.1,113.2,1.0,111.7,113.2,1.3,Avril,2014,2014-04-01
Ensemble,112.3,112.8,0.4,112.4,112.9,0.4,Avril,2014,2014-04-01
Produits alimentaires,120.3,119.3,-0.8,120.9,120.1,-0.7,Mars,2014,2014-03-01
01 - Produits alimentaires et boissons non alcoolisées,120.5,119.4,-0.9,121.4,120.4,-0.8,Mars,2014,2014-03-01
02 - Boissons alcoolisées et tabac,115.5,116.3,0.7,110.8,116.3,5.0,Mars,2014,2014-03-01
Produits non alimentaires,106.6,108.0,1.3,106.5,107.9,1.3,Mars,2014,2014-03-01
03 - Articles d'habillement et chaussures,109.2,111.9,2.5,109.2,111.9,2.5,Mars,2014,2014-03-01
"04 - Logement, eau, électricité et autres combustibles",106.0,107.2,1.1,105.9,107.2,1.2,Mars,2014,2014-03-01
"05 - Meubles, articles de ménage et entretien courant du foyer",107.3,108.2,0.8,107.3,107.9,0.6,Mars,2014,2014-03-01
06 - Santé,104.4,105.4,1.0,104.3,105.4,1.1,Mars,2014,2014-03-01
07 - Transport,109.3,112.0,2.5,109.2,111.5,2.1,Mars,2014,2014-03-01
08 - Communication,65.4,59.5,-9.0,65.4,59.5,-9.0,Mars,2014,2014-03-01
09 - Loisirs et culture,97.4,96.4,-1.0,97.4,96.5,-0.9,Mars,2014,2014-03-01
10 - Enseignement,129.6,134.2,3.5,129.6,134.2,3.5,Mars,2014,2014-03-01
11 - Restaurants et hôtels,115.0,119.3,3.7,115.1,119.0,3.4,Mars,2014,2014-03-01
12 - Biens et services divers,112.0,113.2,1.1,111.6,113.2,1.4,Mars,2014,2014-03-01
Ensemble,112.3,112.7,0.4,112.5,113.0,0.4,Mars,2014,2014-03-01
Produits alimentaires,121.1,120.1,-0.8,121.2,120.6,-0.5,Février,2014,2014-02-01
01 - Produits alimentaires et boissons non alcoolisées,121.8,120.4,-1.1,121.9,120.9,-0.8,Février,2014,2014-02-01
02 - Boissons alcoolisées et tabac,108.5,116.3,7.2,108.5,116.3,7.2,Février,2014,2014-02-01
Produits non alimentaires,106.5,108.0,1.4,106.5,107.9,1.3,Février,2014,2014-02-01
03 - Articles d'habillement et chaussures,109.1,111.9,2.6,109.3,111.9,2.4,Février,2014,2014-02-01
"04 - Logement, eau, électricité et autres combustibles",105.8,107.2,1.3,105.8,107.2,1.3,Février,2014,2014-02-01
"05 - Meubles, articles de ménage et entretien courant du foyer",107.3,107.9,0.6,107.3,107.8,0.5,Février,2014,2014-02-01
06 - Santé,104.3,105.4,1.1,104.3,105.4,1.1,Février,2014,2014-02-01
07 - Transport,109.2,111.9,2.5,109.2,111.2,1.8,Février,2014,2014-02-01
08 - Communication,65.4,59.5,-9.0,65.5,59.5,-9.2,Février,2014,2014-02-01
09 - Loisirs et culture,97.4,96.4,-1.0,97.4,96.6,-0.8,Février,2014,2014-02-01
10 - Enseignement,129.6,134.2,3.5,129.6,134.2,3.5,Février,2014,2014-02-01
11 - Restaurants et hôtels,115.1,118.9,3.3,115.1,118.9,3.3,Février,2014,2014-02-01
12 - Biens et services divers,111.4,113.2,1.6,111.4,113.2,1.6,Février,2014,2014-02-01
Ensemble,112.5,113.0,0.4,112.6,113.1,0.4,Février,2014,2014-02-01
Produits alimentaires,120.4,121.0,0.5,121.3,121.0,-0.2,Janvier,2014,2014-01-01
01 - Produits alimentaires et boissons non alcoolisées,120.6,121.3,0.6,122.0,121.3,-0.6,Janvier,2014,2014-01-01
02 - Boissons alcoolisées et tabac,115.6,116.3,0.6,108.5,116.3,7.2,Janvier,2014,2014-01-01
Produits non alimentaires,107.6,107.7,0.1,106.5,107.7,1.1,Janvier,2014,2014-01-01
03 - Articles d'habillement et chaussures,111.6,111.9,0.3,109.4,111.9,2.3,Janvier,2014,2014-01-01
"04 - Logement, eau, électricité et autres combustibles",107.1,107.2,0.1,105.8,107.2,1.3,Janvier,2014,2014-01-01
"05 - Meubles, articles de ménage et entretien courant du foyer",107.7,107.7,0.0,107.3,107.7,0.4,Janvier,2014,2014-01-01
06 - Santé,105.1,105.3,0.2,104.2,105.3,1.1,Janvier,2014,2014-01-01
07 - Transport,110.3,110.5,0.2,109.1,110.5,1.3,Janvier,2014,2014-01-01
08 - Communication,59.5,59.5,0.0,65.5,59.5,-9.2,Janvier,2014,2014-01-01
09 - Loisirs et culture,96.8,96.8,0.0,97.3,96.8,-0.5,Janvier,2014,2014-01-01
10 - Enseignement,134.2,134.2,0.0,129.6,134.2,3.5,Janvier,2014,2014-01-01
11 - Restaurants et hôtels,118.7,118.9,0.2,115.1,118.9,3.3,Janvier,2014,2014-01-01
12 - Biens et services divers,113.2,113.2,0.0,111.3,113.2,1.7,Janvier,2014,2014-01-01
Ensemble,112.9,113.2,0.3,112.6,113.2,0.5,Janvier,2014,2014-01-01
Produits alimentaires,121.2,120.4,-0.7,118.5,121.3,2.4,Décembre,2013,2013-12-01
01 - Produits alimentaires et boissons non alcoolisées,121.9,120.6,-1.1,119.1,121.7,2.2,Décembre,2013,2013-12-01
02 - Boissons alcoolisées et tabac,108.5,115.6,6.5,108.5,114.4,5.4,Décembre,2013,2013-12-01
Produits non alimentaires,106.2,107.6,1.3,105.4,107.0,1.5,Décembre,2013,2013-12-01
03 - Articles d'habillement et chaussures,109.2,111.6,2.2,108.2,109.9,1.6,Décembre,2013,2013-12-01
"04 - Logement, eau, électricité et autres combustibles",105.6,107.1,1.4,105.3,106.5,1.1,Décembre,2013,2013-12-01
"05 - Meubles, articles de ménage et entretien courant du foyer",106.9,107.7,0.7,107.2,107.4,0.2,Décembre,2013,2013-12-01
06 - Santé,103.9,105.1,1.2,103.8,104.7,0.9,Décembre,2013,2013-12-01
07 - Transport,108.7,110.3,1.5,106.4,109.8,3.2,Décembre,2013,2013-12-01
08 - Communication,65.6,59.5,-9.3,68.7,62.4,-9.2,Décembre,2013,2013-12-01
09 - Loisirs et culture,97.4,96.8,-0.6,96.9,97.3,0.4,Décembre,2013,2013-12-01
10 - Enseignement,129.6,134.2,3.5,124.3,131.1,5.5,Décembre,2013,2013-12-01
11 - Restaurants et hôtels,114.9,118.7,3.3,113.3,116.9,3.2,Décembre,2013,2013-12-01
12 - Biens et services divers,111.1,113.2,1.9,110.7,112.1,1.3,Décembre,2013,2013-12-01
Ensemble,112.4,112.9,0.4,110.8,112.9,1.9,Décembre,2013,2013-12-01
Produits alimentaires,120.1,121.0,0.7,118.3,121.4,2.6,Novembre,2013,2013-11-01
01 - Produits alimentaires et boissons non alcoolisées,120.7,121.3,0.5,118.8,121.8,2.5,Novembre,2013,2013-11-01
02 - Boissons alcoolisées et tabac,108.5,115.6,6.5,108.5,114.2,5.3,Novembre,2013,2013-11-01
Produits non alimentaires,106.2,107.4,1.1,105.3,106.9,1.5,Novembre,2013,2013-11-01
03 - Articles d'habillement et chaussures,108.9,111.2,2.1,108.1,109.7,1.5,Novembre,2013,2013-11-01
"04 - Logement, eau, électricité et autres combustibles",105.5,107.1,1.5,105.3,106.5,1.1,Novembre,2013,2013-11-01
"05 - Meubles, articles de ménage et entretien courant du foyer",107.0,107.5,0.5,107.2,107.4,0.2,Novembre,2013,2013-11-01
06 - Santé,103.9,105.0,1.1,103.8,104.7,0.9,Novembre,2013,2013-11-01
07 - Transport,108.5,110.1,1.5,106.2,109.8,3.4,Novembre,2013,2013-11-01
08 - Communication,65.6,59.5,-9.3,69.0,62.6,-9.3,Novembre,2013,2013-11-01
09 - Loisirs et culture,97.4,97.4,0.0,96.8,97.3,0.5,Novembre,2013,2013-11-01
10 - Enseignement,129.6,134.2,3.5,123.8,130.8,5.7,Novembre,2013,2013-11-01
11 - Restaurants et hôtels,114.9,118.5,3.1,113.1,116.7,3.2,Novembre,2013,2013-11-01
12 - Biens et services divers,111.0,112.6,1.4,110.6,112.0,1.3,Novembre,2013,2013-11-01
Ensemble,111.9,113.0,1.0,110.7,112.9,2.0,Novembre,2013,2013-11-01
Produits alimentaires,120.4,122.5,1.7,118.1,121.5,2.9,Octobre,2013,2013-10-01
01 - Produits alimentaires et boissons non alcoolisées,121.1,122.8,1.4,118.7,121.8,2.6,Octobre,2013,2013-10-01
02 - Boissons alcoolisées et tabac,108.5,115.6,6.5,108.5,114.1,5.2,Octobre,2013,2013-10-01
Produits non alimentaires,106.0,107.5,1.4,105.2,106.8,1.5,Octobre,2013,2013-10-01
03 - Articles d'habillement et chaussures,108.4,110.7,2.1,108.0,109.5,1.4,Octobre,2013,2013-10-01
"04 - Logement, eau, électricité et autres combustibles",105.4,107.0,1.5,105.3,106.4,1.0,Octobre,2013,2013-10-01
"05 - Meubles, articles de ménage et entretien courant du foyer",107.0,107.6,0.6,107.3,107.4,0.1,Octobre,2013,2013-10-01
06 - Santé,103.9,105.0,1.1,103.8,104.6,0.8,Octobre,2013,2013-10-01
07 - Transport,108.3,111.0,2.5,106.0,109.7,3.5,Octobre,2013,2013-10-01
08 - Communication,65.6,59.5,-9.3,69.3,62.9,-9.2,Octobre,2013,2013-10-01
09 - Loisirs et culture,97.3,97.3,0.0,96.8,97.3,0.5,Octobre,2013,2013-10-01
10 - Enseignement,129.6,134.1,3.5,123.3,130.5,5.8,Octobre,2013,2013-10-01
11 - Restaurants et hôtels,113.6,118.1,4.0,113.0,116.5,3.1,Octobre,2013,2013-10-01
12 - Biens et services divers,110.9,112.4,1.4,110.6,111.9,1.2,Octobre,2013,2013-10-01
Ensemble,112.0,113.7,1.5,110.6,112.9,2.1,Octobre,2013,2013-10-01
Produits alimentaires,120.0,122.2,1.8,117.9,121.3,2.9,Septembre,2013,2013-09-01
01 - Produits alimentaires et boissons non alcoolisées,120.7,122.6,1.6,118.4,121.7,2.8,Septembre,2013,2013-09-01
02 - Boissons alcoolisées et tabac,108.5,115.5,6.5,108.4,113.9,5.1,Septembre,2013,2013-09-01
Produits non alimentaires,105.7,107.4,1.6,105.1,106.8,1.6,Septembre,2013,2013-09-01
03 - Articles d'habillement et chaussures,108.3,110.4,1.9,108.0,109.4,1.3,Septembre,2013,2013-09-01
"04 - Logement, eau, électricité et autres combustibles",105.3,106.9,1.5,105.2,106.3,1.0,Septembre,2013,2013-09-01
"05 - Meubles, articles de ménage et entretien courant du foyer",107.1,107.6,0.5,107.3,107.4,0.1,Septembre,2013,2013-09-01
06 - Santé,103.9,104.9,1.0,103.7,104.6,0.9,Septembre,2013,2013-09-01
07 - Transport,108.5,111.2,2.5,105.7,109.6,3.7,Septembre,2013,2013-09-01
08 - Communication,65.6,59.5,-9.3,69.7,63.3,-9.2,Septembre,2013,2013-09-01
09 - Loisirs et culture,97.1,97.4,0.3,96.7,97.3,0.6,Septembre,2013,2013-09-01
10 - Enseignement,126.1,133.6,5.9,122.5,130.1,6.2,Septembre,2013,2013-09-01
11 - Restaurants et hôtels,113.3,117.6,3.8,112.9,116.3,3.0,Septembre,2013,2013-09-01
12 - Biens et services divers,110.7,112.2,1.4,110.6,111.9,1.2,Septembre,2013,2013-09-01
Ensemble,111.7,113.6,1.7,110.4,112.8,2.2,Septembre,2013,2013-09-01
Produits alimentaires,120.0,123.4,2.8,117.6,121.2,3.1,Août,2013,2013-08-01
01 - Produits alimentaires et boissons non alcoolisées,120.6,123.8,2.7,118.1,121.6,3.0,Août,2013,2013-08-01
02 - Boissons alcoolisées et tabac,108.5,115.5,6.5,108.4,113.8,5.0,Août,2013,2013-08-01
Produits non alimentaires,105.5,106.8,1.2,105.0,106.7,1.6,Août,2013,2013-08-01
03 - Articles d'habillement et chaussures,108.3,110.0,1.6,107.9,109.3,1.3,Août,2013,2013-08-01
"04 - Logement, eau, électricité et autres combustibles",105.3,106.7,1.3,105.2,106.3,1.0,Août,2013,2013-08-01
"05 - Meubles, articles de ménage et entretien courant du foyer",107.2,107.5,0.3,107.3,107.4,0.1,Août,2013,2013-08-01
06 - Santé,103.9,104.9,1.0,103.7,104.6,0.9,Août,2013,2013-08-01
07 - Transport,108.5,109.6,1.0,105.4,109.4,3.8,Août,2013,2013-08-01
08 - Communication,65.6,59.5,-9.3,70.2,63.8,-9.1,Août,2013,2013-08-01
09 - Loisirs et culture,97.1,97.3,0.2,96.6,97.3,0.7,Août,2013,2013-08-01
10 - Enseignement,122.1,129.7,6.2,122.1,129.6,6.1,Août,2013,2013-08-01
11 - Restaurants et hôtels,113.1,117.5,3.9,112.8,116.2,3.0,Août,2013,2013-08-01
12 - Biens et services divers,110.7,112.2,1.4,110.5,111.9,1.3,Août,2013,2013-08-01
Ensemble,111.5,113.6,1.9,110.2,112.7,2.3,Août,2013,2013-08-01
Produits alimentaires,118.3,121.0,2.3,117.2,120.9,3.2,Juillet,2013,2013-07-01
01 - Produits alimentaires et boissons non alcoolisées,118.8,121.3,2.1,117.7,121.3,3.1,Juillet,2013,2013-07-01
02 - Boissons alcoolisées et tabac,108.5,115.5,6.5,108.4,113.5,4.7,Juillet,2013,2013-07-01
Produits non alimentaires,105.4,106.5,1.0,105.0,106.7,1.6,Juillet,2013,2013-07-01
03 - Articles d'habillement et chaussures,107.8,109.5,1.6,107.9,109.2,1.2,Juillet,2013,2013-07-01
"04 - Logement, eau, électricité et autres combustibles",105.3,106.5,1.1,105.2,106.2,1.0,Juillet,2013,2013-07-01
"05 - Meubles, articles de ménage et entretien courant du foyer",107.2,107.4,0.2,107.3,107.3,0.0,Juillet,2013,2013-07-01
06 - Santé,103.9,104.9,1.0,103.7,104.5,0.8,Juillet,2013,2013-07-01
07 - Transport,108.3,109.4,1.0,104.9,109.4,4.3,Juillet,2013,2013-07-01
08 - Communication,65.6,58.3,-11.1,70.9,64.4,-9.2,Juillet,2013,2013-07-01
09 - Loisirs et culture,97.0,97.3,0.3,96.6,97.3,0.7,Juillet,2013,2013-07-01
10 - Enseignement,122.1,129.6,6.1,122.1,129.6,6.1,Juillet,2013,2013-07-01
11 - Restaurants et hôtels,113.1,117.1,3.5,112.8,116.0,2.8,Juillet,2013,2013-07-01
12 - Biens et services divers,110.7,111.9,1.1,110.5,111.8,1.2,Juillet,2013,2013-07-01
Ensemble,110.7,112.5,1.6,110.1,112.6,2.3,Juillet,2013,2013-07-01
Ensemble,110.4,112.9,2.3,110.0,112.6,2.4,Juin,2013,2013-06-01
Produits alimentaires,117.3,121.3,3.4,117.0,120.8,3.2,Mai,2013,2013-05-01
01 - Produits alimentaires et boissons non alcoolisées,117.8,121.6,3.2,117.5,121.3,3.2,Mai,2013,2013-05-01
02 - Boissons alcoolisées et tabac,108.4,115.5,6.5,108.4,112.7,4.0,Mai,2013,2013-05-01
Produits non alimentaires,104.4,106.9,2.4,104.8,106.7,1.8,Mai,2013,2013-05-01
03 - Articles d'habillement et chaussures,107.6,109.0,1.3,107.9,109.1,1.1,Mai,2013,2013-05-01
"04 - Logement, eau, électricité et autres combustibles",105.3,106.4,1.0,105.2,106.1,0.9,Mai,2013,2013-05-01
"05 - Meubles, articles de ménage et entretien courant du foyer",107.3,107.4,0.1,107.4,107.3,-0.1,Mai,2013,2013-05-01
06 - Santé,103.8,104.5,0.7,103.6,104.4,0.8,Mai,2013,2013-05-01
07 - Transport,103.7,109.6,5.7,103.6,109.3,5.5,Mai,2013,2013-05-01
08 - Communication,65.6,65.4,-0.3,73.0,65.4,-10.4,Mai,2013,2013-05-01
09 - Loisirs et culture,96.4,97.3,0.9,96.4,97.4,1.0,Mai,2013,2013-05-01
10 - Enseignement,122.1,129.6,6.1,122.1,129.6,6.1,Mai,2013,2013-05-01
11 - Restaurants et hôtels,112.9,116.6,3.3,112.6,115.6,2.7,Mai,2013,2013-05-01
12 - Biens et services divers,110.6,112.0,1.3,110.5,111.8,1.2,Mai,2013,2013-05-01
Ensemble,109.8,112.9,2.8,109.9,112.5,2.4,Mai,2013,2013-05-01
Ensemble,109.7,112.3,2.4,109.9,112.4,2.3,Avril,2013,2013-04-01
Produits alimentaires,117.3,120.3,2.6,117.0,120.9,3.3,Mars,2013,2013-03-01
01 - Produits alimentaires et boissons non alcoolisées,117.8,120.5,2.3,117.5,121.4,3.3,Mars,2013,2013-03-01
02 - Boissons alcoolisées et tabac,108.4,115.5,6.5,108.4,110.8,2.2,Mars,2013,2013-03-01
Produits non alimentaires,104.7,106.6,1.8,105.0,106.5,1.4,Mars,2013,2013-03-01
03 - Articles d'habillement et chaussures,107.9,109.2,1.2,108.0,109.2,1.1,Mars,2013,2013-03-01
"04 - Logement, eau, électricité et autres combustibles",105.2,106.0,0.8,105.1,105.9,0.8,Mars,2013,2013-03-01
"05 - Meubles, articles de ménage et entretien courant du foyer",107.4,107.3,-0.1,107.4,107.3,-0.1,Mars,2013,2013-03-01
06 - Santé,103.6,104.4,0.8,103.5,104.3,0.8,Mars,2013,2013-03-01
07 - Transport,103.5,109.3,5.6,103.6,109.2,5.4,Mars,2013,2013-03-01
08 - Communication,71.6,65.4,-8.7,75.9,65.4,-13.8,Mars,2013,2013-03-01
09 - Loisirs et culture,96.4,97.4,1.0,96.4,97.4,1.0,Mars,2013,2013-03-01
10 - Enseignement,122.1,129.6,6.1,122.1,129.6,6.1,Mars,2013,2013-03-01
11 - Restaurants et hôtels,112.5,115.0,2.2,112.5,115.1,2.3,Mars,2013,2013-03-01
12 - Biens et services divers,110.5,112.0,1.4,110.4,111.6,1.1,Mars,2013,2013-03-01
Ensemble,109.9,112.3,2.2,109.9,112.5,2.4,Mars,2013,2013-03-01
Ensemble,110.1,112.5,2.2,110.0,112.6,2.4,Février,2013,2013-02-01
Produits alimentaires,121.2,121.3,0.1,116.4,121.3,4.2,Janvier,2013,2013-01-01
01 - Produits alimentaires et boissons non alcoolisées,121.9,122.0,0.1,116.9,122.0,4.4,Janvier,2013,2013-01-01
02 - Boissons alcoolisées et tabac,108.5,108.5,0.0,108.4,108.5,0.1,Janvier,2013,2013-01-01
Produits non alimentaires,106.2,106.5,0.3,105.1,106.5,1.3,Janvier,2013,2013-01-01
03 - Articles d'habillement et chaussures,109.2,109.4,0.2,108.2,109.4,1.1,Janvier,2013,2013-01-01
"04 - Logement, eau, électricité et autres combustibles",105.6,105.8,0.2,105.1,105.8,0.7,Janvier,2013,2013-01-01
"05 - Meubles, articles de ménage et entretien courant du foyer",106.9,107.3,0.4,107.4,107.3,-0.1,Janvier,2013,2013-01-01
06 - Santé,103.9,104.2,0.3,103.5,104.2,0.7,Janvier,2013,2013-01-01
07 - Transport,108.7,109.1,0.4,103.7,109.1,5.2,Janvier,2013,2013-01-01
08 - Communication,65.6,65.5,-0.2,78.0,65.5,-16.0,Janvier,2013,2013-01-01
09 - Loisirs et culture,97.4,97.3,-0.1,96.5,97.3,0.8,Janvier,2013,2013-01-01
10 - Enseignement,129.6,129.6,0.0,122.1,129.6,6.1,Janvier,2013,2013-01-01
11 - Restaurants et hôtels,114.9,115.1,0.2,112.4,115.1,2.4,Janvier,2013,2013-01-01
12 - Biens et services divers,111.1,111.3,0.2,110.3,111.3,0.9,Janvier,2013,2013-01-01
Ensemble,112.4,112.6,0.2,109.8,112.6,2.6,Janvier,2013,2013-01-01
Produits alimentaires,116.0,121.2,4.5,115.9,118.5,2.2,Décembre,2012,2012-12-01
01 - Produits alimentaires et boissons non alcoolisées,116.4,121.9,4.7,116.3,119.1,2.4,Décembre,2012,2012-12-01
02 - Boissons alcoolisées et tabac,108.4,108.5,0.1,108.3,108.5,0.2,Décembre,2012,2012-12-01
Produits non alimentaires,105.0,106.2,1.1,104.8,105.4,0.6,Décembre,2012,2012-12-01
03 - Articles d'habillement et chaussures,107.7,109.2,1.4,106.0,108.2,2.1,Décembre,2012,2012-12-01
"04 - Logement, eau, électricité et autres combustibles",105.0,105.6,0.6,104.8,105.3,0.5,Décembre,2012,2012-12-01
"05 - Meubles, articles de ménage et entretien courant du foyer",107.4,106.9,-0.5,107.1,107.2,0.1,Décembre,2012,2012-12-01
06 - Santé,103.5,103.9,0.4,103.1,103.8,0.7,Décembre,2012,2012-12-01
07 - Transport,103.5,108.7,5.0,103.1,106.4,3.2,Décembre,2012,2012-12-01
08 - Communication,78.1,65.6,-16.0,85.5,68.7,-19.6,Décembre,2012,2012-12-01
09 - Loisirs et culture,96.5,97.4,0.9,96.4,96.9,0.5,Décembre,2012,2012-12-01
10 - Enseignement,122.1,129.6,6.1,119.7,124.3,3.8,Décembre,2012,2012-12-01
11 - Restaurants et hôtels,112.2,114.9,2.4,111.1,113.3,2.0,Décembre,2012,2012-12-01
12 - Biens et services divers,110.3,111.1,0.7,109.2,110.7,1.4,Décembre,2012,2012-12-01
Ensemble,109.6,112.4,2.6,109.4,110.8,1.3,Décembre,2012,2012-12-01
Ensemble,110.1,111.9,1.6,109.4,110.7,1.2,Novembre,2012,2012-11-01
Ensemble,110.0,112.0,1.8,109.3,110.6,1.2,Octobre,2012,2012-10-01
Produits alimentaires,118.3,120.0,1.4,115.6,117.9,2.0,Septembre,2012,2012-09-01
01 - Produits alimentaires et boissons non alcoolisées,118.9,120.7,1.5,116.0,118.4,2.1,Septembre,2012,2012-09-01
02 - Boissons alcoolisées et tabac,108.3,108.5,0.2,108.3,108.4,0.1,Septembre,2012,2012-09-01
Produits non alimentaires,104.7,105.7,1.0,104.8,105.1,0.3,Septembre,2012,2012-09-01
03 - Articles d'habillement et chaussures,106.6,108.3,1.6,105.6,108.0,2.3,Septembre,2012,2012-09-01
"04 - Logement, eau, électricité et autres combustibles",104.8,105.3,0.5,104.7,105.2,0.5,Septembre,2012,2012-09-01
"05 - Meubles, articles de ménage et entretien courant du foyer",107.4,107.1,-0.3,107.0,107.3,0.3,Septembre,2012,2012-09-01
06 - Santé,103.0,103.9,0.9,103.0,103.7,0.7,Septembre,2012,2012-09-01
07 - Transport,103.2,108.5,5.1,103.0,105.7,2.6,Septembre,2012,2012-09-01
08 - Communication,78.1,65.6,-16.0,88.0,69.7,-20.8,Septembre,2012,2012-09-01
09 - Loisirs et culture,96.2,97.1,0.9,96.4,96.7,0.3,Septembre,2012,2012-09-01
10 - Enseignement,121.7,126.1,3.6,118.9,122.5,3.0,Septembre,2012,2012-09-01
11 - Restaurants et hôtels,111.8,113.3,1.3,110.8,112.9,1.9,Septembre,2012,2012-09-01
12 - Biens et services divers,110.1,110.7,0.5,108.9,110.6,1.6,Septembre,2012,2012-09-01
Ensemble,110.4,111.7,1.2,109.2,110.4,1.1,Septembre,2012,2012-09-01
Ensemble,110.4,111.5,1.0,109.1,110.2,1.0,Août,2012,2012-08-01
Produits alimentaires,114.7,118.3,3.1,114.8,117.2,2.1,Juillet,2012,2012-07-01
01 - Produits alimentaires et boissons non alcoolisées,115.1,118.8,3.2,115.2,117.7,2.2,Juillet,2012,2012-07-01
02 - Boissons alcoolisées et tabac,108.3,108.5,0.2,108.3,108.4,0.1,Juillet,2012,2012-07-01
Produits non alimentaires,104.9,105.4,0.5,104.8,105.0,0.2,Juillet,2012,2012-07-01
03 - Articles d'habillement et chaussures,105.4,107.8,2.3,105.4,107.9,2.4,Juillet,2012,2012-07-01
"04 - Logement, eau, électricité et autres combustibles",104.8,105.3,0.5,104.7,105.2,0.5,Juillet,2012,2012-07-01
"05 - Meubles, articles de ménage et entretien courant du foyer",107.2,107.2,0.0,106.9,107.3,0.4,Juillet,2012,2012-07-01
06 - Santé,103.0,103.9,0.9,103.0,103.7,0.7,Juillet,2012,2012-07-01
07 - Transport,102.9,108.3,5.2,103.0,104.9,1.8,Juillet,2012,2012-07-01
08 - Communication,89.2,65.6,-26.5,89.2,70.9,-20.5,Juillet,2012,2012-07-01
09 - Loisirs et culture,96.3,97.0,0.7,96.4,96.6,0.2,Juillet,2012,2012-07-01
10 - Enseignement,118.5,122.1,3.0,118.5,122.1,3.0,Juillet,2012,2012-07-01
11 - Restaurants et hôtels,111.4,113.1,1.5,110.5,112.8,2.1,Juillet,2012,2012-07-01
12 - Biens et services divers,108.9,110.7,1.7,108.7,110.5,1.7,Juillet,2012,2012-07-01
Ensemble,108.9,110.7,1.7,108.9,110.1,1.1,Juillet,2012,2012-07-01
Ensemble,107.6,108.3,0.7,108.0,108.9,0.8,Juin,2011,2011-06-01
Ensemble,108.7,108.7,0.0,108.1,109.0,0.8,Mai,2011,2011-05-01
Produits alimentaires,115.2,113.7,-1.3,113.4,115.4,1.8,Avril,2011,2011-04-01
01 - Produits alimentaires et boissons non alcoolisées,115.6,114.0,-1.4,113.7,115.7,1.8,Avril,2011,2011-04-01
02 - Boissons alcoolisées et tabac,108.3,108.3,0.0,108.3,108.3,0.0,Avril,2011,2011-04-01
Produits non alimentaires,104.0,104.7,0.7,104.0,104.7,0.7,Avril,2011,2011-04-01
03 - Articles d'habillement et chaussures,104.2,105.3,1.1,104.4,105.4,1.0,Avril,2011,2011-04-01
"04 - Logement, eau, électricité et autres combustibles",104.2,104.7,0.5,104.2,104.6,0.4,Avril,2011,2011-04-01
"05 - Meubles, articles de ménage et entretien courant du foyer",106.0,106.9,0.8,106.0,106.8,0.8,Avril,2011,2011-04-01
06 - Santé,102.9,103.0,0.1,102.6,103.0,0.4,Avril,2011,2011-04-01
07 - Transport,103.3,102.9,-0.4,103.3,103.0,-0.3,Avril,2011,2011-04-01
08 - Communication,90.6,89.2,-1.5,90.8,89.2,-1.8,Avril,2011,2011-04-01
09 - Loisirs et culture,97.4,96.4,-1.0,97.6,96.5,-1.1,Avril,2011,2011-04-01
Produits alimentaires,116.0,116.4,0.3,112.8,115.9,2.7,Mars,2011,2011-03-01
01 - Produits alimentaires et boissons non alcoolisées,116.5,116.8,0.3,113.1,116.3,2.8,Mars,2011,2011-03-01
02 - Boissons alcoolisées et tabac,108.3,108.3,0.0,108.3,108.3,0.0,Mars,2011,2011-03-01
Produits non alimentaires,104.0,104.8,0.8,104.0,104.7,0.7,Mars,2011,2011-03-01
03 - Articles d'habillement et chaussures,104.3,105.3,1.0,104.4,105.4,1.0,Mars,2011,2011-03-01
"04 - Logement, eau, électricité et autres combustibles",104.2,104.6,0.4,104.2,104.6,0.4,Mars,2011,2011-03-01
"05 - Meubles, articles de ménage et entretien courant du foyer",106.1,106.8,0.7,106.0,106.7,0.7,Mars,2011,2011-03-01
06 - Santé,102.6,103.0,0.4,102.5,103.0,0.5,Mars,2011,2011-03-01
07 - Transport,103.3,103.1,-0.2,103.3,103.0,-0.3,Mars,2011,2011-03-01
08 - Communication,90.9,89.2,-1.9,90.9,89.2,-1.9,Mars,2011,2011-03-01
09 - Loisirs et culture,97.6,96.4,-1.2,97.7,96.5,-1.2,Mars,2011,2011-03-01
Produits alimentaires,112.3,116.7,3.9,111.2,115.7,4.0,Février,2011,2011-02-01
01 - Produits alimentaires et boissons non alcoolisées,112.5,117.1,4.1,111.4,116.1,4.2,Février,2011,2011-02-01
02 - Boissons alcoolisées et tabac,108.3,108.3,0.0,108.3,108.3,0.0,Février,2011,2011-02-01
Produits non alimentaires,104.1,104.7,0.6,104.1,104.7,0.6,Février,2011,2011-02-01
03 - Articles d'habillement et chaussures,104.5,105.4,0.9,104.5,105.5,1.0,Février,2011,2011-02-01
"04 - Logement, eau, électricité et autres combustibles",104.2,104.6,0.4,104.2,104.6,0.4,Février,2011,2011-02-01
"05 - Meubles, articles de ménage et entretien courant du foyer",106.0,106.7,0.7,106.0,106.7,0.7,Février,2011,2011-02-01
06 - Santé,102.5,103.0,0.5,102.5,103.0,0.5,Février,2011,2011-02-01
07 - Transport,103.5,103.0,-0.5,103.4,103.0,-0.4,Février,2011,2011-02-01
08 - Communication,90.9,89.2,-1.9,90.9,89.2,-1.9,Février,2011,2011-02-01
Ensemble,108.6,108.8,0.2,106.5,108.8,2.2,Janvier,2011,2011-01-01
Produits alimentaires,109.8,114.2,4.0,113.0,114.4,1.2,Décembre,2010,2010-12-01
01 - Produits alimentaires et boissons non alcoolisées,109.9,114.5,4.2,113.3,114.7,1.2,Décembre,2010,2010-12-01
02 - Boissons alcoolisées et tabac,108.2,108.3,0.1,108.2,108.3,0.1,Décembre,2010,2010-12-01
Produits non alimentaires,103.8,104.6,0.8,103.3,104.2,0.9,Décembre,2010,2010-12-01
03 - Articles d'habillement et chaussures,104.3,105.1,0.8,103.8,104.3,0.5,Décembre,2010,2010-12-01
"04 - Logement, eau, électricité et autres combustibles",104.2,104.6,0.4,103.8,104.3,0.5,Décembre,2010,2010-12-01
"05 - Meubles, articles de ménage et entretien courant du foyer",105.5,106.3,0.8,105.4,106.2,0.8,Décembre,2010,2010-12-01
06 - Santé,102.6,103.0,0.4,101.9,102.8,0.9,Décembre,2010,2010-12-01
07 - Transport,103.3,102.9,-0.4,103.2,103.2,0.0,Décembre,2010,2010-12-01
08 - Communication,90.9,89.2,-1.9,91.4,90.4,-1.1,Décembre,2010,2010-12-01
Produits alimentaires,110.9,116.7,5.2,113.3,114.4,1.0,Novembre,2010,2010-11-01
01 - Produits alimentaires et boissons non alcoolisées,111.1,117.1,5.4,113.6,114.7,1.0,Novembre,2010,2010-11-01
02 - Boissons alcoolisées et tabac,108.2,108.3,0.1,108.2,108.3,0.1,Novembre,2010,2010-11-01
Produits non alimentaires,103.9,104.6,0.7,103.3,104.2,0.9,Novembre,2010,2010-11-01
03 - Articles d'habillement et chaussures,104.2,104.9,0.7,103.8,104.2,0.4,Novembre,2010,2010-11-01
"04 - Logement, eau, électricité et autres combustibles",104.1,104.6,0.5,103.8,104.3,0.5,Novembre,2010,2010-11-01
"05 - Meubles, articles de ménage et entretien courant du foyer",105.6,106.3,0.7,105.3,106.1,0.8,Novembre,2010,2010-11-01
06 - Santé,102.6,103.0,0.4,101.8,102.8,1.0,Novembre,2010,2010-11-01
Ensemble,108.5,110.4,1.8,107.5,108.3,0.7,Octobre,2010,2010-10-01
Ensemble,109.8,109.5,-0.3,107.4,108.1,0.7,Septembre,2010,2010-09-01
Produits alimentaires,113.4,113.6,0.2,112.8,113.3,0.4,Août,2010,2010-08-01
01 - Produits alimentaires et boissons non alcoolisées,113.7,113.9,0.2,113.0,113.6,0.5,Août,2010,2010-08-01
02 - Boissons alcoolisées et tabac,108.2,108.3,0.1,108.2,108.3,0.1,Août,2010,2010-08-01
Produits non alimentaires,103.2,104.1,0.9,103.1,104.0,0.9,Août,2010,2010-08-01
03 - Articles d'habillement et chaussures,103.3,103.7,0.4,103.6,104.1,0.5,Août,2010,2010-08-01
"04 - Logement, eau, électricité et autres combustibles",103.9,104.4,0.5,103.7,104.3,0.6,Août,2010,2010-08-01
"05 - Meubles, articles de ménage et entretien courant du foyer",105.4,106.2,0.8,105.3,106.1,0.8,Août,2010,2010-08-01
06 - Santé,101.6,102.9,1.3,101.6,102.8,1.2,Août,2010,2010-08-01
07 - Transport,103.1,103.2,0.1,103.1,103.3,0.2,Août,2010,2010-08-01
08 - Communication,91.0,90.5,-0.5,91.6,90.7,-1.0,Août,2010,2010-08-01
09 - Loisirs et culture,97.3,96.8,-0.5,97.9,97.3,-0.6,Août,2010,2010-08-01
Produits alimentaires,109.5,111.2,1.6,112.7,113.2,0.4,Juillet,2010,2010-07-01
01 - Produits alimentaires et boissons non alcoolisées,109.6,111.4,1.6,112.9,113.5,0.5,Juillet,2010,2010-07-01
02 - Boissons alcoolisées et tabac,108.2,108.3,0.1,108.2,108.3,0.1,Juillet,2010,2010-07-01
Produits non alimentaires,103.2,104.1,0.9,103.1,104.0,0.9,Juillet,2010,2010-07-01
03 - Articles d'habillement et chaussures,103.6,103.5,-0.1,103.7,104.1,0.4,Juillet,2010,2010-07-01
"04 - Logement, eau, électricité et autres combustibles",103.9,104.3,0.4,103.7,104.2,0.5,Juillet,2010,2010-07-01
"05 - Meubles, articles de ménage et entretien courant du foyer",105.4,106.1,0.7,105.3,106.1,0.8,Juillet,2010,2010-07-01
06 - Santé,101.6,102.9,1.3,101.5,102.7,1.2,Juillet,2010,2010-07-01
07 - Transport,103.1,103.3,0.2,103.0,103.3,0.3,Juillet,2010,2010-07-01
08 - Communication,91.0,90.5,-0.5,91.7,90.7,-1.1,Juillet,2010,2010-07-01
Ensemble,105.6,107.6,1.9,107.3,108.0,0.7,Juin,2010,2010-06-01
Produits alimentaires,112.2,115.2,2.7,114.0,113.8,-0.2,Mai,2010,2010-05-01
01 - Produits alimentaires et boissons non alcoolisées,112.4,115.6,2.8,114.3,114.1,-0.2,Mai,2010,2010-05-01
02 - Boissons alcoolisées et tabac,108.2,108.3,0.1,108.2,108.3,0.1,Mai,2010,2010-05-01
Produits non alimentaires,103.1,104.0,0.9,103.1,104.0,0.9,Mai,2010,2010-05-01
03 - Articles d'habillement et chaussures,103.7,104.0,0.3,103.7,104.3,0.6,Mai,2010,2010-05-01
"04 - Logement, eau, électricité et autres combustibles",103.8,104.3,0.5,103.6,104.2,0.6,Mai,2010,2010-05-01
"05 - Meubles, articles de ménage et entretien courant du foyer",105.3,106.1,0.8,105.2,106.0,0.8,Mai,2010,2010-05-01
06 - Santé,101.6,103.0,1.4,101.5,102.7,1.2,Mai,2010,2010-05-01
07 - Transport,102.8,103.2,0.4,103.0,103.3,0.3,Mai,2010,2010-05-01
Produits alimentaires,116.4,115.2,-1.0,114.5,113.4,-1.0,Avril,2010,2010-04-01
01 - Produits alimentaires et boissons non alcoolisées,116.9,115.6,-1.1,114.8,113.7,-1.0,Avril,2010,2010-04-01
02 - Boissons alcoolisées et tabac,108.1,108.3,0.2,108.3,108.3,0.0,Avril,2010,2010-04-01
Produits non alimentaires,103.1,104.0,0.9,103.1,104.0,0.9,Avril,2010,2010-04-01
03 - Articles d'habillement et chaussures,103.7,104.2,0.5,103.7,104.4,0.7,Avril,2010,2010-04-01
"04 - Logement, eau, électricité et autres combustibles",103.7,104.2,0.5,103.6,104.2,0.6,Avril,2010,2010-04-01
"05 - Meubles, articles de ménage et entretien courant du foyer",105.3,106.0,0.7,105.2,106.0,0.8,Avril,2010,2010-04-01
06 - Santé,101.6,102.9,1.3,101.5,102.6,1.1,Avril,2010,2010-04-01
07 - Transport,102.8,103.3,0.5,103.1,103.3,0.2,Avril,2010,2010-04-01
Produits alimentaires,115.0,116.0,0.9,113.8,112.8,-0.9,Mars,2010,2010-03-01
01 - Produits alimentaires et boissons non alcoolisées,115.4,116.5,1.0,114.1,113.1,-0.9,Mars,2010,2010-03-01
02 - Boissons alcoolisées et tabac,108.3,108.3,0.0,108.3,108.3,0.0,Mars,2010,2010-03-01
Produits non alimentaires,103.1,104.0,0.9,103.1,104.0,0.9,Mars,2010,2010-03-01
03 - Articles d'habillement et chaussures,103.6,104.3,0.7,103.7,104.4,0.7,Mars,2010,2010-03-01
"04 - Logement, eau, électricité et autres combustibles",103.6,104.2,0.6,103.5,104.2,0.7,Mars,2010,2010-03-01
"05 - Meubles, articles de ménage et entretien courant du foyer",105.2,106.1,0.9,105.2,106.0,0.8,Mars,2010,2010-03-01
06 - Santé,101.6,102.6,1.0,101.5,102.5,1.0,Mars,2010,2010-03-01
07 - Transport,102.7,103.3,0.6,103.2,103.3,0.1,Mars,2010,2010-03-01
08 - Communication,92.6,90.9,-1.8,92.6,90.9,-1.8,Mars,2010,2010-03-01
09 - Loisirs et culture,98.3,97.6,-0.7,98.3,97.7,-0.6,Mars,2010,2010-03-01
Produits alimentaires,113.7,112.3,-1.2,113.3,111.2,-1.9,Février,2010,2010-02-01
01 - Produits alimentaires et boissons non alcoolisées,114.0,112.5,-1.3,113.5,111.4,-1.9,Février,2010,2010-02-01
02 - Boissons alcoolisées et tabac,108.3,108.3,0.0,108.3,108.3,0.0,Février,2010,2010-02-01
Produits non alimentaires,102.9,104.1,1.2,103.1,104.1,1.0,Février,2010,2010-02-01
03 - Articles d'habillement et chaussures,103.8,104.5,0.7,103.8,104.5,0.7,Février,2010,2010-02-01
"04 - Logement, eau, électricité et autres combustibles",103.5,104.2,0.7,103.5,104.2,0.7,Février,2010,2010-02-01
"05 - Meubles, articles de ménage et entretien courant du foyer",105.2,106.0,0.8,105.2,106.0,0.8,Février,2010,2010-02-01
06 - Santé,101.5,102.5,1.0,101.4,102.5,1.1,Février,2010,2010-02-01
07 - Transport,102.8,103.5,0.7,103.5,103.4,-0.1,Février,2010,2010-02-01
08 - Communication,92.6,90.9,-1.8,92.6,90.9,-1.8,Février,2010,2010-02-01
Produits alimentaires,112.8,110.1,-2.4,109.8,110.1,0.3,Janvier,2010,2010-01-01
01 - Produits alimentaires et boissons non alcoolisées,113.0,110.2,-2.5,109.9,110.2,0.3,Janvier,2010,2010-01-01
02 - Boissons alcoolisées et tabac,108.3,108.2,-0.1,108.2,108.2,0.0,Janvier,2010,2010-01-01
Produits non alimentaires,103.2,104.0,0.8,103.8,104.0,0.2,Janvier,2010,2010-01-01
03 - Articles d'habillement et chaussures,103.8,104.5,0.7,104.3,104.5,0.2,Janvier,2010,2010-01-01
"04 - Logement, eau, électricité et autres combustibles",103.5,104.2,0.7,104.2,104.2,0.0,Janvier,2010,2010-01-01
"05 - Meubles, articles de ménage et entretien courant du foyer",105.1,106.0,0.9,105.5,106.0,0.5,Janvier,2010,2010-01-01
06 - Santé,101.3,102.4,1.1,102.6,102.4,-0.2,Janvier,2010,2010-01-01
07 - Transport,104.1,103.2,-0.9,103.3,103.2,-0.1,Janvier,2010,2010-01-01
08 - Communication,92.6,90.9,-1.8,90.9,90.9,0.0,Janvier,2010,2010-01-01
09 - Loisirs et culture,98.3,97.7,-0.6,97.7,97.7,0.0,Janvier,2010,2010-01-01
10 - Enseignement,109.1,113.3,3.8,113.3,113.3,0.0,Janvier,2010,2010-01-01
11 - Restaurants et hôtels,105.6,108.0,2.3,107.9,108.0,0.1,Janvier,2010,2010-01-01
12 - Biens et services divers,104.4,106.2,1.7,106.0,106.2,0.2,Janvier,2010,2010-01-01
Ensemble,107.2,106.5,-0.7,106.3,106.5,0.2,Janvier,2010,2010-01-01
Produits alimentaires,111.9,113.0,1.0,110.9,109.8,-1.0,Décembre,2009,2009-12-01
01 - Produits alimentaires et boissons non alcoolisées,112.3,113.3,0.9,111.1,109.9,-1.1,Décembre,2009,2009-12-01
02 - Boissons alcoolisées et tabac,104.6,108.2,3.4,108.2,108.2,0.0,Décembre,2009,2009-12-01
Produits non alimentaires,102.4,103.3,0.9,103.9,103.8,-0.1,Décembre,2009,2009-12-01
03 - Articles d'habillement et chaussures,102.8,103.8,1.0,104.2,104.3,0.1,Décembre,2009,2009-12-01
"04 - Logement, eau, électricité et autres combustibles",103.0,103.8,0.8,104.1,104.2,0.1,Décembre,2009,2009-12-01
06 - Santé,101.0,101.9,0.9,102.6,102.6,0.0,Décembre,2009,2009-12-01
07 - Transport,103.0,103.2,0.2,103.4,103.3,-0.1,Décembre,2009,2009-12-01
08 - Communication,95.7,91.4,-4.5,90.9,90.9,0.0,Décembre,2009,2009-12-01
09 - Loisirs et culture,98.4,97.8,-0.6,98.0,97.7,-0.3,Décembre,2009,2009-12-01
10 - Enseignement,104.8,110.5,5.4,113.3,113.3,0.0,Décembre,2009,2009-12-01
11 - Restaurants et hôtels,104.7,106.6,1.8,107.8,107.9,0.1,Décembre,2009,2009-12-01
12 - Biens et services divers,103.1,105.2,2.0,105.8,106.0,0.2,Décembre,2009,2009-12-01
Ensemble,106.3,107.4,1.0,106.8,106.3,-0.5,Décembre,2009,2009-12-01
