city,index_ref_period,index_curr_period,change_pct,cum_index_prior,cum_index_curr,cum_change_pct,month,year
Agadir,119.8,119.4,-0.3,118.8,119.7,0.8,Juin,2026
Casablanca,119.2,118.9,-0.3,118.5,119.1,0.5,Juin,2026
Fès,122.3,121.3,-0.8,122.6,122.4,-0.2,Juin,2026
Kénitra,121.7,119.6,-1.7,120.9,120.8,-0.1,Juin,2026
Marrakech,121.1,121.1,0.0,121.3,121.2,-0.1,Juin,2026
Oujda,120.4,120.5,0.1,118.4,119.6,1.0,Juin,2026
Rabat,118.6,118.2,-0.3,118.2,118.6,0.3,Juin,2026
Tétouan,122.8,121.6,-1.0,120.2,122.0,1.5,Juin,2026
Meknès,118.8,118.4,-0.3,117.8,118.2,0.3,Juin,2026
Tanger,120.3,120.2,-0.1,119.1,120.4,1.1,Juin,2026
Laâyoune,123.1,122.4,-0.6,122.0,122.4,0.3,Juin,2026
Dakhla,119.3,119.0,-0.3,119.5,119.2,-0.3,Juin,2026
Guelmim,126.2,126.2,0.0,123.3,125.0,1.4,Juin,2026
Settat,117.2,116.7,-0.4,118.3,117.7,-0.5,Juin,2026
Safi,122.9,123.4,0.4,124.7,123.8,-0.7,Juin,2026
Béni-Mellal,123.8,121.3,-2.0,123.6,124.1,0.4,Juin,2026
Al-Hoceima,126.8,125.1,-1.3,125.1,125.7,0.5,Juin,2026
Errachidia,122.6,120.9,-1.4,121.7,122.2,0.4,Juin,2026
Ensemble,120.4,119.9,-0.4,119.7,120.2,0.4,Juin,2026
Agadir,121.0,119.8,-1.0,118.9,119.8,0.8,Mai,2026
Casablanca,120.6,119.2,-1.2,118.5,119.2,0.6,Mai,2026
Fès,123.6,122.3,-1.1,122.6,122.6,0.0,Mai,2026
Kénitra,121.7,121.7,0.0,121.0,121.0,0.0,Mai,2026
Marrakech,121.6,121.1,-0.4,121.3,121.2,-0.1,Mai,2026
Oujda,120.7,120.4,-0.2,118.3,119.4,0.9,Mai,2026
Rabat,119.8,118.6,-1.0,118.2,118.6,0.3,Mai,2026
Tétouan,123.7,122.8,-0.7,120.1,122.1,1.7,Mai,2026
Meknès,118.9,118.8,-0.1,117.8,118.1,0.3,Mai,2026
Tanger,121.8,120.3,-1.2,119.1,120.4,1.1,Mai,2026
Laâyoune,124.4,123.1,-1.0,122.0,122.4,0.3,Mai,2026
Dakhla,120.1,119.3,-0.7,119.6,119.2,-0.3,Mai,2026
Guelmim,126.2,126.2,0.0,123.3,124.7,1.1,Mai,2026
Settat,118.2,117.2,-0.8,118.3,117.9,-0.3,Mai,2026
Safi,125.5,122.9,-2.1,125.0,123.9,-0.9,Mai,2026
Béni-Mellal,125.4,123.8,-1.3,123.8,124.6,0.6,Mai,2026
Al-Hoceima,128.3,126.8,-1.2,124.9,125.8,0.7,Mai,2026
Errachidia,124.0,122.6,-1.1,121.8,122.4,0.5,Mai,2026
Ensemble,121.5,120.4,-0.9,119.7,120.3,0.5,Mai,2026
Agadir,118.9,120.8,1.6,119.4,119.3,-0.1,Mars,2026
Casablanca,118.4,119.6,1.0,118.9,118.7,-0.2,Mars,2026
Fès,122.4,123.2,0.7,122.3,122.4,0.1,Mars,2026
Kénitra,120.4,121.5,0.9,121.3,120.5,-0.7,Mars,2026
Marrakech,120.6,122.1,1.2,121.6,121.1,-0.4,Mars,2026
Oujda,118.8,120.0,1.0,118.4,118.7,0.3,Mars,2026
Rabat,118.0,119.1,0.9,118.5,118.2,-0.3,Mars,2026
Tétouan,121.4,122.6,1.0,120.2,121.3,0.9,Mars,2026
Meknès,117.5,118.6,0.9,118.1,117.7,-0.3,Mars,2026
Tanger,120.0,121.6,1.3,119.1,120.0,0.8,Mars,2026
Laâyoune,121.1,122.4,1.1,122.9,121.5,-1.1,Mars,2026
Dakhla,118.6,120.0,1.2,120.4,118.9,-1.2,Mars,2026
Guelmim,122.6,125.9,2.7,124.1,123.8,-0.2,Mars,2026
Settat,117.8,118.6,0.7,118.7,118.0,-0.6,Mars,2026
Safi,122.9,124.6,1.4,125.6,123.6,-1.6,Mars,2026
Béni-Mellal,124.4,125.9,1.2,124.8,124.6,-0.2,Mars,2026
Al-Hoceima,123.9,127.2,2.7,124.5,124.7,0.2,Mars,2026
Errachidia,121.0,123.2,1.8,122.2,121.8,-0.3,Mars,2026
Ensemble,119.6,121.0,1.2,120.0,119.9,-0.1,Mars,2026
Agadir,118.3,118.9,0.5,119.5,118.6,-0.8,Février,2026
Casablanca,118.1,118.4,0.3,118.9,118.3,-0.5,Février,2026
Fès,121.5,122.4,0.7,122.4,122.0,-0.3,Février,2026
Kénitra,119.6,120.4,0.7,121.0,120.0,-0.8,Février,2026
Marrakech,120.7,120.6,-0.1,121.8,120.7,-0.9,Février,2026
Oujda,117.2,118.8,1.4,118.5,118.0,-0.4,Février,2026
Rabat,117.6,118.0,0.3,118.5,117.8,-0.6,Février,2026
Tétouan,120.0,121.4,1.2,120.4,120.7,0.2,Février,2026
Meknès,116.9,117.5,0.5,118.1,117.2,-0.8,Février,2026
Tanger,118.3,120.0,1.4,119.2,119.2,0.0,Février,2026
Laâyoune,121.0,121.1,0.1,123.4,121.1,-1.9,Février,2026
Dakhla,118.0,118.6,0.5,120.8,118.3,-2.1,Février,2026
Guelmim,122.8,122.6,-0.2,124.9,122.7,-1.8,Février,2026
Settat,117.5,117.8,0.3,119.1,117.7,-1.2,Février,2026
Safi,123.4,122.9,-0.4,125.9,123.2,-2.1,Février,2026
Béni-Mellal,123.6,124.4,0.6,124.9,124.0,-0.7,Février,2026
Al-Hoceima,123.0,123.9,0.7,124.1,123.5,-0.5,Février,2026
Errachidia,121.3,121.0,-0.2,122.5,121.2,-1.1,Février,2026
Ensemble,119.0,119.6,0.5,120.1,119.3,-0.7,Février,2026
Agadir,117.8,118.3,0.4,119.5,118.3,-1.0,Janvier,2026
Casablanca,117.7,118.1,0.3,118.5,118.1,-0.3,Janvier,2026
Fès,121.6,121.5,-0.1,122.0,121.5,-0.4,Janvier,2026
Kénitra,119.5,119.6,0.1,120.9,119.6,-1.1,Janvier,2026
Marrakech,120.1,120.7,0.5,121.9,120.7,-1.0,Janvier,2026
Oujda,117.1,117.2,0.1,118.2,117.2,-0.8,Janvier,2026
Rabat,117.6,117.6,0.0,118.2,117.6,-0.5,Janvier,2026
Tétouan,119.6,120.0,0.3,120.2,120.0,-0.2,Janvier,2026
Meknès,116.6,116.9,0.3,117.8,116.9,-0.8,Janvier,2026
Tanger,118.5,118.3,-0.2,118.9,118.3,-0.5,Janvier,2026
Laâyoune,121.0,121.0,0.0,123.1,121.0,-1.7,Janvier,2026
Dakhla,118.3,118.0,-0.3,120.7,118.0,-2.2,Janvier,2026
Guelmim,122.1,122.8,0.6,125.1,122.8,-1.8,Janvier,2026
Settat,116.7,117.5,0.7,119.2,117.5,-1.4,Janvier,2026
Safi,122.7,123.4,0.6,126.0,123.4,-2.1,Janvier,2026
Béni-Mellal,121.8,123.6,1.5,124.6,123.6,-0.8,Janvier,2026
Al-Hoceima,122.1,123.0,0.7,123.9,123.0,-0.7,Janvier,2026
Errachidia,121.1,121.3,0.2,122.3,121.3,-0.8,Janvier,2026
Ensemble,118.7,119.0,0.3,119.9,119.0,-0.8,Janvier,2026
Agadir,118.1,117.8,-0.3,117.5,118.7,1.0,Novembre,2025
Casablanca,118.2,117.5,-0.6,117.5,118.4,0.8,Novembre,2025
Fès,122.4,122.1,-0.2,120.5,122.7,1.8,Novembre,2025
Kénitra,120.8,120.3,-0.4,119.1,120.7,1.3,Novembre,2025
Marrakech,120.9,120.4,-0.4,120.9,121.3,0.3,Novembre,2025
Oujda,118.3,117.5,-0.7,118.1,118.3,0.2,Novembre,2025
Rabat,118.0,117.7,-0.3,116.9,118.1,1.0,Novembre,2025
Tétouan,120.2,119.8,-0.3,119.1,120.4,1.1,Novembre,2025
Meknès,117.5,117.0,-0.4,117.0,117.7,0.6,Novembre,2025
Tanger,119.3,118.8,-0.4,118.3,119.3,0.8,Novembre,2025
Laâyoune,122.3,121.4,-0.7,121.6,122.0,0.3,Novembre,2025
Dakhla,118.2,118.2,0.0,118.2,119.0,0.7,Novembre,2025
Guelmim,123.1,122.0,-0.9,121.5,123.2,1.4,Novembre,2025
Settat,117.8,116.4,-1.2,116.6,118.1,1.3,Novembre,2025
Safi,123.2,121.8,-1.1,124.6,124.1,-0.4,Novembre,2025
Béni-Mellal,123.5,122.2,-1.1,122.9,123.5,0.5,Novembre,2025
Al-Hoceima,124.1,122.6,-1.2,124.6,125.3,0.6,Novembre,2025
Errachidia,123.3,121.6,-1.4,120.9,122.2,1.1,Novembre,2025
Ensemble,119.5,118.8,-0.6,118.7,119.6,0.8,Novembre,2025
Agadir,119.1,119.1,0.0,117.4,118.8,1.2,Septembre,2025
Casablanca,118.4,118.9,0.4,117.3,118.5,1.0,Septembre,2025
Fès,123.6,123.2,-0.3,120.4,122.8,2.0,Septembre,2025
Kénitra,120.9,120.6,-0.2,118.9,120.8,1.6,Septembre,2025
Marrakech,121.7,121.9,0.2,120.9,121.4,0.4,Septembre,2025
Oujda,118.6,118.6,0.0,118.1,118.4,0.3,Septembre,2025
Rabat,118.0,118.6,0.5,116.8,118.1,1.1,Septembre,2025
Tétouan,121.4,121.3,-0.1,119.0,120.5,1.3,Septembre,2025
Meknès,118.1,117.6,-0.4,116.9,117.8,0.8,Septembre,2025
Tanger,120.4,120.1,-0.2,118.2,119.3,0.9,Septembre,2025
Laâyoune,122.2,122.9,0.6,121.3,122.0,0.6,Septembre,2025
Dakhla,118.4,118.9,0.4,117.9,119.2,1.1,Septembre,2025
Guelmim,123.4,123.9,0.4,121.1,123.3,1.8,Septembre,2025
Settat,118.8,119.0,0.2,116.4,118.3,1.6,Septembre,2025
Safi,124.4,124.5,0.1,124.6,124.4,-0.2,Septembre,2025
Béni-Mellal,124.1,124.6,0.4,122.7,123.6,0.7,Septembre,2025
Al-Hoceima,129.1,126.0,-2.4,124.9,125.8,0.7,Septembre,2025
Errachidia,122.8,123.9,0.9,120.6,122.1,1.2,Septembre,2025
Ensemble,120.0,120.2,0.2,118.6,119.7,0.9,Septembre,2025
Agadir,118.3,118.3,0.0,117.0,118.7,1.5,Juillet,2025
Casablanca,118.3,118.2,-0.1,117.1,118.4,1.1,Juillet,2025
Fès,122.7,122.7,0.0,120.1,122.6,2.1,Juillet,2025
Kénitra,120.1,120.0,-0.1,118.6,120.8,1.9,Juillet,2025
Marrakech,121.3,121.1,-0.2,120.5,121.3,0.7,Juillet,2025
Oujda,118.8,118.4,-0.3,117.7,118.4,0.6,Juillet,2025
Rabat,117.9,117.7,-0.2,116.6,118.1,1.3,Juillet,2025
Tétouan,120.3,120.6,0.2,118.6,120.2,1.3,Juillet,2025
Meknès,118.1,117.3,-0.7,116.7,117.8,0.9,Juillet,2025
Tanger,119.0,119.1,0.1,118.0,119.1,0.9,Juillet,2025
Laâyoune,122.0,121.4,-0.5,120.8,121.9,0.9,Juillet,2025
Dakhla,118.7,118.7,0.0,117.6,119.4,1.5,Juillet,2025
Guelmim,123.2,122.5,-0.6,120.5,123.2,2.2,Juillet,2025
Settat,118.0,117.4,-0.5,116.0,118.1,1.8,Juillet,2025
Safi,123.2,123.0,-0.2,124.2,124.4,0.2,Juillet,2025
Béni-Mellal,122.6,122.4,-0.2,122.1,123.4,1.1,Juillet,2025
Al-Hoceima,125.8,126.3,0.4,124.1,125.2,0.9,Juillet,2025
Errachidia,121.1,122.1,0.8,120.1,121.7,1.3,Juillet,2025
Ensemble,119.5,119.4,-0.1,118.2,119.6,1.2,Juillet,2025
Agadir,118.2,118.3,0.1,116.9,118.8,1.6,Juin,2025
Casablanca,117.8,118.3,0.4,117.0,118.5,1.3,Juin,2025
Fès,122.6,122.7,0.1,120.1,122.6,2.1,Juin,2025
Kénitra,120.2,120.1,-0.1,118.5,120.9,2.0,Juin,2025
Marrakech,121.0,121.3,0.2,120.3,121.3,0.8,Juin,2025
Oujda,117.8,118.8,0.8,117.6,118.4,0.7,Juin,2025
Rabat,117.5,117.9,0.3,116.6,118.2,1.4,Juin,2025
Tétouan,119.9,120.3,0.3,118.4,120.2,1.5,Juin,2025
Meknès,117.3,118.1,0.7,116.6,117.8,1.0,Juin,2025
Tanger,118.4,119.0,0.5,117.9,119.1,1.0,Juin,2025
Laâyoune,120.8,122.0,1.0,120.6,122.0,1.2,Juin,2025
Dakhla,118.3,118.7,0.3,117.7,119.5,1.5,Juin,2025
Guelmim,122.1,123.2,0.9,120.2,123.3,2.6,Juin,2025
Settat,117.7,118.0,0.3,116.0,118.3,2.0,Juin,2025
Safi,123.3,123.2,-0.1,124.2,124.7,0.4,Juin,2025
Béni-Mellal,121.4,122.6,1.0,121.9,123.6,1.4,Juin,2025
Al-Hoceima,125.7,125.8,0.1,123.7,125.1,1.1,Juin,2025
Errachidia,120.7,121.1,0.3,120.0,121.7,1.4,Juin,2025
Ensemble,119.0,119.5,0.4,118.2,119.7,1.3,Juin,2025
Agadir,118.2,118.2,0.0,116.6,118.9,2.0,Mai,2025
Casablanca,118.2,117.8,-0.3,116.9,118.5,1.4,Mai,2025
Fès,123.2,122.6,-0.5,120.0,122.6,2.2,Mai,2025
Kénitra,121.0,120.2,-0.7,118.5,121.0,2.1,Mai,2025
Marrakech,120.9,121.0,0.1,120.0,121.3,1.1,Mai,2025
Oujda,118.3,117.8,-0.4,117.4,118.3,0.8,Mai,2025
Rabat,117.9,117.5,-0.3,116.4,118.2,1.5,Mai,2025
Tétouan,120.1,119.9,-0.2,118.2,120.1,1.6,Mai,2025
Meknès,117.4,117.3,-0.1,116.5,117.8,1.1,Mai,2025
Tanger,119.7,118.4,-1.1,117.7,119.1,1.2,Mai,2025
Laâyoune,120.5,120.8,0.2,120.3,122.0,1.4,Mai,2025
Dakhla,118.6,118.3,-0.3,117.6,119.6,1.7,Mai,2025
Guelmim,122.3,122.1,-0.2,119.8,123.3,2.9,Mai,2025
Settat,117.7,117.7,0.0,115.9,118.3,2.1,Mai,2025
Safi,124.8,123.3,-1.2,124.0,125.0,0.8,Mai,2025
Béni-Mellal,123.3,121.4,-1.5,121.8,123.8,1.6,Mai,2025
Al-Hoceima,125.5,125.7,0.2,123.2,124.9,1.4,Mai,2025
Errachidia,121.6,120.7,-0.7,119.6,121.8,1.8,Mai,2025
Ensemble,119.5,119.0,-0.4,118.0,119.7,1.4,Mai,2025
Agadir,119.5,119.2,-0.3,115.8,119.4,3.1,Mars,2025
Casablanca,119.2,118.9,-0.3,116.7,118.9,1.9,Mars,2025
Fès,122.7,122.3,-0.3,119.6,122.3,2.3,Mars,2025
Kénitra,121.0,122.1,0.9,118.1,121.3,2.7,Mars,2025
Marrakech,121.6,121.2,-0.3,119.5,121.6,1.8,Mars,2025
Oujda,118.7,118.4,-0.3,116.8,118.4,1.4,Mars,2025
Rabat,118.8,118.6,-0.2,116.0,118.5,2.2,Mars,2025
Tétouan,120.5,120.0,-0.4,117.6,120.2,2.2,Mars,2025
Meknès,118.4,118.0,-0.3,116.2,118.1,1.6,Mars,2025
Tanger,119.4,119.1,-0.3,117.1,119.1,1.7,Mars,2025
Laâyoune,123.7,121.8,-1.5,120.0,122.9,2.4,Mars,2025
Dakhla,120.9,119.6,-1.1,117.4,120.4,2.6,Mars,2025
Guelmim,124.7,122.4,-1.8,119.0,124.1,4.3,Mars,2025
Settat,119.0,117.9,-0.9,115.4,118.7,2.9,Mars,2025
Safi,125.7,125.0,-0.6,123.6,125.6,1.6,Mars,2025
Béni-Mellal,125.2,124.5,-0.6,121.6,124.8,2.6,Mars,2025
Al-Hoceima,124.2,125.3,0.9,122.2,124.5,1.9,Mars,2025
Errachidia,122.7,121.7,-0.8,119.1,122.2,2.6,Mars,2025
Ensemble,120.3,119.9,-0.3,117.6,120.0,2.0,Mars,2025
Agadir,119.5,119.5,0.0,115.5,119.5,3.5,Février,2025
Casablanca,118.5,119.2,0.6,116.6,118.9,2.0,Février,2025
Fès,122.0,122.7,0.6,119.4,122.4,2.5,Février,2025
Kénitra,120.9,121.0,0.1,117.8,121.0,2.7,Février,2025
Marrakech,121.9,121.6,-0.2,119.1,121.8,2.3,Février,2025
Oujda,118.2,118.7,0.4,116.6,118.5,1.6,Février,2025
Rabat,118.2,118.8,0.5,115.8,118.5,2.3,Février,2025
Tétouan,120.2,120.5,0.2,117.2,120.4,2.7,Février,2025
Meknès,117.8,118.4,0.5,116.1,118.1,1.7,Février,2025
Tanger,118.9,119.4,0.4,116.6,119.2,2.2,Février,2025
Laâyoune,123.1,123.7,0.5,119.5,123.4,3.3,Février,2025
Dakhla,120.7,120.9,0.2,117.0,120.8,3.2,Février,2025
Guelmim,125.1,124.7,-0.3,118.8,124.9,5.1,Février,2025
Settat,119.2,119.0,-0.2,115.1,119.1,3.5,Février,2025
Safi,126.0,125.7,-0.2,123.2,125.9,2.2,Février,2025
Béni-Mellal,124.6,125.2,0.5,121.4,124.9,2.9,Février,2025
Al-Hoceima,123.9,124.2,0.2,121.8,124.1,1.9,Février,2025
Errachidia,122.3,122.7,0.3,118.9,122.5,3.0,Février,2025
Ensemble,119.9,120.3,0.3,117.4,120.1,2.3,Février,2025
Agadir,118.8,119.5,0.6,115.6,119.5,3.4,Janvier,2025
Casablanca,117.9,118.5,0.5,116.8,118.5,1.5,Janvier,2025
Fès,121.2,122.0,0.7,119.6,122.0,2.0,Janvier,2025
Kénitra,119.7,120.9,1.0,117.9,120.9,2.5,Janvier,2025
Marrakech,120.7,121.9,1.0,119.3,121.9,2.2,Janvier,2025
Oujda,117.4,118.2,0.7,116.6,118.2,1.4,Janvier,2025
Rabat,117.6,118.2,0.5,116.0,118.2,1.9,Janvier,2025
Tétouan,118.9,120.2,1.1,117.2,120.2,2.6,Janvier,2025
Meknès,116.8,117.8,0.9,116.2,117.8,1.4,Janvier,2025
Tanger,118.0,118.9,0.8,116.6,118.9,2.0,Janvier,2025
Laâyoune,123.7,123.1,-0.5,119.5,123.1,3.0,Janvier,2025
Dakhla,120.1,120.7,0.5,117.2,120.7,3.0,Janvier,2025
Guelmim,123.8,125.1,1.1,118.7,125.1,5.4,Janvier,2025
Settat,117.4,119.2,1.5,115.0,119.2,3.7,Janvier,2025
Safi,124.4,126.0,1.3,123.4,126.0,2.1,Janvier,2025
Béni-Mellal,123.6,124.6,0.8,121.8,124.6,2.3,Janvier,2025
Al-Hoceima,122.5,123.9,1.1,122.3,123.9,1.3,Janvier,2025
Errachidia,121.2,122.3,0.9,119.2,122.3,2.6,Janvier,2025
Ensemble,119.0,119.9,0.8,117.5,119.9,2.0,Janvier,2025
Agadir,118.0,118.3,0.3,115.9,117.5,1.4,Novembre,2024
Casablanca,118.3,118.2,-0.1,116.5,117.5,0.9,Novembre,2024
Fès,120.9,121.3,0.3,118.7,120.5,1.5,Novembre,2024
Kénitra,119.9,119.7,-0.2,118.3,119.1,0.7,Novembre,2024
Marrakech,121.3,120.8,-0.4,119.3,120.9,1.3,Novembre,2024
Oujda,118.3,118.0,-0.3,117.6,118.1,0.4,Novembre,2024
Rabat,117.6,117.7,0.1,115.2,116.9,1.5,Novembre,2024
Tétouan,119.8,119.1,-0.6,117.3,119.1,1.5,Novembre,2024
Meknès,117.6,117.5,-0.1,117.0,117.0,0.0,Novembre,2024
Tanger,118.8,118.1,-0.6,117.5,118.3,0.7,Novembre,2024
Laâyoune,122.9,123.5,0.5,118.1,121.6,3.0,Novembre,2024
Dakhla,119.2,119.8,0.5,116.3,118.2,1.6,Novembre,2024
Guelmim,122.9,123.2,0.2,119.1,121.5,2.0,Novembre,2024
Settat,117.9,117.2,-0.6,116.1,116.6,0.4,Novembre,2024
Safi,125.3,124.3,-0.8,122.5,124.6,1.7,Novembre,2024
Béni-Mellal,123.9,123.0,-0.7,122.9,122.9,0.0,Novembre,2024
Al-Hoceima,123.9,122.8,-0.9,123.5,124.6,0.9,Novembre,2024
Errachidia,122.8,121.9,-0.7,119.7,120.9,1.0,Novembre,2024
Ensemble,119.4,119.2,-0.2,117.5,118.7,1.0,Novembre,2024
Agadir,119.2,118.4,-0.7,115.6,117.4,1.6,Septembre,2024
Casablanca,118.1,118.3,0.2,116.3,117.3,0.9,Septembre,2024
Fès,121.3,121.2,-0.1,118.4,120.4,1.7,Septembre,2024
Kénitra,119.9,120.2,0.3,118.2,118.9,0.6,Septembre,2024
Marrakech,122.2,122.2,0.0,119.0,120.9,1.6,Septembre,2024
Oujda,119.6,119.5,-0.1,117.5,118.1,0.5,Septembre,2024
Rabat,117.4,117.7,0.3,114.9,116.8,1.7,Septembre,2024
Tétouan,120.7,120.4,-0.2,117.1,119.0,1.6,Septembre,2024
Meknès,117.8,117.8,0.0,117.0,116.9,-0.1,Septembre,2024
Tanger,119.2,119.0,-0.2,117.4,118.2,0.7,Septembre,2024
Laâyoune,122.8,123.2,0.3,117.6,121.3,3.1,Septembre,2024
Dakhla,118.6,119.2,0.5,115.9,117.9,1.7,Septembre,2024
Guelmim,123.0,123.7,0.6,119.0,121.1,1.8,Septembre,2024
Settat,117.6,118.1,0.4,116.0,116.4,0.3,Septembre,2024
Safi,125.9,126.3,0.3,122.3,124.6,1.9,Septembre,2024
Béni-Mellal,124.7,125.1,0.3,123.0,122.7,-0.2,Septembre,2024
Al-Hoceima,129.7,126.2,-2.7,123.5,124.9,1.1,Septembre,2024
Errachidia,122.2,122.6,0.3,119.7,120.6,0.8,Septembre,2024
Ensemble,119.7,119.7,0.0,117.3,118.6,1.1,Septembre,2024
Agadir,118.4,117.9,-0.4,115.3,117.0,1.5,Juillet,2024
Casablanca,117.5,117.4,-0.1,116.0,117.1,0.9,Juillet,2024
Fès,120.8,120.2,-0.5,118.3,120.1,1.5,Juillet,2024
Kénitra,118.4,118.9,0.4,118.0,118.6,0.5,Juillet,2024
Marrakech,122.1,121.5,-0.5,118.7,120.5,1.5,Juillet,2024
Oujda,118.7,118.4,-0.3,117.1,117.7,0.5,Juillet,2024
Rabat,117.2,116.7,-0.4,114.7,116.6,1.7,Juillet,2024
Tétouan,119.7,119.6,-0.1,116.7,118.6,1.6,Juillet,2024
Meknès,117.3,117.0,-0.3,116.8,116.7,-0.1,Juillet,2024
Tanger,118.5,118.7,0.2,117.1,118.0,0.8,Juillet,2024
Laâyoune,121.7,122.3,0.5,117.1,120.8,3.2,Juillet,2024
Dakhla,117.9,117.3,-0.5,115.6,117.6,1.7,Juillet,2024
Guelmim,122.2,122.4,0.2,118.7,120.5,1.5,Juillet,2024
Settat,116.6,116.3,-0.3,115.8,116.0,0.2,Juillet,2024
Safi,125.3,124.0,-1.0,122.1,124.2,1.7,Juillet,2024
Béni-Mellal,122.7,123.3,0.5,122.7,122.1,-0.5,Juillet,2024
Al-Hoceima,126.2,126.2,0.0,122.8,124.1,1.1,Juillet,2024
Errachidia,122.1,120.7,-1.1,119.6,120.1,0.4,Juillet,2024
Ensemble,119.0,118.8,-0.2,117.0,118.2,1.0,Juillet,2024
Agadir,117.8,118.4,0.5,115.2,116.9,1.5,Juin,2024
Casablanca,117.3,117.5,0.2,116.0,117.0,0.9,Juin,2024
Fès,120.0,120.8,0.7,118.4,120.1,1.4,Juin,2024
Kénitra,118.7,118.4,-0.3,118.0,118.5,0.4,Juin,2024
Marrakech,120.9,122.1,1.0,118.7,120.3,1.3,Juin,2024
Oujda,117.9,118.7,0.7,117.2,117.6,0.3,Juin,2024
Rabat,117.1,117.2,0.1,114.6,116.6,1.7,Juin,2024
Tétouan,119.0,119.7,0.6,116.5,118.4,1.6,Juin,2024
Meknès,116.8,117.3,0.4,116.8,116.6,-0.2,Juin,2024
Tanger,118.6,118.5,-0.1,117.1,117.9,0.7,Juin,2024
Laâyoune,121.2,121.7,0.4,116.9,120.6,3.2,Juin,2024
Dakhla,118.2,117.9,-0.3,115.6,117.7,1.8,Juin,2024
Guelmim,121.5,122.2,0.6,118.7,120.2,1.3,Juin,2024
Settat,116.5,116.6,0.1,116.0,116.0,0.0,Juin,2024
Safi,124.6,125.3,0.6,122.1,124.2,1.7,Juin,2024
Béni-Mellal,122.2,122.7,0.4,122.5,121.9,-0.5,Juin,2024
Al-Hoceima,124.0,126.2,1.8,122.3,123.7,1.1,Juin,2024
Errachidia,120.3,122.1,1.5,119.6,120.0,0.3,Juin,2024
Ensemble,118.5,119.0,0.4,117.0,118.2,1.0,Juin,2024
Agadir,117.6,117.8,0.2,115.1,116.6,1.3,Mai,2024
Casablanca,117.4,117.3,-0.1,116.0,116.9,0.8,Mai,2024
Fès,120.9,120.0,-0.7,118.4,120.0,1.4,Mai,2024
Kénitra,119.6,118.7,-0.8,118.2,118.5,0.3,Mai,2024
Marrakech,120.5,120.9,0.3,118.7,120.0,1.1,Mai,2024
Oujda,118.5,117.9,-0.5,117.4,117.4,0.0,Mai,2024
Rabat,117.0,117.1,0.1,114.7,116.4,1.5,Mai,2024
Tétouan,119.2,119.0,-0.2,116.5,118.2,1.5,Mai,2024
Meknès,116.9,116.8,-0.1,116.8,116.5,-0.3,Mai,2024
Tanger,118.8,118.6,-0.2,117.0,117.7,0.6,Mai,2024
Laâyoune,120.4,121.2,0.7,116.8,120.3,3.0,Mai,2024
Dakhla,117.8,118.2,0.3,115.7,117.6,1.6,Mai,2024
Guelmim,120.3,121.5,1.0,118.7,119.8,0.9,Mai,2024
Settat,116.7,116.5,-0.2,116.2,115.9,-0.3,Mai,2024
Safi,124.6,124.6,0.0,122.3,124.0,1.4,Mai,2024
Béni-Mellal,122.0,122.2,0.2,122.5,121.8,-0.6,Mai,2024
Al-Hoceima,125.3,124.0,-1.0,122.4,123.2,0.7,Mai,2024
Errachidia,120.4,120.3,-0.1,119.6,119.6,0.0,Mai,2024
Ensemble,118.7,118.5,-0.2,117.0,118.0,0.9,Mai,2024
Agadir,115.4,116.4,0.9,114.4,115.8,1.2,Mars,2024
Casablanca,116.4,116.8,0.3,115.3,116.7,1.2,Mars,2024
Fès,119.2,120.1,0.8,117.4,119.6,1.9,Mars,2024
Kénitra,117.6,118.8,1.0,117.4,118.1,0.6,Mars,2024
Marrakech,118.9,120.2,1.1,118.0,119.5,1.3,Mars,2024
Oujda,116.5,117.4,0.8,116.4,116.8,0.3,Mars,2024
Rabat,115.6,116.4,0.7,114.2,116.0,1.6,Mars,2024
Tétouan,117.2,118.3,0.9,115.6,117.6,1.7,Mars,2024
Meknès,115.9,116.6,0.6,115.9,116.2,0.3,Mars,2024
Tanger,116.6,118.0,1.2,115.9,117.1,1.0,Mars,2024
Laâyoune,119.5,121.1,1.3,115.4,120.0,4.0,Mars,2024
Dakhla,116.8,118.1,1.1,115.0,117.4,2.1,Mars,2024
Guelmim,118.9,119.4,0.4,118.2,119.0,0.7,Mars,2024
Settat,115.2,116.0,0.7,115.5,115.4,-0.1,Mars,2024
Safi,122.9,124.4,1.2,121.2,123.6,2.0,Mars,2024
Béni-Mellal,120.9,122.0,0.9,120.9,121.6,0.6,Mars,2024
Al-Hoceima,121.3,123.1,1.5,120.5,122.2,1.4,Mars,2024
Errachidia,118.5,119.7,1.0,118.4,119.1,0.6,Mars,2024
Ensemble,117.2,118.0,0.7,116.2,117.6,1.2,Mars,2024
Agadir,115.6,115.4,-0.2,114.0,115.5,1.3,Février,2024
Casablanca,116.8,116.4,-0.3,115.2,116.6,1.2,Février,2024
Fès,119.6,119.2,-0.3,116.9,119.4,2.1,Février,2024
Kénitra,117.9,117.6,-0.3,116.9,117.8,0.8,Février,2024
Marrakech,119.3,118.9,-0.3,117.4,119.1,1.4,Février,2024
Oujda,116.6,116.5,-0.1,116.1,116.6,0.4,Février,2024
Rabat,116.0,115.6,-0.3,114.0,115.8,1.6,Février,2024
Tétouan,117.2,117.2,0.0,115.2,117.2,1.7,Février,2024
Meknès,116.2,115.9,-0.3,115.6,116.1,0.4,Février,2024
Tanger,116.6,116.6,0.0,115.5,116.6,1.0,Février,2024
Laâyoune,119.5,119.5,0.0,115.1,119.5,3.8,Février,2024
Dakhla,117.2,116.8,-0.3,114.8,117.0,1.9,Février,2024
Guelmim,118.7,118.9,0.2,117.4,118.8,1.2,Février,2024
Settat,115.0,115.2,0.2,115.0,115.1,0.1,Février,2024
Safi,123.4,122.9,-0.4,120.7,123.2,2.1,Février,2024
Béni-Mellal,121.8,120.9,-0.7,120.1,121.4,1.1,Février,2024
Al-Hoceima,122.3,121.3,-0.8,119.5,121.8,1.9,Février,2024
Errachidia,119.2,118.5,-0.6,118.1,118.9,0.7,Février,2024
Ensemble,117.5,117.2,-0.3,115.9,117.4,1.3,Février,2024
Agadir,116.3,115.6,-0.6,113.2,115.6,2.1,Janvier,2024
Casablanca,117.7,116.8,-0.8,114.5,116.8,2.0,Janvier,2024
Fès,119.8,119.6,-0.2,115.7,119.6,3.4,Janvier,2024
Kénitra,118.7,117.9,-0.7,115.6,117.9,2.0,Janvier,2024
Marrakech,119.8,119.3,-0.4,116.3,119.3,2.6,Janvier,2024
Oujda,117.8,116.6,-1.0,114.9,116.6,1.5,Janvier,2024
Rabat,116.6,116.0,-0.5,113.2,116.0,2.5,Janvier,2024
Tétouan,117.5,117.2,-0.3,114.3,117.2,2.5,Janvier,2024
Meknès,116.9,116.2,-0.6,114.8,116.2,1.2,Janvier,2024
Tanger,117.2,116.6,-0.5,114.4,116.6,1.9,Janvier,2024
Laâyoune,119.2,119.5,0.3,114.4,119.5,4.5,Janvier,2024
Dakhla,117.7,117.2,-0.4,114.2,117.2,2.6,Janvier,2024
Guelmim,119.4,118.7,-0.6,116.6,118.7,1.8,Janvier,2024
Settat,115.2,115.0,-0.2,113.7,115.0,1.1,Janvier,2024
Safi,123.4,123.4,0.0,119.2,123.4,3.5,Janvier,2024
Béni-Mellal,122.6,121.8,-0.7,118.6,121.8,2.7,Janvier,2024
Al-Hoceima,123.1,122.3,-0.6,117.9,122.3,3.7,Janvier,2024
Errachidia,119.7,119.2,-0.4,116.7,119.2,2.1,Janvier,2024
Ensemble,118.2,117.5,-0.6,114.9,117.5,2.3,Janvier,2024
Agadir,117.5,116.4,-0.9,109.0,115.9,6.3,Novembre,2023
Casablanca,118.0,117.5,-0.4,110.9,116.5,5.0,Novembre,2023
Fès,119.8,120.1,0.3,110.9,118.7,7.0,Novembre,2023
Kénitra,119.3,118.4,-0.8,110.8,118.3,6.8,Novembre,2023
Marrakech,120.9,120.1,-0.7,111.1,119.3,7.4,Novembre,2023
Oujda,118.3,118.3,0.0,109.5,117.6,7.4,Novembre,2023
Rabat,116.8,116.7,-0.1,109.7,115.2,5.0,Novembre,2023
Tétouan,118.5,117.7,-0.7,109.2,117.3,7.4,Novembre,2023
Meknès,117.5,116.8,-0.6,110.2,117.0,6.2,Novembre,2023
Tanger,118.4,117.7,-0.6,110.4,117.5,6.4,Novembre,2023
Laâyoune,120.5,119.5,-0.8,109.5,118.1,7.9,Novembre,2023
Dakhla,117.7,118.0,0.3,109.2,116.3,6.5,Novembre,2023
Guelmim,119.9,119.6,-0.3,111.7,119.1,6.6,Novembre,2023
Settat,116.5,116.3,-0.2,110.1,116.1,5.4,Novembre,2023
Safi,122.5,123.6,0.9,113.7,122.5,7.7,Novembre,2023
Béni-Mellal,122.1,122.7,0.5,112.5,122.9,9.2,Novembre,2023
Al-Hoceima,123.6,123.4,-0.2,111.7,123.5,10.6,Novembre,2023
Errachidia,120.3,119.5,-0.7,110.4,119.7,8.4,Novembre,2023
Ensemble,118.6,118.3,-0.3,110.5,117.5,6.3,Novembre,2023
Agadir,116.5,117.4,0.8,108.3,115.6,6.7,Septembre,2023
Casablanca,116.5,117.9,1.2,110.1,116.3,5.6,Septembre,2023
Fès,118.7,119.2,0.4,110.2,118.4,7.4,Septembre,2023
Kénitra,118.7,118.7,0.0,109.8,118.2,7.7,Septembre,2023
Marrakech,119.3,121.1,1.5,110.4,119.0,7.8,Septembre,2023
Oujda,118.6,118.6,0.0,108.8,117.5,8.0,Septembre,2023
Rabat,114.9,116.2,1.1,109.1,114.9,5.3,Septembre,2023
Tétouan,118.6,118.4,-0.2,108.4,117.1,8.0,Septembre,2023
Meknès,117.3,118.3,0.9,109.4,117.0,6.9,Septembre,2023
Tanger,118.0,118.2,0.2,109.8,117.4,6.9,Septembre,2023
Laâyoune,119.0,119.8,0.7,108.7,117.6,8.2,Septembre,2023
Dakhla,116.4,117.9,1.3,108.5,115.9,6.8,Septembre,2023
Guelmim,119.6,119.9,0.3,110.8,119.0,7.4,Septembre,2023
Settat,116.1,117.2,0.9,109.4,116.0,6.0,Septembre,2023
Safi,122.3,123.7,1.1,112.8,122.3,8.4,Septembre,2023
Béni-Mellal,122.3,125.4,2.5,111.4,123.0,10.4,Septembre,2023
Al-Hoceima,126.6,125.3,-1.0,110.7,123.5,11.6,Septembre,2023
Errachidia,119.9,120.3,0.3,109.4,119.7,9.4,Septembre,2023
Ensemble,117.7,118.7,0.8,109.7,117.3,6.9,Septembre,2023
Agadir,115.5,115.9,0.3,107.5,115.3,7.3,Juillet,2023
Casablanca,115.9,116.2,0.3,109.3,116.0,6.1,Juillet,2023
Fès,118.4,117.8,-0.5,109.6,118.3,7.9,Juillet,2023
Kénitra,117.3,118.1,0.7,108.9,118.0,8.4,Juillet,2023
Marrakech,118.6,118.8,0.2,109.5,118.7,8.4,Juillet,2023
Oujda,116.4,116.7,0.3,107.8,117.1,8.6,Juillet,2023
Rabat,114.5,115.1,0.5,108.4,114.7,5.8,Juillet,2023
Tétouan,116.5,117.8,1.1,107.3,116.7,8.8,Juillet,2023
Meknès,116.6,117.0,0.3,108.5,116.8,7.6,Juillet,2023
Tanger,117.3,117.6,0.3,108.9,117.1,7.5,Juillet,2023
Laâyoune,117.7,118.4,0.6,107.7,117.1,8.7,Juillet,2023
Dakhla,114.6,115.7,1.0,107.9,115.6,7.1,Juillet,2023
Guelmim,118.5,119.2,0.6,110.1,118.7,7.8,Juillet,2023
Settat,114.7,115.2,0.4,108.6,115.8,6.6,Juillet,2023
Safi,120.9,122.4,1.2,111.9,122.1,9.1,Juillet,2023
Béni-Mellal,122.3,124.0,1.4,110.1,122.7,11.4,Juillet,2023
Al-Hoceima,122.2,125.7,2.9,109.1,122.8,12.6,Juillet,2023
Errachidia,119.8,119.5,-0.3,108.4,119.6,10.3,Juillet,2023
Ensemble,116.9,117.3,0.3,108.9,117.0,7.4,Juillet,2023
Agadir,116.1,115.5,-0.5,107.1,115.2,7.6,Juin,2023
Casablanca,116.7,115.9,-0.7,108.9,116.0,6.5,Juin,2023
Fès,119.8,118.4,-1.2,109.2,118.4,8.4,Juin,2023
Kénitra,119.4,117.3,-1.8,108.3,118.0,9.0,Juin,2023
Marrakech,119.5,118.6,-0.8,109.0,118.7,8.9,Juin,2023
Oujda,118.1,116.4,-1.4,107.3,117.2,9.2,Juin,2023
Rabat,115.1,114.5,-0.5,107.9,114.6,6.2,Juin,2023
Tétouan,117.8,116.5,-1.1,106.8,116.5,9.1,Juin,2023
Meknès,118.4,116.6,-1.5,108.0,116.8,8.1,Juin,2023
Tanger,118.3,117.3,-0.8,108.4,117.1,8.0,Juin,2023
Laâyoune,118.7,117.7,-0.8,107.2,116.9,9.0,Juin,2023
Dakhla,116.7,114.6,-1.8,107.5,115.6,7.5,Juin,2023
Guelmim,119.2,118.5,-0.6,109.7,118.7,8.2,Juin,2023
Settat,116.9,114.7,-1.9,108.0,116.0,7.4,Juin,2023
Safi,123.5,120.9,-2.1,111.4,122.1,9.6,Juin,2023
Béni-Mellal,125.1,122.3,-2.2,109.5,122.5,11.9,Juin,2023
Al-Hoceima,124.0,122.2,-1.5,107.9,122.3,13.3,Juin,2023
Errachidia,121.1,119.8,-1.1,107.7,119.6,11.0,Juin,2023
Ensemble,118.0,116.9,-0.9,108.4,117.0,7.9,Juin,2023
Agadir,116.3,116.1,-0.2,106.7,115.1,7.9,Mai,2023
Casablanca,117.2,116.7,-0.4,108.4,116.0,7.0,Mai,2023
Fès,119.9,119.8,-0.1,109.0,118.4,8.6,Mai,2023
Kénitra,119.3,119.4,0.1,107.7,118.2,9.7,Mai,2023
Marrakech,120.2,119.5,-0.6,108.4,118.7,9.5,Mai,2023
Oujda,119.5,118.1,-1.2,106.8,117.4,9.9,Mai,2023
Rabat,115.5,115.1,-0.3,107.4,114.7,6.8,Mai,2023
Tétouan,118.0,117.8,-0.2,106.3,116.5,9.6,Mai,2023
Meknès,118.0,118.4,0.3,107.5,116.8,8.7,Mai,2023
Tanger,119.2,118.3,-0.8,107.9,117.0,8.4,Mai,2023
Laâyoune,118.8,118.7,-0.1,106.8,116.8,9.4,Mai,2023
Dakhla,117.0,116.7,-0.3,107.3,115.7,7.8,Mai,2023
Guelmim,119.7,119.2,-0.4,109.5,118.7,8.4,Mai,2023
Settat,117.6,116.9,-0.6,107.6,116.2,8.0,Mai,2023
Safi,124.7,123.5,-1.0,111.1,122.3,10.1,Mai,2023
Béni-Mellal,124.8,125.1,0.2,109.0,122.5,12.4,Mai,2023
Al-Hoceima,126.4,124.0,-1.9,107.4,122.4,14.0,Mai,2023
Errachidia,121.4,121.1,-0.2,107.2,119.6,11.6,Mai,2023
Ensemble,118.5,118.0,-0.4,107.9,117.0,8.4,Mai,2023
Agadir,114.8,115.1,0.3,105.6,114.4,8.3,Mars,2023
Casablanca,115.9,115.6,-0.3,107.2,115.3,7.6,Mars,2023
Fès,118.1,118.4,0.3,107.0,117.4,9.7,Mars,2023
Kénitra,118.2,118.4,0.2,106.1,117.4,10.7,Mars,2023
Marrakech,118.4,119.2,0.7,106.9,118.0,10.4,Mars,2023
Oujda,117.2,117.1,-0.1,105.2,116.4,10.6,Mars,2023
Rabat,114.8,114.7,-0.1,106.0,114.2,7.7,Mars,2023
Tétouan,116.1,116.4,0.3,104.9,115.6,10.2,Mars,2023
Meknès,116.4,116.4,0.0,106.0,115.9,9.3,Mars,2023
Tanger,116.5,116.7,0.2,106.3,115.9,9.0,Mars,2023
Laâyoune,115.8,116.1,0.3,105.6,115.4,9.3,Mars,2023
Dakhla,115.4,115.4,0.0,106.1,115.0,8.4,Mars,2023
Guelmim,118.1,119.8,1.4,108.9,118.2,8.5,Mars,2023
Settat,116.3,116.5,0.2,106.6,115.5,8.3,Mars,2023
Safi,122.2,122.1,-0.1,109.6,121.2,10.6,Mars,2023
Béni-Mellal,121.6,122.6,0.8,107.6,120.9,12.4,Mars,2023
Al-Hoceima,121.0,122.5,1.2,105.1,120.5,14.7,Mars,2023
Errachidia,119.5,119.1,-0.3,105.5,118.4,12.2,Mars,2023
Ensemble,116.8,116.9,0.1,106.5,116.2,9.1,Mars,2023
Agadir,113.2,114.8,1.4,105.1,114.0,8.5,Février,2023
Casablanca,114.5,115.9,1.2,106.7,115.2,8.0,Février,2023
Fès,115.7,118.1,2.1,106.0,116.9,10.3,Février,2023
Kénitra,115.6,118.2,2.2,105.4,116.9,10.9,Février,2023
Marrakech,116.3,118.4,1.8,106.2,117.4,10.5,Février,2023
Oujda,114.9,117.2,2.0,104.4,116.1,11.2,Février,2023
Rabat,113.2,114.8,1.4,105.5,114.0,8.1,Février,2023
Tétouan,114.3,116.1,1.6,104.0,115.2,10.8,Février,2023
Meknès,114.8,116.4,1.4,105.2,115.6,9.9,Février,2023
Tanger,114.4,116.5,1.8,105.4,115.5,9.6,Février,2023
Laâyoune,114.4,115.8,1.2,104.9,115.1,9.7,Février,2023
Dakhla,114.2,115.4,1.1,105.5,114.8,8.8,Février,2023
Guelmim,116.6,118.1,1.3,108.5,117.4,8.2,Février,2023
Settat,113.7,116.3,2.3,105.8,115.0,8.7,Février,2023
Safi,119.2,122.2,2.5,108.7,120.7,11.0,Février,2023
Béni-Mellal,118.6,121.6,2.5,106.6,120.1,12.7,Février,2023
Al-Hoceima,117.9,121.0,2.6,104.2,119.5,14.7,Février,2023
Errachidia,116.7,119.5,2.4,104.6,118.1,12.9,Février,2023
Ensemble,114.9,116.8,1.7,105.8,115.9,9.5,Février,2023
Agadir,112.4,113.2,0.7,104.8,113.2,8.0,Janvier,2023
Casablanca,114.5,114.5,0.0,106.7,114.5,7.3,Janvier,2023
Fès,114.8,115.7,0.8,105.4,115.7,9.8,Janvier,2023
Kénitra,115.4,115.6,0.2,105.0,115.6,10.1,Janvier,2023
Marrakech,115.4,116.3,0.8,105.5,116.3,10.2,Janvier,2023
Oujda,113.9,114.9,0.9,103.9,114.9,10.6,Janvier,2023
Rabat,112.8,113.2,0.4,105.1,113.2,7.7,Janvier,2023
Tétouan,113.3,114.3,0.9,103.6,114.3,10.3,Janvier,2023
Meknès,114.4,114.8,0.3,104.9,114.8,9.4,Janvier,2023
Tanger,113.3,114.4,1.0,104.8,114.4,9.2,Janvier,2023
Laâyoune,113.1,114.4,1.1,104.8,114.4,9.2,Janvier,2023
Dakhla,113.3,114.2,0.8,105.2,114.2,8.6,Janvier,2023
Guelmim,115.2,116.6,1.2,108.0,116.6,8.0,Janvier,2023
Settat,113.3,113.7,0.4,105.8,113.7,7.5,Janvier,2023
Safi,117.9,119.2,1.1,108.3,119.2,10.1,Janvier,2023
Béni-Mellal,117.6,118.6,0.9,106.1,118.6,11.8,Janvier,2023
Al-Hoceima,117.8,117.9,0.1,103.9,117.9,13.5,Janvier,2023
Errachidia,115.3,116.7,1.2,104.6,116.7,11.6,Janvier,2023
Ensemble,114.3,114.9,0.5,105.5,114.9,8.9,Janvier,2023
Agadir,111.7,112.5,0.7,103.7,109.0,5.1,Novembre,2022
Casablanca,114.2,114.7,0.4,104.2,110.9,6.4,Novembre,2022
Fès,113.9,114.7,0.7,103.8,110.9,6.8,Novembre,2022
Kénitra,114.8,115.1,0.3,102.8,110.8,7.8,Novembre,2022
Marrakech,113.9,115.0,1.0,103.7,111.1,7.1,Novembre,2022
Oujda,112.2,113.5,1.2,102.7,109.5,6.6,Novembre,2022
Rabat,112.4,112.9,0.4,103.7,109.7,5.8,Novembre,2022
Tétouan,112.4,113.2,0.7,102.4,109.2,6.6,Novembre,2022
Meknès,113.6,114.1,0.4,103.4,110.2,6.6,Novembre,2022
Tanger,113.0,113.1,0.1,103.6,110.4,6.6,Novembre,2022
Laâyoune,113.3,113.2,-0.1,104.2,109.5,5.1,Novembre,2022
Dakhla,111.8,112.6,0.7,103.9,109.2,5.1,Novembre,2022
Guelmim,115.4,115.3,-0.1,105.7,111.7,5.7,Novembre,2022
Settat,112.7,113.5,0.7,103.3,110.1,6.6,Novembre,2022
Safi,117.0,118.0,0.9,106.2,113.7,7.1,Novembre,2022
Béni-Mellal,117.7,116.9,-0.7,104.2,112.5,8.0,Novembre,2022
Al-Hoceima,115.1,116.6,1.3,103.5,111.7,7.9,Novembre,2022
Errachidia,114.1,115.1,0.9,102.8,110.4,7.4,Novembre,2022
Ensemble,113.7,114.2,0.4,103.8,110.5,6.5,Novembre,2022
Agadir,110.9,111.3,0.4,103.6,108.3,4.5,Septembre,2022
Casablanca,112.1,113.3,1.1,103.8,110.1,6.1,Septembre,2022
Fès,111.8,112.7,0.8,103.4,110.2,6.6,Septembre,2022
Kénitra,112.4,113.8,1.2,102.3,109.8,7.3,Septembre,2022
Marrakech,112.6,114.0,1.2,103.3,110.4,6.9,Septembre,2022
Oujda,111.7,112.9,1.1,102.4,108.8,6.3,Septembre,2022
Rabat,110.8,112.2,1.3,103.4,109.1,5.5,Septembre,2022
Tétouan,111.6,112.5,0.8,102.2,108.4,6.1,Septembre,2022
Meknès,111.9,113.3,1.3,103.2,109.4,6.0,Septembre,2022
Tanger,112.6,113.0,0.4,103.4,109.8,6.2,Septembre,2022
Laâyoune,111.7,112.2,0.4,104.0,108.7,4.5,Septembre,2022
Dakhla,110.1,111.1,0.9,103.6,108.5,4.7,Septembre,2022
Guelmim,113.0,114.0,0.9,105.2,110.8,5.3,Septembre,2022
Settat,111.6,112.4,0.7,102.9,109.4,6.3,Septembre,2022
Safi,115.8,116.3,0.4,105.7,112.8,6.7,Septembre,2022
Béni-Mellal,115.0,117.2,1.9,103.6,111.4,7.5,Septembre,2022
Al-Hoceima,117.3,115.9,-1.2,103.2,110.7,7.3,Septembre,2022
Errachidia,112.1,114.1,1.8,102.5,109.4,6.7,Septembre,2022
Ensemble,112.1,113.2,1.0,103.4,109.7,6.1,Septembre,2022
Agadir,109.2,109.9,0.6,103.2,107.5,4.2,Juillet,2022
Casablanca,111.3,111.9,0.5,103.6,109.3,5.5,Juillet,2022
Fès,110.5,111.5,0.9,103.3,109.6,6.1,Juillet,2022
Kénitra,111.0,112.5,1.4,102.2,108.9,6.6,Juillet,2022
Marrakech,111.9,112.8,0.8,103.0,109.5,6.3,Juillet,2022
Oujda,110.1,110.8,0.6,102.3,107.8,5.4,Juillet,2022
Rabat,110.4,111.3,0.8,103.3,108.4,4.9,Juillet,2022
Tétouan,109.2,110.7,1.4,101.9,107.3,5.3,Juillet,2022
Meknès,110.8,111.4,0.5,103.0,108.5,5.3,Juillet,2022
Tanger,110.7,111.9,1.1,103.1,108.9,5.6,Juillet,2022
Laâyoune,109.1,111.0,1.7,103.8,107.7,3.8,Juillet,2022
Dakhla,108.6,110.1,1.4,103.5,107.9,4.3,Juillet,2022
Guelmim,110.8,112.4,1.4,105.0,110.1,4.9,Juillet,2022
Settat,110.0,112.3,2.1,102.8,108.6,5.6,Juillet,2022
Safi,113.1,114.8,1.5,105.6,111.9,6.0,Juillet,2022
Béni-Mellal,112.0,113.5,1.3,103.3,110.1,6.6,Juillet,2022
Al-Hoceima,110.6,116.0,4.9,102.9,109.1,6.0,Juillet,2022
Errachidia,110.1,112.5,2.2,102.2,108.4,6.1,Juillet,2022
Ensemble,110.8,111.8,0.9,103.2,108.9,5.5,Juillet,2022
Agadir,108.5,109.2,0.6,103.2,107.1,3.8,Juin,2022
Casablanca,110.4,111.3,0.8,103.5,108.9,5.2,Juin,2022
Fès,111.3,110.5,-0.7,103.2,109.2,5.8,Juin,2022
Kénitra,110.5,111.0,0.5,102.1,108.3,6.1,Juin,2022
Marrakech,111.0,111.9,0.8,102.9,109.0,5.9,Juin,2022
Oujda,109.4,110.1,0.6,102.3,107.3,4.9,Juin,2022
Rabat,109.8,110.4,0.5,103.2,107.9,4.6,Juin,2022
Tétouan,108.4,109.2,0.7,101.8,106.8,4.9,Juin,2022
Meknès,109.8,110.8,0.9,102.9,108.0,5.0,Juin,2022
Tanger,110.3,110.7,0.4,103.0,108.4,5.2,Juin,2022
Laâyoune,108.3,109.1,0.7,103.8,107.2,3.3,Juin,2022
Dakhla,108.2,108.6,0.4,103.5,107.5,3.9,Juin,2022
Guelmim,110.3,110.8,0.5,105.0,109.7,4.5,Juin,2022
Settat,109.4,110.0,0.5,102.7,108.0,5.2,Juin,2022
Safi,113.0,113.1,0.1,105.6,111.4,5.5,Juin,2022
Béni-Mellal,111.0,112.0,0.9,103.1,109.5,6.2,Juin,2022
Al-Hoceima,110.6,110.6,0.0,102.7,107.9,5.1,Juin,2022
Errachidia,109.8,110.1,0.3,102.1,107.7,5.5,Juin,2022
Ensemble,110.2,110.8,0.5,103.1,108.4,5.1,Juin,2022
Agadir,108.0,108.5,0.5,103.1,106.7,3.5,Mai,2022
Casablanca,109.8,110.4,0.5,103.4,108.4,4.8,Mai,2022
Fès,112.6,111.3,-1.2,103.3,109.0,5.5,Mai,2022
Kénitra,109.8,110.5,0.6,102.1,107.7,5.5,Mai,2022
Marrakech,110.1,111.0,0.8,102.8,108.4,5.4,Mai,2022
Oujda,108.9,109.4,0.5,102.2,106.8,4.5,Mai,2022
Rabat,109.2,109.8,0.5,103.1,107.4,4.2,Mai,2022
Tétouan,108.3,108.4,0.1,101.8,106.3,4.4,Mai,2022
Meknès,109.4,109.8,0.4,102.8,107.5,4.6,Mai,2022
Tanger,110.3,110.3,0.0,102.9,107.9,4.9,Mai,2022
Laâyoune,108.8,108.3,-0.5,103.7,106.8,3.0,Mai,2022
Dakhla,109.9,108.2,-1.5,103.5,107.3,3.7,Mai,2022
Guelmim,110.5,110.3,-0.2,104.9,109.5,4.4,Mai,2022
Settat,108.9,109.4,0.5,102.7,107.6,4.8,Mai,2022
Safi,113.7,113.0,-0.6,105.6,111.1,5.2,Mai,2022
Béni-Mellal,111.1,111.0,-0.1,103.0,109.0,5.8,Mai,2022
Al-Hoceima,110.9,110.6,-0.3,102.7,107.4,4.6,Mai,2022
Errachidia,109.6,109.8,0.2,102.1,107.2,5.0,Mai,2022
Ensemble,109.9,110.2,0.3,103.0,107.9,4.8,Mai,2022
Agadir,105.4,106.7,1.2,102.8,105.6,2.7,Mars,2022
Casablanca,106.6,108.4,1.7,102.9,107.2,4.2,Mars,2022
Fès,106.6,109.0,2.3,102.5,107.0,4.4,Mars,2022
Kénitra,105.7,107.7,1.9,101.5,106.1,4.5,Mars,2022
Marrakech,106.9,108.4,1.4,102.2,106.9,4.6,Mars,2022
Oujda,104.8,106.8,1.9,101.3,105.2,3.8,Mars,2022
Rabat,105.8,107.1,1.2,102.6,106.0,3.3,Mars,2022
Tétouan,104.3,106.7,2.3,101.2,104.9,3.7,Mars,2022
Meknès,105.5,107.7,2.1,102.3,106.0,3.6,Mars,2022
Tanger,106.0,108.2,2.1,102.2,106.3,4.0,Mars,2022
Laâyoune,104.9,107.1,2.1,103.1,105.6,2.4,Mars,2022
Dakhla,105.7,107.4,1.6,103.1,106.1,2.9,Mars,2022
Guelmim,108.9,109.7,0.7,104.3,108.9,4.4,Mars,2022
Settat,105.8,108.3,2.4,102.2,106.6,4.3,Mars,2022
Safi,109.0,111.5,2.3,104.8,109.6,4.6,Mars,2022
Béni-Mellal,107.0,109.7,2.5,101.9,107.6,5.6,Mars,2022
Al-Hoceima,104.5,107.0,2.4,101.5,105.1,3.5,Mars,2022
Errachidia,104.5,107.4,2.8,101.4,105.5,4.0,Mars,2022
Ensemble,106.1,108.0,1.8,102.4,106.5,4.0,Mars,2022
Agadir,104.8,105.4,0.6,102.8,105.1,2.2,Février,2022
Casablanca,106.7,106.6,-0.1,103.0,106.7,3.6,Février,2022
Fès,105.4,106.6,1.1,102.3,106.0,3.6,Février,2022
Kénitra,105.0,105.7,0.7,101.4,105.4,3.9,Février,2022
Marrakech,105.5,106.9,1.3,102.1,106.2,4.0,Février,2022
Oujda,103.9,104.8,0.9,101.3,104.4,3.1,Février,2022
Rabat,105.1,105.8,0.7,102.5,105.5,2.9,Février,2022
Tétouan,103.6,104.3,0.7,101.1,104.0,2.9,Février,2022
Meknès,104.9,105.5,0.6,102.3,105.2,2.8,Février,2022
Tanger,104.8,106.0,1.1,102.1,105.4,3.2,Février,2022
Laâyoune,104.8,104.9,0.1,103.0,104.9,1.8,Février,2022
Dakhla,105.2,105.7,0.5,102.9,105.5,2.5,Février,2022
Guelmim,108.0,108.9,0.8,104.3,108.5,4.0,Février,2022
Settat,105.8,105.8,0.0,102.1,105.8,3.6,Février,2022
Safi,108.3,109.0,0.6,104.7,108.7,3.8,Février,2022
Béni-Mellal,106.1,107.0,0.8,101.7,106.6,4.8,Février,2022
Al-Hoceima,103.9,104.5,0.6,101.4,104.2,2.8,Février,2022
Errachidia,104.6,104.5,-0.1,101.3,104.6,3.3,Février,2022
Ensemble,105.5,106.1,0.6,102.4,105.8,3.3,Février,2022
Agadir,104.6,104.8,0.2,102.6,104.8,2.1,Janvier,2022
Casablanca,106.2,106.7,0.5,103.0,106.7,3.6,Janvier,2022
Fès,105.8,105.4,-0.4,102.3,105.4,3.0,Janvier,2022
Kénitra,104.6,105.0,0.4,101.4,105.0,3.6,Janvier,2022
Marrakech,105.9,105.5,-0.4,102.0,105.5,3.4,Janvier,2022
Oujda,104.1,103.9,-0.2,101.2,103.9,2.7,Janvier,2022
Rabat,105.0,105.1,0.1,102.5,105.1,2.5,Janvier,2022
Tétouan,103.4,103.6,0.2,101.0,103.6,2.6,Janvier,2022
Meknès,105.0,104.9,-0.1,102.3,104.9,2.5,Janvier,2022
Tanger,104.7,104.8,0.1,101.9,104.8,2.8,Janvier,2022
Laâyoune,104.7,104.8,0.1,103.0,104.8,1.7,Janvier,2022
Dakhla,105.2,105.2,0.0,103.0,105.2,2.1,Janvier,2022
Guelmim,108.2,108.0,-0.2,104.3,108.0,3.5,Janvier,2022
Settat,105.8,105.8,0.0,102.0,105.8,3.7,Janvier,2022
Safi,109.6,108.3,-1.2,105.0,108.3,3.1,Janvier,2022
Béni-Mellal,106.8,106.1,-0.7,101.7,106.1,4.3,Janvier,2022
Al-Hoceima,104.2,103.9,-0.3,101.3,103.9,2.6,Janvier,2022
Errachidia,104.5,104.6,0.1,101.1,104.6,3.5,Janvier,2022
Ensemble,105.5,105.5,0.0,102.3,105.5,3.1,Janvier,2022
Agadir,104.5,104.6,0.1,102.7,103.7,1.0,Novembre,2021
Casablanca,105.9,106.3,0.4,102.5,104.2,1.7,Novembre,2021
Fès,105.4,105.5,0.1,103.0,103.8,0.8,Novembre,2021
Kénitra,104.8,104.6,-0.2,101.7,102.8,1.1,Novembre,2021
Marrakech,105.0,105.8,0.8,102.4,103.7,1.3,Novembre,2021
Oujda,103.7,103.7,0.0,101.8,102.7,0.9,Novembre,2021
Rabat,105.0,105.0,0.0,102.4,103.7,1.3,Novembre,2021
Tétouan,103.6,103.1,-0.5,101.8,102.4,0.6,Novembre,2021
Meknès,104.5,104.8,0.3,102.2,103.4,1.2,Novembre,2021
Tanger,104.8,104.8,0.0,102.4,103.6,1.2,Novembre,2021
Laâyoune,105.0,105.1,0.1,103.8,104.2,0.4,Novembre,2021
Dakhla,105.1,105.5,0.4,103.4,103.9,0.5,Novembre,2021
Guelmim,107.8,107.9,0.1,105.2,105.7,0.5,Novembre,2021
Settat,104.8,105.1,0.3,101.7,103.3,1.6,Novembre,2021
Safi,108.5,108.4,-0.1,104.9,106.2,1.2,Novembre,2021
Béni-Mellal,107.2,106.7,-0.5,102.5,104.2,1.7,Novembre,2021
Al-Hoceima,104.9,104.0,-0.9,102.2,103.5,1.3,Novembre,2021
Errachidia,104.4,104.4,0.0,101.5,102.8,1.3,Novembre,2021
Ensemble,105.2,105.4,0.2,102.5,103.8,1.3,Novembre,2021
Agadir,104.6,104.9,0.3,102.6,103.6,1.0,Septembre,2021
Casablanca,104.2,104.9,0.7,102.3,103.8,1.5,Septembre,2021
Fès,103.3,104.8,1.5,103.0,103.4,0.4,Septembre,2021
Kénitra,102.1,103.2,1.1,101.7,102.3,0.6,Septembre,2021
Marrakech,104.3,104.2,-0.1,102.1,103.3,1.2,Septembre,2021
Oujda,102.5,103.3,0.8,101.7,102.4,0.7,Septembre,2021
Rabat,103.5,104.2,0.7,102.3,103.4,1.1,Septembre,2021
Tétouan,102.9,103.2,0.3,101.8,102.2,0.4,Septembre,2021
Meknès,103.7,103.7,0.0,102.0,103.2,1.2,Septembre,2021
Tanger,104.0,104.4,0.4,102.4,103.4,1.0,Septembre,2021
Laâyoune,104.3,105.0,0.7,103.6,104.0,0.4,Septembre,2021
Dakhla,103.7,103.9,0.2,103.2,103.6,0.4,Septembre,2021
Guelmim,105.5,106.6,1.0,105.1,105.2,0.1,Septembre,2021
Settat,102.7,104.2,1.5,101.4,102.9,1.5,Septembre,2021
Safi,105.7,106.4,0.7,104.7,105.7,1.0,Septembre,2021
Béni-Mellal,104.1,105.6,1.4,102.2,103.6,1.4,Septembre,2021
Al-Hoceima,105.1,103.9,-1.1,102.2,103.2,1.0,Septembre,2021
Errachidia,103.2,103.8,0.6,101.4,102.5,1.1,Septembre,2021
Ensemble,103.8,104.5,0.7,102.4,103.4,1.0,Septembre,2021
Agadir,103.4,103.6,0.2,102.2,103.2,1.0,Juillet,2021
Casablanca,103.6,104.3,0.7,102.2,103.6,1.4,Juillet,2021
Fès,103.0,103.5,0.5,102.9,103.3,0.4,Juillet,2021
Kénitra,102.5,102.8,0.3,101.4,102.2,0.8,Juillet,2021
Marrakech,103.2,103.8,0.6,101.9,103.0,1.1,Juillet,2021
Oujda,102.6,102.6,0.0,101.6,102.3,0.7,Juillet,2021
Rabat,103.6,103.9,0.3,102.1,103.3,1.2,Juillet,2021
Tétouan,101.9,102.6,0.7,101.5,101.9,0.4,Juillet,2021
Meknès,103.3,103.7,0.4,101.6,103.0,1.4,Juillet,2021
Tanger,103.6,103.6,0.0,102.2,103.1,0.9,Juillet,2021
Laâyoune,104.1,104.0,-0.1,103.2,103.8,0.6,Juillet,2021
Dakhla,103.3,103.6,0.3,103.1,103.5,0.4,Juillet,2021
Guelmim,105.2,105.3,0.1,104.8,105.0,0.2,Juillet,2021
Settat,103.0,103.1,0.1,101.0,102.8,1.8,Juillet,2021
Safi,105.4,105.9,0.5,104.5,105.6,1.1,Juillet,2021
Béni-Mellal,103.7,104.2,0.5,101.5,103.3,1.8,Juillet,2021
Al-Hoceima,102.4,104.2,1.8,102.1,102.9,0.8,Juillet,2021
Errachidia,102.3,102.6,0.3,101.0,102.2,1.2,Juillet,2021
Ensemble,103.4,103.8,0.4,102.1,103.2,1.1,Juillet,2021
Agadir,103.7,103.4,-0.3,102.2,103.2,1.0,Juin,2021
Casablanca,104.3,103.6,-0.7,102.3,103.5,1.2,Juin,2021
Fès,104.1,103.0,-1.1,103.1,103.2,0.1,Juin,2021
Kénitra,103.0,102.5,-0.5,101.5,102.1,0.6,Juin,2021
Marrakech,104.1,103.2,-0.9,102.1,102.9,0.8,Juin,2021
Oujda,103.6,102.6,-1.0,101.8,102.3,0.5,Juin,2021
Rabat,104.1,103.6,-0.5,102.2,103.2,1.0,Juin,2021
Tétouan,102.9,101.9,-1.0,101.6,101.8,0.2,Juin,2021
Meknès,103.6,103.3,-0.3,101.7,102.9,1.2,Juin,2021
Tanger,104.1,103.6,-0.5,102.4,103.0,0.6,Juin,2021
Laâyoune,104.8,104.1,-0.7,103.3,103.8,0.5,Juin,2021
Dakhla,104.0,103.3,-0.7,103.1,103.5,0.4,Juin,2021
Guelmim,105.8,105.2,-0.6,104.9,105.0,0.1,Juin,2021
Settat,103.7,103.0,-0.7,101.1,102.7,1.6,Juin,2021
Safi,107.4,105.4,-1.9,104.6,105.6,1.0,Juin,2021
Béni-Mellal,105.3,103.7,-1.5,101.5,103.1,1.6,Juin,2021
Al-Hoceima,104.8,102.4,-2.3,102.2,102.7,0.5,Juin,2021
Errachidia,103.5,102.3,-1.2,101.1,102.1,1.0,Juin,2021
Ensemble,104.1,103.4,-0.7,102.2,103.1,0.9,Juin,2021
Agadir,103.5,103.7,0.2,102.3,103.1,0.8,Mai,2021
Casablanca,104.0,104.3,0.3,102.4,103.4,1.0,Mai,2021
Fès,104.8,104.1,-0.7,103.2,103.3,0.1,Mai,2021
Kénitra,102.8,103.0,0.2,101.6,102.1,0.5,Mai,2021
Marrakech,103.5,104.1,0.6,102.2,102.8,0.6,Mai,2021
Oujda,103.4,103.6,0.2,101.8,102.2,0.4,Mai,2021
Rabat,103.9,104.1,0.2,102.2,103.1,0.9,Mai,2021
Tétouan,102.4,102.9,0.5,101.8,101.8,0.0,Mai,2021
Meknès,103.4,103.6,0.2,101.7,102.8,1.1,Mai,2021
Tanger,103.9,104.1,0.2,102.4,102.9,0.5,Mai,2021
Laâyoune,104.5,104.8,0.3,103.3,103.7,0.4,Mai,2021
Dakhla,104.2,104.0,-0.2,103.2,103.5,0.3,Mai,2021
Guelmim,105.9,105.8,-0.1,104.9,104.9,0.0,Mai,2021
Settat,102.9,103.7,0.8,101.2,102.7,1.5,Mai,2021
Safi,106.4,107.4,0.9,104.8,105.6,0.8,Mai,2021
Béni-Mellal,104.0,105.3,1.3,101.8,103.0,1.2,Mai,2021
Al-Hoceima,104.3,104.8,0.5,102.3,102.7,0.4,Mai,2021
Errachidia,102.7,103.5,0.8,101.3,102.1,0.8,Mai,2021
Ensemble,103.8,104.1,0.3,102.3,103.0,0.7,Mai,2021
Agadir,102.9,102.9,0.0,102.3,102.8,0.5,Mars,2021
Casablanca,102.9,102.9,0.0,102.4,102.9,0.5,Mars,2021
Fès,102.2,103.0,0.8,103.2,102.5,-0.7,Mars,2021
Kénitra,101.3,101.8,0.5,101.7,101.5,-0.2,Mars,2021
Marrakech,102.1,102.5,0.4,102.3,102.2,-0.1,Mars,2021
Oujda,101.4,101.3,-0.1,101.7,101.3,-0.4,Mars,2021
Rabat,102.5,102.7,0.2,102.3,102.6,0.3,Mars,2021
Tétouan,101.1,101.6,0.5,101.6,101.2,-0.4,Mars,2021
Meknès,102.2,102.5,0.3,101.7,102.3,0.6,Mars,2021
Tanger,102.2,102.5,0.3,102.3,102.2,-0.1,Mars,2021
Laâyoune,102.9,103.3,0.4,103.5,103.1,-0.4,Mars,2021
Dakhla,102.8,103.6,0.8,103.3,103.1,-0.2,Mars,2021
Guelmim,104.3,104.3,0.0,105.0,104.3,-0.7,Mars,2021
Settat,102.2,102.5,0.3,101.1,102.2,1.1,Mars,2021
Safi,104.4,104.9,0.5,104.7,104.8,0.1,Mars,2021
Béni-Mellal,101.6,102.5,0.9,101.9,101.9,0.0,Mars,2021
Al-Hoceima,101.4,101.7,0.3,101.4,101.5,0.1,Mars,2021
Errachidia,101.4,101.6,0.2,101.1,101.4,0.3,Mars,2021
Ensemble,102.4,102.6,0.2,102.3,102.4,0.1,Mars,2021
Agadir,102.6,102.9,0.3,102.3,102.8,0.5,Février,2021
Casablanca,103.0,102.9,-0.1,102.4,103.0,0.6,Février,2021
Fès,102.3,102.2,-0.1,103.0,102.3,-0.7,Février,2021
Kénitra,101.4,101.3,-0.1,101.6,101.4,-0.2,Février,2021
Marrakech,102.0,102.1,0.1,102.2,102.1,-0.1,Février,2021
Oujda,101.2,101.4,0.2,101.5,101.3,-0.2,Février,2021
Rabat,102.5,102.5,0.0,102.2,102.5,0.3,Février,2021
Tétouan,101.0,101.1,0.1,101.4,101.1,-0.3,Février,2021
Meknès,102.3,102.2,-0.1,101.6,102.3,0.7,Février,2021
Tanger,101.9,102.2,0.3,102.3,102.1,-0.2,Février,2021
Laâyoune,103.0,102.9,-0.1,103.4,103.0,-0.4,Février,2021
Dakhla,103.0,102.8,-0.2,103.3,102.9,-0.4,Février,2021
Guelmim,104.3,104.3,0.0,104.8,104.3,-0.5,Février,2021
Settat,102.0,102.2,0.2,101.0,102.1,1.1,Février,2021
Safi,105.0,104.4,-0.6,104.9,104.7,-0.2,Février,2021
Béni-Mellal,101.7,101.6,-0.1,101.6,101.7,0.1,Février,2021
Al-Hoceima,101.3,101.4,0.1,101.0,101.4,0.4,Février,2021
Errachidia,101.1,101.4,0.3,101.0,101.3,0.3,Février,2021
Ensemble,102.3,102.4,0.1,102.2,102.4,0.2,Février,2021
Agadir,102.5,102.6,0.1,102.3,102.6,0.3,Janvier,2021
Casablanca,102.8,103.0,0.2,102.5,103.0,0.5,Janvier,2021
Fès,102.2,102.3,0.1,103.0,102.3,-0.7,Janvier,2021
Kénitra,100.7,101.4,0.7,101.6,101.4,-0.2,Janvier,2021
Marrakech,102.0,102.0,0.0,102.3,102.0,-0.3,Janvier,2021
Oujda,101.1,101.2,0.1,101.7,101.2,-0.5,Janvier,2021
Rabat,102.5,102.5,0.0,102.1,102.5,0.4,Janvier,2021
Tétouan,100.6,101.0,0.4,101.4,101.0,-0.4,Janvier,2021
Meknès,102.0,102.3,0.3,101.8,102.3,0.5,Janvier,2021
Tanger,101.7,101.9,0.2,102.4,101.9,-0.5,Janvier,2021
Laâyoune,103.5,103.0,-0.5,103.3,103.0,-0.3,Janvier,2021
Dakhla,103.6,103.0,-0.6,103.3,103.0,-0.3,Janvier,2021
Guelmim,104.7,104.3,-0.4,104.6,104.3,-0.3,Janvier,2021
Settat,102.1,102.0,-0.1,101.1,102.0,0.9,Janvier,2021
Safi,104.4,105.0,0.6,105.2,105.0,-0.2,Janvier,2021
Béni-Mellal,102.1,101.7,-0.4,101.7,101.7,0.0,Janvier,2021
Al-Hoceima,101.3,101.3,0.0,100.9,101.3,0.4,Janvier,2021
Errachidia,100.7,101.1,0.4,101.2,101.1,-0.1,Janvier,2021
Ensemble,102.2,102.3,0.1,102.3,102.3,0.0,Janvier,2021
Agadir,103.6,102.9,-0.7,101.8,102.7,0.9,Novembre,2020
Casablanca,103.4,103.1,-0.3,102.0,102.5,0.5,Novembre,2020
Fès,103.3,102.2,-1.1,102.9,103.0,0.1,Novembre,2020
Kénitra,102.5,101.3,-1.2,101.6,101.7,0.1,Novembre,2020
Marrakech,103.7,102.9,-0.8,101.4,102.4,1.0,Novembre,2020
Oujda,102.0,101.8,-0.2,101.6,101.8,0.2,Novembre,2020
Rabat,103.2,102.8,-0.4,101.6,102.4,0.8,Novembre,2020
Tétouan,102.3,101.1,-1.2,101.0,101.8,0.8,Novembre,2020
Meknès,103.6,102.6,-1.0,101.2,102.2,1.0,Novembre,2020
Tanger,103.0,102.2,-0.8,101.3,102.4,1.1,Novembre,2020
Laâyoune,104.9,104.3,-0.6,102.7,103.8,1.1,Novembre,2020
Dakhla,104.2,103.6,-0.6,103.1,103.4,0.3,Novembre,2020
Guelmim,106.2,105.5,-0.7,102.9,105.2,2.2,Novembre,2020
Settat,103.3,102.8,-0.5,100.9,101.7,0.8,Novembre,2020
Safi,106.3,104.6,-1.6,104.4,104.9,0.5,Novembre,2020
Béni-Mellal,105.0,103.2,-1.7,101.1,102.5,1.4,Novembre,2020
Al-Hoceima,102.5,102.2,-0.3,101.3,102.2,0.9,Novembre,2020
Errachidia,102.7,101.4,-1.3,100.7,101.5,0.8,Novembre,2020
Ensemble,103.4,102.7,-0.7,101.8,102.5,0.7,Novembre,2020
Agadir,103.6,104.0,0.4,101.7,102.6,0.9,Septembre,2020
Casablanca,102.7,102.9,0.2,101.9,102.3,0.4,Septembre,2020
Fès,103.1,103.7,0.6,102.8,103.0,0.2,Septembre,2020
Kénitra,102.4,103.3,0.9,101.6,101.7,0.1,Septembre,2020
Marrakech,102.6,103.2,0.6,101.2,102.1,0.9,Septembre,2020
Oujda,102.1,102.3,0.2,101.5,101.7,0.2,Septembre,2020
Rabat,102.9,103.0,0.1,101.5,102.3,0.8,Septembre,2020
Tétouan,103.1,102.6,-0.5,100.9,101.8,0.9,Septembre,2020
Meknès,102.9,103.4,0.5,101.1,102.0,0.9,Septembre,2020
Tanger,102.8,103.1,0.3,101.2,102.4,1.2,Septembre,2020
Laâyoune,105.2,105.2,0.0,102.5,103.6,1.1,Septembre,2020
Dakhla,103.7,103.9,0.2,103.0,103.2,0.2,Septembre,2020
Guelmim,105.5,106.4,0.9,102.5,105.1,2.5,Septembre,2020
Settat,102.1,103.5,1.4,100.8,101.4,0.6,Septembre,2020
Safi,104.9,106.4,1.4,104.1,104.7,0.6,Septembre,2020
Béni-Mellal,104.2,105.1,0.9,100.9,102.2,1.3,Septembre,2020
Al-Hoceima,103.0,102.3,-0.7,101.2,102.2,1.0,Septembre,2020
Errachidia,102.5,103.0,0.5,100.6,101.4,0.8,Septembre,2020
Ensemble,103.0,103.3,0.3,101.7,102.4,0.7,Septembre,2020
Agadir,102.1,102.1,0.0,101.5,102.2,0.7,Juillet,2020
Casablanca,102.0,101.7,-0.3,101.8,102.2,0.4,Juillet,2020
Fès,102.5,101.8,-0.7,102.8,102.9,0.1,Juillet,2020
Kénitra,101.0,100.7,-0.3,101.5,101.4,-0.1,Juillet,2020
Marrakech,101.3,101.1,-0.2,101.1,101.9,0.8,Juillet,2020
Oujda,101.7,100.6,-1.1,101.4,101.6,0.2,Juillet,2020
Rabat,102.0,102.0,0.0,101.5,102.1,0.6,Juillet,2020
Tétouan,101.0,100.9,-0.1,100.7,101.5,0.8,Juillet,2020
Meknès,101.7,101.5,-0.2,101.1,101.6,0.5,Juillet,2020
Tanger,102.0,101.5,-0.5,101.1,102.2,1.1,Juillet,2020
Laâyoune,103.0,102.9,-0.1,102.2,103.2,1.0,Juillet,2020
Dakhla,102.6,103.1,0.5,102.9,103.1,0.2,Juillet,2020
Guelmim,104.4,104.7,0.3,102.3,104.8,2.4,Juillet,2020
Settat,100.9,100.6,-0.3,100.7,101.0,0.3,Juillet,2020
Safi,103.5,103.6,0.1,104.0,104.5,0.5,Juillet,2020
Béni-Mellal,100.0,101.4,1.4,100.8,101.5,0.7,Juillet,2020
Al-Hoceima,101.9,101.3,-0.6,100.9,102.1,1.2,Juillet,2020
Errachidia,100.5,100.5,0.0,100.5,101.0,0.5,Juillet,2020
Ensemble,101.9,101.6,-0.3,101.6,102.1,0.5,Juillet,2020
Agadir,102.2,102.1,-0.1,101.5,102.2,0.7,Juin,2020
Casablanca,102.2,102.0,-0.2,101.7,102.3,0.6,Juin,2020
Fès,103.2,102.5,-0.7,102.9,103.1,0.2,Juin,2020
Kénitra,101.0,101.0,0.0,101.6,101.5,-0.1,Juin,2020
Marrakech,102.1,101.3,-0.8,101.1,102.1,1.0,Juin,2020
Oujda,101.9,101.7,-0.2,101.4,101.8,0.4,Juin,2020
Rabat,101.9,102.0,0.1,101.4,102.2,0.8,Juin,2020
Tétouan,102.2,101.0,-1.2,100.7,101.6,0.9,Juin,2020
Meknès,101.5,101.7,0.2,101.1,101.7,0.6,Juin,2020
Tanger,102.4,102.0,-0.4,101.0,102.4,1.4,Juin,2020
Laâyoune,103.0,103.0,0.0,102.2,103.3,1.1,Juin,2020
Dakhla,102.9,102.6,-0.3,102.9,103.1,0.2,Juin,2020
Guelmim,104.8,104.4,-0.4,102.3,104.9,2.5,Juin,2020
Settat,101.5,100.9,-0.6,100.7,101.1,0.4,Juin,2020
Safi,104.8,103.5,-1.2,104.1,104.6,0.5,Juin,2020
Béni-Mellal,101.1,100.0,-1.1,100.9,101.5,0.6,Juin,2020
Al-Hoceima,104.0,101.9,-2.0,100.7,102.2,1.5,Juin,2020
Errachidia,101.3,100.5,-0.8,100.4,101.1,0.7,Juin,2020
Ensemble,102.2,101.9,-0.3,101.5,102.2,0.7,Juin,2020
Agadir,102.2,102.2,0.0,101.4,102.3,0.9,Mai,2020
Casablanca,102.4,102.2,-0.2,101.5,102.4,0.9,Mai,2020
Fès,103.4,103.2,-0.2,102.6,103.2,0.6,Mai,2020
Kénitra,101.8,101.0,-0.8,101.4,101.6,0.2,Mai,2020
Marrakech,102.2,102.1,-0.1,100.9,102.2,1.3,Mai,2020
Oujda,101.9,101.9,0.0,101.2,101.8,0.6,Mai,2020
Rabat,102.3,101.9,-0.4,101.2,102.2,1.0,Mai,2020
Tétouan,101.8,102.2,0.4,100.5,101.8,1.3,Mai,2020
Meknès,101.6,101.5,-0.1,100.9,101.7,0.8,Mai,2020
Tanger,102.8,102.4,-0.4,100.7,102.4,1.7,Mai,2020
Laâyoune,103.0,103.0,0.0,102.0,103.3,1.3,Mai,2020
Dakhla,103.2,102.9,-0.3,102.8,103.2,0.4,Mai,2020
Guelmim,104.8,104.8,0.0,102.3,104.9,2.5,Mai,2020
Settat,100.9,101.5,0.6,100.5,101.2,0.7,Mai,2020
Safi,105.1,104.8,-0.3,103.9,104.8,0.9,Mai,2020
Béni-Mellal,102.0,101.1,-0.9,100.5,101.8,1.3,Mai,2020
Al-Hoceima,103.4,104.0,0.6,100.2,102.3,2.1,Mai,2020
Errachidia,101.7,101.3,-0.4,100.2,101.3,1.1,Mai,2020
Ensemble,102.4,102.2,-0.2,101.3,102.3,1.0,Mai,2020
Agadir,118.3,118.7,0.3,117.1,118.5,1.2,Mars,2020
Casablanca,124.0,124.1,0.1,122.7,124.1,1.1,Mars,2020
Fès,123.0,123.5,0.4,121.0,123.3,1.9,Mars,2020
Kénitra,118.8,118.9,0.1,118.2,118.9,0.6,Mars,2020
Marrakech,120.9,121.5,0.5,118.6,121.1,2.1,Mars,2020
Oujda,117.7,118.4,0.6,117.4,118.1,0.6,Mars,2020
Rabat,118.1,118.6,0.4,116.8,118.2,1.2,Mars,2020
Tétouan,120.5,121.3,0.7,119.3,120.8,1.3,Mars,2020
Meknès,122.4,123.3,0.7,121.2,123.0,1.5,Mars,2020
Tanger,122.9,123.3,0.3,120.7,123.1,2.0,Mars,2020
Laâyoune,123.1,123.2,0.1,121.4,123.1,1.4,Mars,2020
Dakhla,122.9,122.6,-0.2,121.5,122.8,1.1,Mars,2020
Guelmim,121.9,122.4,0.4,118.8,122.1,2.8,Mars,2020
Settat,119.0,120.1,0.9,117.2,119.6,2.0,Mars,2020
Safi,116.2,116.3,0.1,115.0,116.6,1.4,Mars,2020
Béni-Mellal,119.2,119.7,0.4,117.1,119.4,2.0,Mars,2020
Al-Hoceima,121.1,122.1,0.8,118.6,121.5,2.4,Mars,2020
Ensemble,120.8,121.3,0.4,119.5,121.1,1.3,Mars,2020
Agadir,118.5,118.3,-0.2,117.2,118.4,1.0,Février,2020
Casablanca,124.3,124.0,-0.2,122.7,124.2,1.2,Février,2020
Fès,123.5,123.0,-0.4,121.0,123.3,1.9,Février,2020
Kénitra,118.9,118.8,-0.1,118.1,118.9,0.7,Février,2020
Marrakech,121.0,120.9,-0.1,118.6,121.0,2.0,Février,2020
Oujda,118.1,117.7,-0.3,117.3,117.9,0.5,Février,2020
Rabat,118.0,118.1,0.1,116.8,118.1,1.1,Février,2020
Tétouan,120.5,120.5,0.0,119.4,120.5,0.9,Février,2020
Meknès,123.4,122.4,-0.8,121.2,122.9,1.4,Février,2020
Tanger,123.1,122.9,-0.2,120.7,123.0,1.9,Février,2020
Laâyoune,122.9,123.1,0.2,121.7,123.0,1.1,Février,2020
Dakhla,122.8,122.9,0.1,121.6,122.9,1.1,Février,2020
Guelmim,121.9,121.9,0.0,118.7,121.9,2.7,Février,2020
Settat,119.6,119.0,-0.5,117.2,119.3,1.8,Février,2020
Safi,117.4,116.2,-1.0,115.0,116.8,1.6,Février,2020
Béni-Mellal,119.3,119.2,-0.1,117.2,119.3,1.8,Février,2020
Al-Hoceima,121.2,121.1,-0.1,118.7,121.2,2.1,Février,2020
Ensemble,121.1,120.8,-0.2,119.5,121.0,1.3,Février,2020
Agadir,118.6,118.5,-0.1,117.4,118.5,0.9,Janvier,2020
Casablanca,124.2,124.3,0.1,122.6,124.3,1.4,Janvier,2020
Fès,123.5,123.5,0.0,121.0,123.5,2.1,Janvier,2020
Kénitra,119.2,118.9,-0.3,118.0,118.9,0.8,Janvier,2020
Marrakech,121.4,121.0,-0.3,118.6,121.0,2.0,Janvier,2020
Oujda,118.3,118.1,-0.2,117.2,118.1,0.8,Janvier,2020
Rabat,118.1,118.0,-0.1,116.7,118.0,1.1,Janvier,2020
Tétouan,120.7,120.5,-0.2,119.2,120.5,1.1,Janvier,2020
Meknès,123.3,123.4,0.1,121.1,123.4,1.9,Janvier,2020
Tanger,123.3,123.1,-0.2,120.6,123.1,2.1,Janvier,2020
Laâyoune,123.1,122.9,-0.2,121.6,122.9,1.1,Janvier,2020
Dakhla,122.9,122.8,-0.1,121.9,122.8,0.7,Janvier,2020
Guelmim,121.9,121.9,0.0,119.0,121.9,2.4,Janvier,2020
Settat,119.9,119.6,-0.3,117.2,119.6,2.0,Janvier,2020
Safi,117.3,117.4,0.1,114.9,117.4,2.2,Janvier,2020
Béni-Mellal,119.6,119.3,-0.3,117.3,119.3,1.7,Janvier,2020
Al-Hoceima,122.2,121.2,-0.8,118.5,121.2,2.3,Janvier,2020
Ensemble,121.2,121.1,-0.1,119.5,121.1,1.3,Janvier,2020
Agadir,118.1,118.3,0.2,118.0,118.0,0.0,Novembre,2019
Casablanca,123.6,124.3,0.6,122.8,123.5,0.6,Novembre,2019
Fès,123.2,123.5,0.2,120.9,122.2,1.1,Novembre,2019
Kénitra,118.3,119.2,0.8,118.5,118.7,0.2,Novembre,2019
Marrakech,120.6,120.8,0.2,119.8,119.7,-0.1,Novembre,2019
Oujda,118.2,118.5,0.3,118.5,118.0,-0.4,Novembre,2019
Rabat,117.5,117.9,0.3,117.1,117.4,0.3,Novembre,2019
Tétouan,120.9,121.1,0.2,120.2,120.3,0.1,Novembre,2019
Meknès,122.7,123.6,0.7,121.6,122.2,0.5,Novembre,2019
Tanger,122.4,123.3,0.7,121.8,121.9,0.1,Novembre,2019
Laâyoune,123.7,123.6,-0.1,122.1,122.6,0.4,Novembre,2019
Dakhla,123.0,123.0,0.0,122.0,122.3,0.2,Novembre,2019
Guelmim,120.9,122.4,1.2,119.5,120.0,0.4,Novembre,2019
Settat,120.0,120.0,0.0,117.8,118.8,0.8,Novembre,2019
Safi,116.7,117.7,0.9,115.9,116.2,0.3,Novembre,2019
Béni-Mellal,119.4,119.7,0.3,118.2,118.6,0.3,Novembre,2019
Al-Hoceima,121.1,122.5,1.2,120.4,120.8,0.3,Novembre,2019
Ensemble,120.7,121.2,0.4,120.1,120.4,0.2,Novembre,2019
Agadir,118.6,118.1,-0.4,117.9,117.9,0.0,Septembre,2019
Casablanca,124.0,123.7,-0.2,122.6,123.4,0.7,Septembre,2019
Fès,122.0,122.4,0.3,120.8,122.0,1.0,Septembre,2019
Kénitra,118.9,118.3,-0.5,118.6,118.7,0.1,Septembre,2019
Marrakech,119.9,119.7,-0.2,119.7,119.5,-0.2,Septembre,2019
Oujda,118.1,117.8,-0.3,118.7,118.0,-0.6,Septembre,2019
Rabat,117.6,117.4,-0.2,117.1,117.4,0.3,Septembre,2019
Tétouan,121.2,120.4,-0.7,120.2,120.2,0.0,Septembre,2019
Meknès,121.9,121.7,-0.2,121.7,122.0,0.2,Septembre,2019
Tanger,122.4,121.9,-0.4,121.9,121.7,-0.2,Septembre,2019
Laâyoune,123.2,123.3,0.1,121.9,122.4,0.4,Septembre,2019
Dakhla,123.0,122.8,-0.2,122.0,122.2,0.2,Septembre,2019
Guelmim,120.2,120.8,0.5,119.4,119.6,0.2,Septembre,2019
Settat,118.7,119.8,0.9,117.8,118.5,0.6,Septembre,2019
Safi,116.7,116.0,-0.6,115.8,116.0,0.2,Septembre,2019
Béni-Mellal,119.6,117.9,-1.4,118.2,118.4,0.2,Septembre,2019
Al-Hoceima,123.1,121.4,-1.4,120.6,120.6,0.0,Septembre,2019
Ensemble,120.6,120.3,-0.2,120.0,120.2,0.2,Septembre,2019
Agadir,118.5,117.9,-0.5,117.9,117.8,-0.1,Juillet,2019
Casablanca,124.2,123.4,-0.6,122.5,123.3,0.7,Juillet,2019
Fès,123.5,121.8,-1.4,120.6,121.9,1.1,Juillet,2019
Kénitra,119.8,118.2,-1.3,118.6,118.7,0.1,Juillet,2019
Marrakech,120.3,120.1,-0.2,119.7,119.4,-0.3,Juillet,2019
Oujda,119.0,117.5,-1.3,118.9,118.0,-0.8,Juillet,2019
Rabat,118.1,117.8,-0.3,117.2,117.3,0.1,Juillet,2019
Tétouan,121.0,120.2,-0.7,120.2,120.0,-0.2,Juillet,2019
Meknès,123.9,121.4,-2.0,121.9,122.0,0.1,Juillet,2019
Tanger,122.8,122.0,-0.7,122.0,121.6,-0.3,Juillet,2019
Laâyoune,123.3,122.1,-1.0,121.8,122.1,0.2,Juillet,2019
Dakhla,122.6,122.0,-0.5,122.0,122.0,0.0,Juillet,2019
Guelmim,120.2,118.9,-1.1,119.5,119.4,-0.1,Juillet,2019
Settat,120.1,118.5,-1.3,118.0,118.3,0.3,Juillet,2019
Safi,116.7,116.6,-0.1,115.8,115.9,0.1,Juillet,2019
Béni-Mellal,120.8,118.3,-2.1,118.4,118.4,0.0,Juillet,2019
Al-Hoceima,122.7,120.7,-1.6,120.5,120.1,-0.3,Juillet,2019
Ensemble,121.2,120.2,-0.8,120.1,120.2,0.1,Juillet,2019
Agadir,118.6,118.5,-0.1,117.9,117.8,-0.1,Juin,2019
Casablanca,124.2,124.2,0.0,122.6,123.3,0.6,Juin,2019
Fès,123.3,123.5,0.2,120.6,122.0,1.2,Juin,2019
Kénitra,120.1,119.8,-0.2,118.8,118.8,0.0,Juin,2019
Marrakech,119.5,120.3,0.7,119.7,119.3,-0.3,Juin,2019
Oujda,119.2,119.0,-0.2,119.0,118.1,-0.8,Juin,2019
Rabat,117.6,118.1,0.4,117.2,117.3,0.1,Juin,2019
Tétouan,121.2,121.0,-0.2,120.2,120.0,-0.2,Juin,2019
Meknès,123.4,123.9,0.4,122.1,122.1,0.0,Juin,2019
Tanger,122.9,122.8,-0.1,122.0,121.6,-0.3,Juin,2019
Laâyoune,123.4,123.3,-0.1,121.9,122.2,0.2,Juin,2019
Dakhla,122.8,122.6,-0.2,122.2,122.0,-0.2,Juin,2019
Guelmim,120.6,120.2,-0.3,119.6,119.4,-0.2,Juin,2019
Settat,119.7,120.1,0.3,118.2,118.3,0.1,Juin,2019
Safi,117.1,116.7,-0.3,115.9,115.8,-0.1,Juin,2019
Béni-Mellal,119.9,120.8,0.8,118.7,118.4,-0.3,Juin,2019
Al-Hoceima,121.5,122.7,1.0,120.6,120.0,-0.5,Juin,2019
Ensemble,121.0,121.2,0.2,120.1,120.2,0.1,Juin,2019
Agadir,118.0,118.6,0.5,117.8,117.6,-0.2,Mai,2019
Casablanca,123.3,124.2,0.7,122.4,123.1,0.6,Mai,2019
Fès,122.0,123.3,1.1,120.4,121.7,1.1,Mai,2019
Kénitra,118.4,120.1,1.4,118.5,118.6,0.1,Mai,2019
Marrakech,119.9,119.5,-0.3,119.6,119.0,-0.5,Mai,2019
Oujda,118.0,119.2,1.0,118.9,117.9,-0.8,Mai,2019
Rabat,117.5,117.6,0.1,117.1,117.1,0.0,Mai,2019
Tétouan,119.9,121.2,1.1,120.1,119.8,-0.2,Mai,2019
Meknès,122.0,123.4,1.1,121.9,121.8,-0.1,Mai,2019
Tanger,121.5,122.9,1.2,121.8,121.3,-0.4,Mai,2019
Laâyoune,121.9,123.4,1.2,121.8,121.9,0.1,Mai,2019
Dakhla,122.2,122.8,0.5,122.1,121.9,-0.2,Mai,2019
Guelmim,119.4,120.6,1.0,119.5,119.3,-0.2,Mai,2019
Settat,118.4,119.7,1.1,118.1,117.9,-0.2,Mai,2019
Safi,115.8,117.1,1.1,115.9,115.6,-0.3,Mai,2019
Béni-Mellal,118.3,119.9,1.4,118.4,117.9,-0.4,Mai,2019
Al-Hoceima,119.9,121.5,1.3,120.5,119.5,-0.8,Mai,2019
Ensemble,120.2,121.0,0.7,120.0,119.9,-0.1,Mai,2019
Agadir,116.9,117.1,0.2,117.4,117.1,-0.3,Mars,2019
Casablanca,122.8,122.6,-0.2,122.1,122.7,0.5,Mars,2019
Fès,120.9,121.1,0.2,120.2,121.0,0.7,Mars,2019
Kénitra,118.2,118.3,0.1,118.2,118.2,0.0,Mars,2019
Marrakech,118.6,118.6,0.0,119.4,118.6,-0.7,Mars,2019
Oujda,117.3,117.7,0.3,118.6,117.4,-1.0,Mars,2019
Rabat,116.9,116.7,-0.2,116.9,116.8,-0.1,Mars,2019
Tétouan,119.5,119.2,-0.3,119.6,119.3,-0.3,Mars,2019
Meknès,121.2,121.2,0.0,121.8,121.2,-0.5,Mars,2019
Tanger,120.7,120.8,0.1,121.6,120.7,-0.7,Mars,2019
Laâyoune,121.7,121.0,-0.6,121.5,121.4,-0.1,Mars,2019
Dakhla,121.2,121.3,0.1,121.8,121.5,-0.2,Mars,2019
Guelmim,118.4,119.0,0.5,119.3,118.8,-0.4,Mars,2019
Settat,117.1,117.2,0.1,117.8,117.2,-0.5,Mars,2019
Safi,115.1,115.0,-0.1,115.6,115.0,-0.5,Mars,2019
Béni-Mellal,117.0,116.9,-0.1,118.2,117.1,-0.9,Mars,2019
Al-Hoceima,118.9,118.5,-0.3,120.0,118.6,-1.2,Mars,2019
Ensemble,119.5,119.5,0.0,119.7,119.5,-0.2,Mars,2019
Agadir,117.4,116.9,-0.4,117.4,117.2,-0.2,Février,2019
Casablanca,122.6,122.8,0.2,122.2,122.7,0.4,Février,2019
Fès,121.0,120.9,-0.1,120.3,121.0,0.6,Février,2019
Kénitra,118.0,118.2,0.2,118.1,118.1,0.0,Février,2019
Marrakech,118.6,118.6,0.0,119.7,118.6,-0.9,Février,2019
Oujda,117.2,117.3,0.1,118.6,117.3,-1.1,Février,2019
Rabat,116.7,116.9,0.2,117.2,116.8,-0.3,Février,2019
Tétouan,119.2,119.5,0.3,119.5,119.4,-0.1,Février,2019
Meknès,121.1,121.2,0.1,121.8,121.2,-0.5,Février,2019
Tanger,120.6,120.7,0.1,121.8,120.7,-0.9,Février,2019
Laâyoune,121.6,121.7,0.1,121.6,121.7,0.1,Février,2019
Dakhla,121.9,121.2,-0.6,121.9,121.6,-0.2,Février,2019
Guelmim,119.0,118.4,-0.5,119.4,118.7,-0.6,Février,2019
Settat,117.2,117.1,-0.1,117.8,117.2,-0.5,Février,2019
Safi,114.9,115.1,0.2,115.9,115.0,-0.8,Février,2019
Béni-Mellal,117.3,117.0,-0.3,118.2,117.2,-0.8,Février,2019
Al-Hoceima,118.5,118.9,0.3,120.0,118.7,-1.1,Février,2019
Ensemble,119.5,119.5,0.0,119.8,119.5,-0.3,Février,2019
Agadir,118.0,117.4,-0.5,117.6,117.4,-0.2,Janvier,2019
Casablanca,123.0,122.6,-0.3,122.4,122.6,0.2,Janvier,2019
Fès,120.9,121.0,0.1,120.5,121.0,0.4,Janvier,2019
Kénitra,118.4,118.0,-0.3,118.2,118.0,-0.2,Janvier,2019
Marrakech,119.3,118.6,-0.6,120.1,118.6,-1.2,Janvier,2019
Oujda,117.2,117.2,0.0,118.9,117.2,-1.4,Janvier,2019
Rabat,117.0,116.7,-0.3,117.6,116.7,-0.8,Janvier,2019
Tétouan,119.4,119.2,-0.2,119.6,119.2,-0.3,Janvier,2019
Meknès,121.8,121.1,-0.6,122.2,121.1,-0.9,Janvier,2019
Tanger,121.2,120.6,-0.5,121.8,120.6,-1.0,Janvier,2019
Laâyoune,122.3,121.6,-0.6,122.0,121.6,-0.3,Janvier,2019
Dakhla,121.6,121.9,0.2,121.5,121.9,0.3,Janvier,2019
Guelmim,118.8,119.0,0.2,119.9,119.0,-0.8,Janvier,2019
Settat,116.8,117.2,0.3,118.2,117.2,-0.8,Janvier,2019
Safi,115.0,114.9,-0.1,116.4,114.9,-1.3,Janvier,2019
Béni-Mellal,117.5,117.3,-0.2,118.6,117.3,-1.1,Janvier,2019
Al-Hoceima,118.9,118.5,-0.3,120.1,118.5,-1.3,Janvier,2019
Ensemble,119.8,119.5,-0.3,120.1,119.5,-0.5,Janvier,2019
Agadir,119.1,118.0,-0.9,115.8,118.0,1.9,Décembre,2018
Casablanca,123.9,123.0,-0.7,120.6,122.8,1.8,Décembre,2018
Fès,121.6,120.9,-0.6,118.3,120.9,2.2,Décembre,2018
Kénitra,118.6,118.4,-0.2,116.5,118.5,1.7,Décembre,2018
Marrakech,120.4,119.3,-0.9,118.3,119.8,1.3,Décembre,2018
Oujda,118.0,117.2,-0.7,116.1,118.4,2.0,Décembre,2018
Rabat,117.5,117.0,-0.4,115.7,117.1,1.2,Décembre,2018
Tétouan,120.7,119.4,-1.1,117.9,120.2,2.0,Décembre,2018
Meknès,122.0,121.8,-0.2,120.0,121.7,1.4,Décembre,2018
Tanger,122.1,121.2,-0.7,120.2,121.8,1.3,Décembre,2018
Laâyoune,123.3,122.3,-0.8,118.9,122.1,2.7,Décembre,2018
Dakhla,122.5,121.6,-0.7,118.3,121.9,3.0,Décembre,2018
Guelmim,120.4,118.8,-1.3,116.8,119.4,2.2,Décembre,2018
Settat,118.3,116.8,-1.3,117.0,117.7,0.6,Décembre,2018
Safi,117.1,115.0,-1.8,112.8,115.8,2.7,Décembre,2018
Béni-Mellal,118.2,117.5,-0.6,116.8,118.1,1.1,Décembre,2018
Al-Hoceima,120.0,118.9,-0.9,118.4,120.3,1.6,Décembre,2018
Ensemble,120.7,119.8,-0.7,117.9,120.1,1.9,Décembre,2018
Agadir,117.6,119.1,1.3,115.7,118.0,2.0,Novembre,2018
Casablanca,123.2,123.9,0.6,120.4,122.8,2.0,Novembre,2018
Fès,121.3,121.6,0.2,118.1,120.9,2.4,Novembre,2018
Kénitra,118.3,118.6,0.3,116.3,118.5,1.9,Novembre,2018
Marrakech,119.8,120.4,0.5,118.1,119.8,1.4,Novembre,2018
Oujda,117.3,118.0,0.6,115.9,118.5,2.2,Novembre,2018
Rabat,116.8,117.5,0.6,115.6,117.1,1.3,Novembre,2018
Tétouan,120.1,120.7,0.5,117.8,120.2,2.0,Novembre,2018
Meknès,121.0,122.0,0.8,119.8,121.6,1.5,Novembre,2018
Tanger,121.1,122.1,0.8,120.1,121.8,1.4,Novembre,2018
Laâyoune,122.0,123.3,1.1,118.7,122.1,2.9,Novembre,2018
Dakhla,121.4,122.5,0.9,118.0,122.0,3.4,Novembre,2018
Guelmim,119.0,120.4,1.2,116.5,119.5,2.6,Novembre,2018
Settat,117.2,118.3,0.9,116.8,117.8,0.9,Novembre,2018
Safi,115.6,117.1,1.3,112.5,115.9,3.0,Novembre,2018
Béni-Mellal,117.3,118.2,0.8,116.6,118.2,1.4,Novembre,2018
Al-Hoceima,118.9,120.0,0.9,118.2,120.4,1.9,Novembre,2018
Ensemble,119.9,120.7,0.7,117.8,120.1,2.0,Novembre,2018
Agadir,117.6,118.1,0.4,115.4,117.9,2.2,Septembre,2018
Casablanca,122.3,123.3,0.8,120.3,122.6,1.9,Septembre,2018
Fès,120.8,121.7,0.7,117.8,120.8,2.5,Septembre,2018
Kénitra,118.1,118.6,0.4,116.1,118.6,2.2,Septembre,2018
Marrakech,119.7,119.9,0.2,117.9,119.7,1.5,Septembre,2018
Oujda,118.2,117.4,-0.7,115.5,118.7,2.8,Septembre,2018
Rabat,116.7,117.1,0.3,115.4,117.1,1.5,Septembre,2018
Tétouan,119.7,120.3,0.5,117.6,120.2,2.2,Septembre,2018
Meknès,120.5,121.2,0.6,119.6,121.7,1.8,Septembre,2018
Tanger,121.5,121.2,-0.2,119.8,121.9,1.8,Septembre,2018
Laâyoune,122.1,122.3,0.2,118.3,121.9,3.0,Septembre,2018
Dakhla,122.0,121.5,-0.4,117.5,122.0,3.8,Septembre,2018
Guelmim,119.7,118.8,-0.8,116.1,119.4,2.8,Septembre,2018
Settat,117.1,116.8,-0.3,116.7,117.8,0.9,Septembre,2018
Safi,116.5,115.2,-1.1,112.1,115.8,3.3,Septembre,2018
Béni-Mellal,117.6,117.6,0.0,116.3,118.2,1.6,Septembre,2018
Al-Hoceima,122.4,119.4,-2.5,118.1,120.6,2.1,Septembre,2018
Ensemble,119.7,120.0,0.3,117.5,120.0,2.1,Septembre,2018
Agadir,118.4,117.7,-0.6,115.1,117.9,2.4,Juillet,2018
Casablanca,123.5,122.3,-1.0,120.1,122.5,2.0,Juillet,2018
Fès,121.6,121.1,-0.4,117.6,120.6,2.6,Juillet,2018
Kénitra,119.9,117.8,-1.8,116.0,118.6,2.2,Juillet,2018
Marrakech,120.2,119.6,-0.5,117.9,119.7,1.5,Juillet,2018
Oujda,119.8,118.2,-1.3,115.3,118.9,3.1,Juillet,2018
Rabat,117.9,117.1,-0.7,115.3,117.2,1.6,Juillet,2018
Tétouan,121.1,120.2,-0.7,117.4,120.2,2.4,Juillet,2018
Meknès,122.7,121.1,-1.3,119.6,121.9,1.9,Juillet,2018
Tanger,122.9,122.2,-0.6,119.6,122.0,2.0,Juillet,2018
Laâyoune,122.6,121.3,-1.1,117.9,121.8,3.3,Juillet,2018
Dakhla,122.9,121.1,-1.5,117.1,122.0,4.2,Juillet,2018
Guelmim,120.1,118.9,-1.0,115.9,119.5,3.1,Juillet,2018
Settat,118.5,117.3,-1.0,116.5,118.0,1.3,Juillet,2018
Safi,116.2,115.1,-0.9,111.6,115.8,3.8,Juillet,2018
Béni-Mellal,119.8,117.1,-2.3,116.1,118.4,2.0,Juillet,2018
Al-Hoceima,121.1,120.0,-0.9,117.7,120.5,2.4,Juillet,2018
Ensemble,120.9,119.8,-0.9,117.3,120.1,2.4,Juillet,2018
Agadir,118.4,118.4,0.0,115.1,117.9,2.4,Juin,2018
Casablanca,123.2,123.5,0.2,120.1,122.6,2.1,Juin,2018
Fès,121.0,121.6,0.5,117.7,120.6,2.5,Juin,2018
Kénitra,119.6,119.9,0.3,116.1,118.8,2.3,Juin,2018
Marrakech,120.2,120.2,0.0,118.0,119.7,1.4,Juin,2018
Oujda,119.5,119.8,0.3,115.4,119.0,3.1,Juin,2018
Rabat,117.7,117.9,0.2,115.4,117.2,1.6,Juin,2018
Tétouan,121.0,121.1,0.1,117.3,120.2,2.5,Juin,2018
Meknès,122.2,122.7,0.4,119.7,122.1,2.0,Juin,2018
Tanger,122.5,122.9,0.3,119.5,122.0,2.1,Juin,2018
Laâyoune,122.5,122.6,0.1,117.8,121.9,3.5,Juin,2018
Dakhla,122.7,122.9,0.2,117.1,122.2,4.4,Juin,2018
Guelmim,119.7,120.1,0.3,115.9,119.6,3.2,Juin,2018
Settat,118.7,118.5,-0.2,116.5,118.2,1.5,Juin,2018
Safi,116.6,116.2,-0.3,111.6,115.9,3.9,Juin,2018
Béni-Mellal,118.7,119.8,0.9,116.2,118.7,2.2,Juin,2018
Al-Hoceima,121.1,121.1,0.0,117.6,120.6,2.6,Juin,2018
Ensemble,120.6,120.9,0.2,117.4,120.1,2.3,Juin,2018
Agadir,118.3,118.4,0.1,115.1,117.8,2.3,Mai,2018
Casablanca,122.3,123.2,0.7,119.9,122.4,2.1,Mai,2018
Fès,120.3,121.0,0.6,117.5,120.4,2.5,Mai,2018
Kénitra,118.5,119.6,0.9,116.0,118.5,2.2,Mai,2018
Marrakech,119.6,120.2,0.5,117.9,119.6,1.4,Mai,2018
Oujda,119.2,119.5,0.3,115.2,118.9,3.2,Mai,2018
Rabat,117.0,117.7,0.6,115.4,117.1,1.5,Mai,2018
Tétouan,120.4,121.0,0.5,117.1,120.1,2.6,Mai,2018
Meknès,122.1,122.2,0.1,119.6,121.9,1.9,Mai,2018
Tanger,121.7,122.5,0.7,119.3,121.8,2.1,Mai,2018
Laâyoune,121.9,122.5,0.5,117.6,121.8,3.6,Mai,2018
Dakhla,122.3,122.7,0.3,117.0,122.1,4.4,Mai,2018
Guelmim,119.8,119.7,-0.1,115.8,119.5,3.2,Mai,2018
Settat,118.4,118.7,0.3,116.4,118.1,1.5,Mai,2018
Safi,116.0,116.6,0.5,111.4,115.9,4.0,Mai,2018
Béni-Mellal,118.7,118.7,0.0,116.2,118.4,1.9,Mai,2018
Al-Hoceima,121.3,121.1,-0.2,117.3,120.5,2.7,Mai,2018
Ensemble,120.0,120.6,0.5,117.2,120.0,2.4,Mai,2018
Agadir,117.2,117.5,0.3,115.0,117.4,2.1,Mars,2018
Casablanca,121.9,122.0,0.1,120.0,122.1,1.7,Mars,2018
Fès,120.0,120.0,0.0,117.6,120.2,2.2,Mars,2018
Kénitra,117.9,118.5,0.5,116.1,118.2,1.8,Mars,2018
Marrakech,119.2,119.0,-0.2,117.9,119.4,1.3,Mars,2018
Oujda,118.3,118.5,0.2,115.3,118.6,2.9,Mars,2018
Rabat,116.7,116.5,-0.2,115.5,116.9,1.2,Mars,2018
Tétouan,119.3,120.0,0.6,117.0,119.6,2.2,Mars,2018
Meknès,121.4,121.7,0.2,119.8,121.8,1.7,Mars,2018
Tanger,121.8,121.3,-0.4,119.1,121.6,2.1,Mars,2018
Laâyoune,121.1,121.5,0.3,117.2,121.5,3.7,Mars,2018
Dakhla,122.2,121.6,-0.5,117.1,121.8,4.0,Mars,2018
Guelmim,118.8,119.1,0.3,115.8,119.3,3.0,Mars,2018
Settat,117.4,117.8,0.3,116.5,117.8,1.1,Mars,2018
Safi,115.3,115.1,-0.2,111.4,115.6,3.8,Mars,2018
Béni-Mellal,117.8,118.3,0.4,116.3,118.2,1.6,Mars,2018
Al-Hoceima,119.9,120.1,0.2,117.0,120.0,2.6,Mars,2018
Ensemble,119.5,119.6,0.1,117.3,119.7,2.0,Mars,2018
Agadir,117.6,117.2,-0.3,115.4,117.4,1.7,Février,2018
Casablanca,122.4,121.9,-0.4,120.3,122.2,1.6,Février,2018
Fès,120.5,120.0,-0.4,118.0,120.3,1.9,Février,2018
Kénitra,118.2,117.9,-0.3,116.3,118.1,1.5,Février,2018
Marrakech,120.1,119.2,-0.7,118.2,119.7,1.3,Février,2018
Oujda,118.9,118.3,-0.5,115.6,118.6,2.6,Février,2018
Rabat,117.6,116.7,-0.8,115.7,117.2,1.3,Février,2018
Tétouan,119.6,119.3,-0.3,117.2,119.5,2.0,Février,2018
Meknès,122.2,121.4,-0.7,120.1,121.8,1.4,Février,2018
Tanger,121.8,121.8,0.0,119.4,121.8,2.0,Février,2018
Laâyoune,122.0,121.1,-0.7,117.1,121.6,3.8,Février,2018
Dakhla,121.5,122.2,0.6,117.5,121.9,3.7,Février,2018
Guelmim,119.9,118.8,-0.9,116.0,119.4,2.9,Février,2018
Settat,118.2,117.4,-0.7,117.0,117.8,0.7,Février,2018
Safi,116.4,115.3,-0.9,112.0,115.9,3.5,Février,2018
Béni-Mellal,118.6,117.8,-0.7,116.7,118.2,1.3,Février,2018
Al-Hoceima,120.1,119.9,-0.2,117.4,120.0,2.2,Février,2018
Ensemble,120.1,119.5,-0.5,117.6,119.8,1.9,Février,2018
Agadir,117.7,117.4,-0.3,115.6,117.4,1.6,Janvier,2018
Casablanca,122.1,122.3,0.2,120.2,122.3,1.7,Janvier,2018
Fès,119.9,120.4,0.4,118.1,120.4,1.9,Janvier,2018
Kénitra,118.1,118.1,0.0,116.4,118.1,1.5,Janvier,2018
Marrakech,119.8,119.8,0.0,118.4,119.8,1.2,Janvier,2018
Oujda,118.7,118.3,-0.3,115.8,118.3,2.2,Janvier,2018
Rabat,116.9,117.8,0.8,115.9,117.8,1.6,Janvier,2018
Tétouan,119.5,119.5,0.0,117.3,119.5,1.9,Janvier,2018
Meknès,122.1,121.8,-0.2,120.2,121.8,1.3,Janvier,2018
Tanger,121.8,121.6,-0.2,119.5,121.6,1.8,Janvier,2018
Laâyoune,121.1,121.7,0.5,117.3,121.7,3.8,Janvier,2018
Dakhla,121.7,120.2,-1.2,118.3,120.2,1.6,Janvier,2018
Guelmim,119.6,119.0,-0.5,116.2,119.0,2.4,Janvier,2018
Settat,119.0,118.6,-0.3,117.6,118.6,0.9,Janvier,2018
Safi,115.7,116.3,0.5,112.8,116.3,3.1,Janvier,2018
Béni-Mellal,119.0,118.7,-0.3,116.5,118.7,1.9,Janvier,2018
Al-Hoceima,119.9,119.6,-0.3,117.8,119.6,1.5,Janvier,2018
Ensemble,119.7,119.8,0.1,117.7,119.8,1.8,Janvier,2018
Agadir,116.4,117.4,0.9,115.4,115.7,0.3,Novembre,2017
Casablanca,121.0,121.6,0.5,119.5,120.4,0.8,Novembre,2017
Fès,119.2,119.8,0.5,117.0,118.1,0.9,Novembre,2017
Kénitra,116.9,117.6,0.6,115.9,116.3,0.3,Novembre,2017
Marrakech,118.5,119.3,0.7,116.9,118.1,1.0,Novembre,2017
Oujda,117.5,117.9,0.3,115.3,115.9,0.5,Novembre,2017
Rabat,116.5,116.6,0.1,115.1,115.6,0.4,Novembre,2017
Tétouan,118.2,119.2,0.8,116.2,117.8,1.4,Novembre,2017
Meknès,120.2,120.6,0.3,120.1,119.8,-0.2,Novembre,2017
Tanger,120.9,121.3,0.3,119.1,120.1,0.8,Novembre,2017
Laâyoune,120.3,120.6,0.2,116.5,118.7,1.9,Novembre,2017
Dakhla,119.8,120.6,0.7,117.3,118.0,0.6,Novembre,2017
Guelmim,118.6,118.4,-0.2,116.0,116.5,0.4,Novembre,2017
Settat,116.9,117.9,0.9,116.0,116.8,0.7,Novembre,2017
Safi,114.6,114.6,0.0,111.5,112.5,0.9,Novembre,2017
Béni-Mellal,117.2,118.5,1.1,115.5,116.6,1.0,Novembre,2017
Al-Hoceima,118.2,119.9,1.4,118.0,118.2,0.2,Novembre,2017
Ensemble,118.6,119.1,0.4,117.0,117.8,0.7,Novembre,2017
Agadir,115.9,116.9,0.9,115.2,115.4,0.2,Septembre,2017
Casablanca,120.3,121.5,1.0,119.3,120.3,0.8,Septembre,2017
Fès,117.8,119.0,1.0,116.8,117.8,0.9,Septembre,2017
Kénitra,115.8,117.3,1.3,115.9,116.1,0.2,Septembre,2017
Marrakech,117.7,118.4,0.6,116.7,117.9,1.0,Septembre,2017
Oujda,115.6,117.1,1.3,115.2,115.5,0.3,Septembre,2017
Rabat,115.2,116.4,1.0,114.9,115.4,0.4,Septembre,2017
Tétouan,118.1,118.5,0.3,116.0,117.6,1.4,Septembre,2017
Meknès,119.3,120.2,0.8,120.0,119.6,-0.3,Septembre,2017
Tanger,120.3,120.6,0.2,119.0,119.8,0.7,Septembre,2017
Laâyoune,118.7,120.6,1.6,116.3,118.3,1.7,Septembre,2017
Dakhla,118.2,119.7,1.3,117.2,117.5,0.3,Septembre,2017
Guelmim,116.2,117.6,1.2,115.8,116.1,0.3,Septembre,2017
Settat,117.3,117.8,0.4,115.6,116.7,1.0,Septembre,2017
Safi,113.1,114.2,1.0,111.5,112.1,0.5,Septembre,2017
Béni-Mellal,116.3,117.6,1.1,115.4,116.3,0.8,Septembre,2017
Al-Hoceima,119.8,118.8,-0.8,118.1,118.1,0.0,Septembre,2017
Ensemble,117.7,118.7,0.8,116.8,117.5,0.6,Septembre,2017
Agadir,115.3,115.2,-0.1,114.7,115.1,0.3,Juillet,2017
Casablanca,121.0,120.2,-0.7,119.1,120.1,0.8,Juillet,2017
Fès,118.3,117.6,-0.6,116.4,117.6,1.0,Juillet,2017
Kénitra,116.3,115.7,-0.5,115.5,116.0,0.4,Juillet,2017
Marrakech,118.5,117.5,-0.8,116.5,117.9,1.2,Juillet,2017
Oujda,116.3,114.5,-1.5,115.0,115.3,0.3,Juillet,2017
Rabat,115.3,114.8,-0.4,114.7,115.3,0.5,Juillet,2017
Tétouan,118.2,117.9,-0.3,115.6,117.4,1.6,Juillet,2017
Meknès,119.7,119.3,-0.3,119.7,119.6,-0.1,Juillet,2017
Tanger,120.6,120.3,-0.2,118.8,119.6,0.7,Juillet,2017
Laâyoune,119.0,118.0,-0.8,115.8,117.9,1.8,Juillet,2017
Dakhla,117.7,117.1,-0.5,116.9,117.1,0.2,Juillet,2017
Guelmim,116.2,115.8,-0.3,115.4,115.9,0.4,Juillet,2017
Settat,116.8,116.6,-0.2,115.4,116.5,1.0,Juillet,2017
Safi,112.2,112.0,-0.2,111.2,111.6,0.4,Juillet,2017
Béni-Mellal,115.7,115.6,-0.1,114.9,116.1,1.0,Juillet,2017
Al-Hoceima,119.1,118.2,-0.8,117.8,117.7,-0.1,Juillet,2017
Ensemble,117.9,117.3,-0.5,116.6,117.3,0.6,Juillet,2017
Agadir,115.4,115.3,-0.1,114.5,115.1,0.5,Juin,2017
Casablanca,119.9,121.0,0.9,118.8,120.1,1.1,Juin,2017
Fès,117.8,118.3,0.4,116.3,117.7,1.2,Juin,2017
Kénitra,116.1,116.3,0.2,115.3,116.1,0.7,Juin,2017
Marrakech,118.1,118.5,0.3,116.4,118.0,1.4,Juin,2017
Oujda,115.7,116.3,0.5,114.9,115.4,0.4,Juin,2017
Rabat,115.6,115.3,-0.3,114.7,115.4,0.6,Juin,2017
Tétouan,117.7,118.2,0.4,115.4,117.3,1.6,Juin,2017
Meknès,119.7,119.7,0.0,119.7,119.7,0.0,Juin,2017
Tanger,119.9,120.6,0.6,118.6,119.5,0.8,Juin,2017
Laâyoune,118.3,119.0,0.6,115.7,117.8,1.8,Juin,2017
Dakhla,117.2,117.7,0.4,116.7,117.1,0.3,Juin,2017
Guelmim,115.8,116.2,0.3,115.4,115.9,0.4,Juin,2017
Settat,116.6,116.8,0.2,115.3,116.5,1.0,Juin,2017
Safi,112.2,112.2,0.0,111.1,111.6,0.5,Juin,2017
Béni-Mellal,116.4,115.7,-0.6,114.8,116.2,1.2,Juin,2017
Al-Hoceima,118.2,119.1,0.8,117.5,117.6,0.1,Juin,2017
Ensemble,117.5,117.9,0.3,116.4,117.4,0.9,Juin,2017
Agadir,114.8,115.4,0.5,114.3,115.1,0.7,Mai,2017
Casablanca,119.4,119.9,0.4,118.6,119.9,1.1,Mai,2017
Fès,116.9,117.8,0.8,116.0,117.5,1.3,Mai,2017
Kénitra,115.7,116.1,0.3,115.0,116.0,0.9,Mai,2017
Marrakech,117.5,118.1,0.5,116.2,117.9,1.5,Mai,2017
Oujda,114.6,115.7,1.0,114.4,115.2,0.7,Mai,2017
Rabat,114.8,115.6,0.7,114.5,115.4,0.8,Mai,2017
Tétouan,116.9,117.7,0.7,115.0,117.1,1.8,Mai,2017
Meknès,119.2,119.7,0.4,119.5,119.6,0.1,Mai,2017
Tanger,119.3,119.9,0.5,118.4,119.3,0.8,Mai,2017
Laâyoune,118.2,118.3,0.1,115.4,117.6,1.9,Mai,2017
Dakhla,116.5,117.2,0.6,116.5,117.0,0.4,Mai,2017
Guelmim,115.9,115.8,-0.1,115.3,115.8,0.4,Mai,2017
Settat,116.0,116.6,0.5,115.1,116.4,1.1,Mai,2017
Safi,110.8,112.2,1.3,110.8,111.4,0.5,Mai,2017
Béni-Mellal,116.0,116.4,0.3,114.5,116.2,1.5,Mai,2017
Al-Hoceima,117.6,118.2,0.5,117.2,117.3,0.1,Mai,2017
Ensemble,116.9,117.5,0.5,116.2,117.2,0.9,Mai,2017
Agadir,115.1,114.4,-0.6,113.8,115.0,1.1,Mars,2017
Casablanca,120.3,119.5,-0.7,118.1,120.0,1.6,Mars,2017
Fès,117.8,117.0,-0.7,115.6,117.6,1.7,Mars,2017
Kénitra,116.1,115.8,-0.3,114.5,116.1,1.4,Mars,2017
Marrakech,118.0,117.3,-0.6,115.7,117.9,1.9,Mars,2017
Oujda,115.4,114.6,-0.7,114.1,115.3,1.1,Mars,2017
Rabat,115.5,115.1,-0.3,114.1,115.5,1.2,Mars,2017
Tétouan,117.1,116.7,-0.3,114.7,117.0,2.0,Mars,2017
Meknès,120.0,119.1,-0.8,119.1,119.8,0.6,Mars,2017
Tanger,119.2,118.7,-0.4,118.1,119.1,0.8,Mars,2017
Laâyoune,116.9,117.3,0.3,115.0,117.2,1.9,Mars,2017
Dakhla,116.7,116.3,-0.3,116.2,117.1,0.8,Mars,2017
Guelmim,115.7,115.4,-0.3,114.9,115.8,0.8,Mars,2017
Settat,116.3,115.5,-0.7,114.5,116.5,1.7,Mars,2017
Safi,111.1,110.2,-0.8,110.9,111.4,0.5,Mars,2017
Béni-Mellal,116.9,115.4,-1.3,114.0,116.3,2.0,Mars,2017
Al-Hoceima,117.0,116.1,-0.8,115.9,117.0,0.9,Mars,2017
Ensemble,117.4,116.7,-0.6,115.8,117.3,1.3,Mars,2017
Agadir,115.6,115.1,-0.4,113.4,115.4,1.8,Février,2017
Casablanca,120.2,120.3,0.1,117.9,120.3,2.0,Février,2017
Fès,118.1,117.8,-0.3,115.3,118.0,2.3,Février,2017
Kénitra,116.4,116.1,-0.3,114.2,116.3,1.8,Février,2017
Marrakech,118.4,118.0,-0.3,115.4,118.2,2.4,Février,2017
Oujda,115.8,115.4,-0.3,113.8,115.6,1.6,Février,2017
Rabat,115.9,115.5,-0.3,113.7,115.7,1.8,Février,2017
Tétouan,117.3,117.1,-0.2,114.3,117.2,2.5,Février,2017
Meknès,120.2,120.0,-0.2,118.6,120.1,1.3,Février,2017
Tanger,119.5,119.2,-0.3,117.6,119.4,1.5,Février,2017
Laâyoune,117.3,116.9,-0.3,114.9,117.1,1.9,Février,2017
Dakhla,118.3,116.7,-1.4,115.9,117.5,1.4,Février,2017
Guelmim,116.2,115.7,-0.4,114.7,116.0,1.1,Février,2017
Settat,117.6,116.3,-1.1,113.9,117.0,2.7,Février,2017
Safi,112.8,111.1,-1.5,110.8,112.0,1.1,Février,2017
Béni-Mellal,116.5,116.9,0.3,113.4,116.7,2.9,Février,2017
Al-Hoceima,117.8,117.0,-0.7,115.1,117.4,2.0,Février,2017
Ensemble,117.7,117.4,-0.3,115.4,117.6,1.9,Février,2017
Agadir,115.4,115.6,0.2,113.1,115.6,2.2,Janvier,2017
Casablanca,120.2,120.2,0.0,118.0,120.2,1.9,Janvier,2017
Fès,117.8,118.1,0.3,115.3,118.1,2.4,Janvier,2017
Kénitra,116.5,116.4,-0.1,114.1,116.4,2.0,Janvier,2017
Marrakech,117.9,118.4,0.4,115.2,118.4,2.8,Janvier,2017
Oujda,115.4,115.8,0.3,113.9,115.8,1.7,Janvier,2017
Rabat,115.5,115.9,0.3,113.3,115.9,2.3,Janvier,2017
Tétouan,116.4,117.3,0.8,114.3,117.3,2.6,Janvier,2017
Meknès,119.9,120.2,0.3,118.6,120.2,1.3,Janvier,2017
Tanger,119.3,119.5,0.2,117.4,119.5,1.8,Janvier,2017
Laâyoune,116.9,117.3,0.3,114.7,117.3,2.3,Janvier,2017
Dakhla,118.1,118.3,0.2,115.6,118.3,2.3,Janvier,2017
Guelmim,116.1,116.2,0.1,114.2,116.2,1.8,Janvier,2017
Settat,116.7,117.6,0.8,113.9,117.6,3.2,Janvier,2017
Safi,113.2,112.8,-0.4,110.0,112.8,2.5,Janvier,2017
Béni-Mellal,116.6,116.5,-0.1,113.4,116.5,2.7,Janvier,2017
Al-Hoceima,117.3,117.8,0.4,114.9,117.8,2.5,Janvier,2017
Ensemble,117.5,117.7,0.2,115.3,117.7,2.1,Janvier,2017
Agadir,116.4,115.4,-0.9,113.2,115.4,1.9,Décembre,2016
Casablanca,120.2,120.2,0.0,117.8,119.5,1.4,Décembre,2016
Fès,117.8,117.8,0.0,115.3,117.1,1.6,Décembre,2016
Kénitra,116.2,116.5,0.3,114.6,116.0,1.2,Décembre,2016
Marrakech,117.8,117.9,0.1,115.0,117.0,1.7,Décembre,2016
Oujda,115.4,115.4,0.0,114.2,115.3,1.0,Décembre,2016
Rabat,115.7,115.5,-0.2,113.0,115.1,1.9,Décembre,2016
Tétouan,116.8,116.4,-0.3,114.4,116.3,1.7,Décembre,2016
Meknès,119.8,119.9,0.1,117.9,120.1,1.9,Décembre,2016
Tanger,119.2,119.3,0.1,117.0,119.1,1.8,Décembre,2016
Laâyoune,116.8,116.9,0.1,115.1,116.5,1.2,Décembre,2016
Dakhla,117.8,118.1,0.3,115.2,117.4,1.9,Décembre,2016
Guelmim,116.6,116.1,-0.4,114.5,116.0,1.3,Décembre,2016
Settat,117.7,116.7,-0.8,113.7,116.1,2.1,Décembre,2016
Safi,112.3,113.2,0.8,110.5,111.6,1.0,Décembre,2016
Béni-Mellal,116.2,116.6,0.3,113.3,115.6,2.0,Décembre,2016
Al-Hoceima,117.6,117.3,-0.3,115.3,117.9,2.3,Décembre,2016
Ensemble,117.6,117.5,-0.1,115.2,117.1,1.6,Décembre,2016
Agadir,116.7,116.4,-0.3,113.2,115.4,1.9,Novembre,2016
Casablanca,119.8,120.2,0.3,117.8,119.5,1.4,Novembre,2016
Fès,118.6,117.8,-0.7,115.3,117.0,1.5,Novembre,2016
Kénitra,116.4,116.2,-0.2,114.6,115.9,1.1,Novembre,2016
Marrakech,117.8,117.8,0.0,115.0,116.9,1.7,Novembre,2016
Oujda,116.4,115.4,-0.9,114.2,115.3,1.0,Novembre,2016
Rabat,116.1,115.7,-0.3,113.0,115.1,1.9,Novembre,2016
Tétouan,117.7,116.8,-0.8,114.4,116.2,1.6,Novembre,2016
Meknès,121.9,119.8,-1.7,117.8,120.1,2.0,Novembre,2016
Tanger,120.2,119.2,-0.8,116.9,119.1,1.9,Novembre,2016
Laâyoune,118.1,116.8,-1.1,115.0,116.5,1.3,Novembre,2016
Dakhla,118.3,117.8,-0.4,115.2,117.3,1.8,Novembre,2016
Guelmim,116.7,116.6,-0.1,114.5,116.0,1.3,Novembre,2016
Settat,117.5,117.7,0.2,113.6,116.0,2.1,Novembre,2016
Safi,110.9,112.3,1.3,110.5,111.5,0.9,Novembre,2016
Béni-Mellal,115.8,116.2,0.3,113.3,115.5,1.9,Novembre,2016
Al-Hoceima,116.9,117.6,0.6,115.3,118.0,2.3,Novembre,2016
Ensemble,117.9,117.6,-0.3,115.1,117.0,1.7,Novembre,2016
Agadir,116.1,117.5,1.2,113.0,115.2,1.9,Septembre,2016
Casablanca,119.9,120.8,0.8,117.7,119.3,1.4,Septembre,2016
Fès,117.5,118.6,0.9,115.2,116.8,1.4,Septembre,2016
Kénitra,116.8,117.3,0.4,114.6,115.9,1.1,Septembre,2016
Marrakech,117.0,117.8,0.7,114.8,116.7,1.7,Septembre,2016
Oujda,115.7,116.1,0.3,114.1,115.2,1.0,Septembre,2016
Rabat,114.9,115.8,0.8,112.9,114.9,1.8,Septembre,2016
Tétouan,117.2,117.5,0.3,114.3,116.0,1.5,Septembre,2016
Meknès,120.4,121.4,0.8,117.5,120.0,2.1,Septembre,2016
Tanger,119.4,120.3,0.8,116.8,119.0,1.9,Septembre,2016
Laâyoune,116.9,119.1,1.9,114.9,116.3,1.2,Septembre,2016
Dakhla,117.9,118.8,0.8,115.1,117.2,1.8,Septembre,2016
Guelmim,117.7,117.2,-0.4,114.3,115.8,1.3,Septembre,2016
Settat,116.1,117.0,0.8,113.5,115.6,1.9,Septembre,2016
Safi,112.1,112.6,0.4,110.4,111.5,1.0,Septembre,2016
Béni-Mellal,116.6,117.6,0.9,113.1,115.4,2.0,Septembre,2016
Al-Hoceima,119.6,118.9,-0.6,115.3,118.1,2.4,Septembre,2016
Ensemble,117.4,118.2,0.7,115.0,116.8,1.6,Septembre,2016
Agadir,115.5,115.8,0.3,112.8,114.7,1.7,Juillet,2016
Casablanca,120.0,120.6,0.5,117.6,119.1,1.3,Juillet,2016
Fès,117.6,117.1,-0.4,115.1,116.4,1.1,Juillet,2016
Kénitra,116.8,116.6,-0.2,114.5,115.5,0.9,Juillet,2016
Marrakech,117.2,116.9,-0.3,114.7,116.5,1.6,Juillet,2016
Oujda,116.9,115.6,-1.1,114.0,115.0,0.9,Juillet,2016
Rabat,115.9,114.9,-0.9,112.8,114.7,1.7,Juillet,2016
Tétouan,117.2,117.1,-0.1,114.0,115.6,1.4,Juillet,2016
Meknès,120.4,120.2,-0.2,117.3,119.7,2.0,Juillet,2016
Tanger,119.7,119.8,0.1,116.7,118.8,1.8,Juillet,2016
Laâyoune,117.1,116.1,-0.9,114.6,115.8,1.0,Juillet,2016
Dakhla,117.8,117.7,-0.1,114.9,116.9,1.7,Juillet,2016
Guelmim,115.8,115.5,-0.3,114.0,115.4,1.2,Juillet,2016
Settat,116.5,115.8,-0.6,113.5,115.4,1.7,Juillet,2016
Safi,112.4,112.1,-0.3,110.5,111.2,0.6,Juillet,2016
Béni-Mellal,116.1,115.8,-0.3,113.0,114.9,1.7,Juillet,2016
Al-Hoceima,119.0,119.6,0.5,115.0,117.8,2.4,Juillet,2016
Ensemble,117.6,117.4,-0.2,114.9,116.6,1.5,Juillet,2016
Agadir,115.1,115.5,0.3,112.7,114.5,1.6,Juin,2016
Casablanca,119.6,120.0,0.3,117.5,118.8,1.1,Juin,2016
Fès,117.0,117.6,0.5,114.9,116.3,1.2,Juin,2016
Kénitra,116.3,116.8,0.4,114.4,115.3,0.8,Juin,2016
Marrakech,117.2,117.2,0.0,114.6,116.4,1.6,Juin,2016
Oujda,115.4,116.9,1.3,114.0,114.9,0.8,Juin,2016
Rabat,115.4,115.9,0.4,112.6,114.7,1.9,Juin,2016
Tétouan,115.7,117.2,1.3,113.8,115.4,1.4,Juin,2016
Meknès,120.4,120.4,0.0,117.2,119.7,2.1,Juin,2016
Tanger,119.0,119.7,0.6,116.4,118.6,1.9,Juin,2016
Laâyoune,116.3,117.1,0.7,114.4,115.7,1.1,Juin,2016
Dakhla,117.3,117.8,0.4,114.8,116.7,1.7,Juin,2016
Guelmim,115.6,115.8,0.2,113.8,115.4,1.4,Juin,2016
Settat,116.2,116.5,0.3,113.6,115.3,1.5,Juin,2016
Safi,110.7,112.4,1.5,110.5,111.1,0.5,Juin,2016
Béni-Mellal,115.6,116.1,0.4,113.0,114.8,1.6,Juin,2016
Al-Hoceima,119.5,119.0,-0.4,114.9,117.5,2.3,Juin,2016
Ensemble,117.1,117.6,0.4,114.8,116.4,1.4,Juin,2016
Agadir,114.9,115.1,0.2,112.6,114.3,1.5,Mai,2016
Casablanca,118.8,119.6,0.7,117.4,118.6,1.0,Mai,2016
Fès,116.3,117.0,0.6,114.8,116.0,1.0,Mai,2016
Kénitra,115.3,116.3,0.9,114.3,115.0,0.6,Mai,2016
Marrakech,116.8,117.2,0.3,114.6,116.2,1.4,Mai,2016
Oujda,114.5,115.4,0.8,114.0,114.4,0.4,Mai,2016
Rabat,114.7,115.4,0.6,112.6,114.5,1.7,Mai,2016
Tétouan,115.3,115.7,0.3,113.7,115.0,1.1,Mai,2016
Meknès,119.7,120.4,0.6,117.1,119.5,2.0,Mai,2016
Tanger,118.6,119.0,0.3,116.3,118.4,1.8,Mai,2016
Laâyoune,115.8,116.3,0.4,114.3,115.4,1.0,Mai,2016
Dakhla,116.7,117.3,0.5,114.8,116.5,1.5,Mai,2016
Guelmim,116.1,115.6,-0.4,113.7,115.3,1.4,Mai,2016
Settat,115.7,116.2,0.4,113.6,115.1,1.3,Mai,2016
Safi,110.5,110.7,0.2,110.5,110.8,0.3,Mai,2016
Béni-Mellal,115.1,115.6,0.4,113.2,114.5,1.1,Mai,2016
Al-Hoceima,118.8,119.5,0.6,114.9,117.2,2.0,Mai,2016
Ensemble,116.5,117.1,0.5,114.7,116.2,1.3,Mai,2016
Agadir,113.6,114.8,1.1,112.6,113.8,1.1,Mars,2016
Casablanca,117.7,118.7,0.8,117.3,118.1,0.7,Mars,2016
Fès,115.3,116.1,0.7,114.8,115.6,0.7,Mars,2016
Kénitra,114.2,115.3,1.0,114.4,114.5,0.1,Mars,2016
Marrakech,115.6,116.4,0.7,114.3,115.7,1.2,Mars,2016
Oujda,113.7,114.7,0.9,114.1,114.1,0.0,Mars,2016
Rabat,114.0,115.0,0.9,112.5,114.1,1.4,Mars,2016
Tétouan,114.2,115.7,1.3,113.6,114.7,1.0,Mars,2016
Meknès,118.5,120.3,1.5,117.0,119.1,1.8,Mars,2016
Tanger,117.7,119.1,1.2,116.2,118.1,1.6,Mars,2016
Laâyoune,115.0,115.3,0.3,114.4,115.0,0.5,Mars,2016
Dakhla,116.1,116.8,0.6,114.6,116.2,1.4,Mars,2016
Guelmim,115.1,115.3,0.2,113.7,114.9,1.1,Mars,2016
Settat,113.9,115.7,1.6,113.6,114.5,0.8,Mars,2016
Safi,111.5,111.2,-0.3,110.5,110.9,0.4,Mars,2016
Béni-Mellal,113.4,115.2,1.6,113.1,114.0,0.8,Mars,2016
Al-Hoceima,115.2,117.7,2.2,114.5,115.9,1.2,Mars,2016
Ensemble,115.5,116.6,1.0,114.7,115.8,1.0,Mars,2016
Agadir,113.1,113.6,0.4,112.7,113.4,0.6,Février,2016
Casablanca,118.0,117.7,-0.3,117.5,117.9,0.3,Février,2016
Fès,115.3,115.3,0.0,115.0,115.3,0.3,Février,2016
Kénitra,114.1,114.2,0.1,114.4,114.2,-0.2,Février,2016
Marrakech,115.2,115.6,0.3,114.4,115.4,0.9,Février,2016
Oujda,113.9,113.7,-0.2,114.3,113.8,-0.4,Février,2016
Rabat,113.3,114.0,0.6,112.6,113.7,1.0,Février,2016
Tétouan,114.3,114.2,-0.1,113.7,114.3,0.5,Février,2016
Meknès,118.6,118.5,-0.1,117.1,118.6,1.3,Février,2016
Tanger,117.4,117.7,0.3,116.1,117.6,1.3,Février,2016
Laâyoune,114.7,115.0,0.3,114.5,114.9,0.3,Février,2016
Dakhla,115.6,116.1,0.4,114.4,115.9,1.3,Février,2016
Guelmim,114.2,115.1,0.8,113.8,114.7,0.8,Février,2016
Settat,113.9,113.9,0.0,113.9,113.9,0.0,Février,2016
Safi,110.0,111.5,1.4,110.7,110.8,0.1,Février,2016
Béni-Mellal,113.4,113.4,0.0,113.3,113.4,0.1,Février,2016
Al-Hoceima,114.9,115.2,0.3,114.6,115.1,0.4,Février,2016
Ensemble,115.3,115.5,0.2,114.8,115.4,0.5,Février,2016
Agadir,113.3,113.1,-0.2,112.9,113.1,0.2,Janvier,2016
Casablanca,117.9,118.0,0.1,117.8,118.0,0.2,Janvier,2016
Fès,114.9,115.3,0.3,115.3,115.3,0.0,Janvier,2016
Kénitra,114.2,114.1,-0.1,114.6,114.1,-0.4,Janvier,2016
Marrakech,115.5,115.2,-0.3,114.5,115.2,0.6,Janvier,2016
Oujda,114.2,113.9,-0.3,114.3,113.9,-0.3,Janvier,2016
Rabat,113.4,113.3,-0.1,113.0,113.3,0.3,Janvier,2016
Tétouan,114.3,114.3,0.0,113.8,114.3,0.4,Janvier,2016
Meknès,118.7,118.6,-0.1,117.0,118.6,1.4,Janvier,2016
Tanger,117.2,117.4,0.2,116.3,117.4,0.9,Janvier,2016
Laâyoune,115.3,114.7,-0.5,114.7,114.7,0.0,Janvier,2016
Dakhla,115.3,115.6,0.3,114.3,115.6,1.1,Janvier,2016
Guelmim,114.9,114.2,-0.6,114.0,114.2,0.2,Janvier,2016
Settat,114.0,113.9,-0.1,114.5,113.9,-0.5,Janvier,2016
Safi,111.3,110.0,-1.2,111.0,110.0,-0.9,Janvier,2016
Béni-Mellal,113.3,113.4,0.1,113.5,113.4,-0.1,Janvier,2016
Al-Hoceima,115.3,114.9,-0.3,114.9,114.9,0.0,Janvier,2016
Ensemble,115.4,115.3,-0.1,115.0,115.3,0.3,Janvier,2016
Agadir,114.3,113.6,-0.6,112.0,113.2,1.1,Novembre,2015
Casablanca,118.7,117.9,-0.7,115.3,117.8,2.2,Novembre,2015
Fès,115.9,115.0,-0.8,114.3,115.3,0.9,Novembre,2015
Kénitra,115.2,114.4,-0.7,112.8,114.6,1.6,Novembre,2015
Marrakech,115.4,115.5,0.1,113.7,115.0,1.1,Novembre,2015
Oujda,115.4,114.4,-0.9,112.4,114.2,1.6,Novembre,2015
Rabat,113.6,113.5,-0.1,111.3,113.0,1.5,Novembre,2015
Tétouan,115.5,114.4,-1.0,112.3,114.4,1.9,Novembre,2015
Meknès,119.4,119.1,-0.3,115.0,117.8,2.4,Novembre,2015
Tanger,117.8,117.2,-0.5,114.9,116.9,1.7,Novembre,2015
Laâyoune,116.4,115.2,-1.0,112.7,115.0,2.0,Novembre,2015
Dakhla,115.8,115.4,-0.3,112.5,115.2,2.4,Novembre,2015
Guelmim,115.6,114.7,-0.8,112.2,114.5,2.0,Novembre,2015
Settat,114.3,113.8,-0.4,112.4,113.6,1.1,Novembre,2015
Safi,111.1,110.4,-0.6,108.8,110.5,1.6,Novembre,2015
Béni-Mellal,114.9,113.0,-1.7,111.7,113.3,1.4,Novembre,2015
Al-Hoceima,115.5,114.8,-0.6,113.8,115.3,1.3,Novembre,2015
Ensemble,116.0,115.4,-0.5,113.3,115.1,1.6,Novembre,2015
Agadir,113.9,113.8,-0.1,111.8,113.0,1.1,Septembre,2015
Casablanca,118.3,117.9,-0.3,115.0,117.7,2.3,Septembre,2015
Fès,116.0,115.6,-0.3,114.0,115.2,1.1,Septembre,2015
Kénitra,115.1,114.8,-0.3,112.5,114.6,1.9,Septembre,2015
Marrakech,115.4,115.3,-0.1,113.5,114.8,1.1,Septembre,2015
Oujda,113.9,114.9,0.9,112.4,114.1,1.5,Septembre,2015
Rabat,113.2,113.3,0.1,111.0,112.9,1.7,Septembre,2015
Tétouan,115.7,115.4,-0.3,112.0,114.3,2.1,Septembre,2015
Meknès,118.6,118.2,-0.3,114.7,117.5,2.4,Septembre,2015
Tanger,117.4,117.2,-0.2,114.7,116.8,1.8,Septembre,2015
Laâyoune,115.1,116.7,1.4,112.4,114.9,2.2,Septembre,2015
Dakhla,116.0,115.5,-0.4,112.0,115.1,2.8,Septembre,2015
Guelmim,115.0,115.5,0.4,112.1,114.3,2.0,Septembre,2015
Settat,113.1,114.0,0.8,112.2,113.5,1.2,Septembre,2015
Safi,109.9,110.2,0.3,108.5,110.4,1.8,Septembre,2015
Béni-Mellal,113.4,113.9,0.4,111.5,113.1,1.4,Septembre,2015
Al-Hoceima,116.7,116.4,-0.3,113.7,115.3,1.4,Septembre,2015
Ensemble,115.5,115.5,0.0,113.0,115.0,1.8,Septembre,2015
Agadir,112.9,113.6,0.6,111.6,112.8,1.1,Juillet,2015
Casablanca,117.8,118.3,0.4,114.8,117.6,2.4,Juillet,2015
Fès,115.5,116.3,0.7,113.8,115.1,1.1,Juillet,2015
Kénitra,114.4,115.3,0.8,112.3,114.5,2.0,Juillet,2015
Marrakech,114.5,115.2,0.6,113.3,114.7,1.2,Juillet,2015
Oujda,113.7,114.1,0.4,112.5,114.0,1.3,Juillet,2015
Rabat,113.0,113.5,0.4,110.9,112.8,1.7,Juillet,2015
Tétouan,114.3,114.9,0.5,111.8,114.0,2.0,Juillet,2015
Meknès,117.6,117.8,0.2,114.4,117.3,2.5,Juillet,2015
Tanger,116.9,118.3,1.2,114.5,116.7,1.9,Juillet,2015
Laâyoune,114.5,115.8,1.1,112.2,114.6,2.1,Juillet,2015
Dakhla,115.1,115.3,0.2,111.7,114.9,2.9,Juillet,2015
Guelmim,114.3,115.6,1.1,112.0,114.0,1.8,Juillet,2015
Settat,113.5,113.3,-0.2,112.3,113.5,1.1,Juillet,2015
Safi,110.5,110.5,0.0,108.3,110.5,2.0,Juillet,2015
Béni-Mellal,112.0,113.1,1.0,111.3,113.0,1.5,Juillet,2015
Al-Hoceima,114.9,115.4,0.4,113.4,115.0,1.4,Juillet,2015
Ensemble,115.0,115.6,0.5,112.9,114.9,1.8,Juillet,2015
Agadir,113.0,112.9,-0.1,111.7,112.7,0.9,Juin,2015
Casablanca,117.7,117.8,0.1,114.8,117.5,2.4,Juin,2015
Fès,114.5,115.5,0.9,113.8,114.9,1.0,Juin,2015
Kénitra,114.5,114.4,-0.1,112.3,114.4,1.9,Juin,2015
Marrakech,115.2,114.5,-0.6,113.3,114.6,1.1,Juin,2015
Oujda,113.9,113.7,-0.2,112.6,114.0,1.2,Juin,2015
Rabat,112.9,113.0,0.1,110.8,112.6,1.6,Juin,2015
Tétouan,113.7,114.3,0.5,111.7,113.8,1.9,Juin,2015
Meknès,117.5,117.6,0.1,114.4,117.2,2.4,Juin,2015
Tanger,116.8,116.9,0.1,114.4,116.4,1.7,Juin,2015
Laâyoune,114.1,114.5,0.4,112.1,114.4,2.1,Juin,2015
Dakhla,114.7,115.1,0.3,111.7,114.8,2.8,Juin,2015
Guelmim,113.3,114.3,0.9,112.0,113.8,1.6,Juin,2015
Settat,113.7,113.5,-0.2,112.3,113.6,1.2,Juin,2015
Safi,110.3,110.5,0.2,108.3,110.5,2.0,Juin,2015
Béni-Mellal,112.7,112.0,-0.6,111.4,113.0,1.4,Juin,2015
Al-Hoceima,115.4,114.9,-0.4,113.4,114.9,1.3,Juin,2015
Ensemble,114.9,115.0,0.1,112.9,114.8,1.7,Juin,2015
Agadir,112.4,113.0,0.5,111.7,112.6,0.8,Mai,2015
Casablanca,117.3,117.7,0.3,114.8,117.4,2.3,Mai,2015
Fès,114.8,114.5,-0.3,113.8,114.8,0.9,Mai,2015
Kénitra,114.1,114.5,0.4,112.2,114.3,1.9,Mai,2015
Marrakech,115.1,115.2,0.1,113.4,114.6,1.1,Mai,2015
Oujda,113.7,113.9,0.2,112.7,114.0,1.2,Mai,2015
Rabat,112.3,112.9,0.5,110.8,112.6,1.6,Mai,2015
Tétouan,114.0,113.7,-0.3,111.7,113.7,1.8,Mai,2015
Meknès,116.8,117.5,0.6,114.3,117.1,2.4,Mai,2015
Tanger,116.1,116.8,0.6,114.3,116.3,1.7,Mai,2015
Laâyoune,114.3,114.1,-0.2,112.2,114.3,1.9,Mai,2015
Dakhla,115.4,114.7,-0.6,111.6,114.8,2.9,Mai,2015
Guelmim,114.1,113.3,-0.7,112.2,113.7,1.3,Mai,2015
Settat,113.4,113.7,0.3,112.4,113.6,1.1,Mai,2015
Safi,110.5,110.3,-0.2,108.3,110.5,2.0,Mai,2015
Béni-Mellal,113.8,112.7,-1.0,111.5,113.2,1.5,Mai,2015
Al-Hoceima,115.7,115.4,-0.3,113.4,114.9,1.3,Mai,2015
Ensemble,114.7,114.9,0.2,112.9,114.7,1.6,Mai,2015
Agadir,112.4,112.5,0.1,111.8,112.6,0.7,Mars,2015
Casablanca,117.1,117.1,0.0,114.9,117.3,2.1,Mars,2015
Fès,114.6,114.6,0.0,114.0,114.8,0.7,Mars,2015
Kénitra,114.1,114.4,0.3,112.4,114.4,1.8,Mars,2015
Marrakech,114.2,114.2,0.0,113.4,114.3,0.8,Mars,2015
Oujda,114.2,113.9,-0.3,113.0,114.1,1.0,Mars,2015
Rabat,112.2,112.4,0.2,110.9,112.5,1.4,Mars,2015
Tétouan,113.6,113.5,-0.1,111.9,113.6,1.5,Mars,2015
Meknès,117.1,117.0,-0.1,114.5,117.0,2.2,Mars,2015
Tanger,115.9,116.3,0.3,114.3,116.2,1.7,Mars,2015
Laâyoune,114.2,114.3,0.1,112.4,114.4,1.8,Mars,2015
Dakhla,114.4,115.1,0.6,111.6,114.6,2.7,Mars,2015
Guelmim,113.6,113.4,-0.2,112.4,113.7,1.2,Mars,2015
Settat,113.3,112.9,-0.4,112.8,113.6,0.7,Mars,2015
Safi,110.4,110.2,-0.2,108.2,110.5,2.1,Mars,2015
Béni-Mellal,113.0,112.9,-0.1,111.6,113.1,1.3,Mars,2015
Al-Hoceima,114.3,114.3,0.0,113.1,114.5,1.2,Mars,2015
Ensemble,114.5,114.5,0.0,113.0,114.7,1.5,Mars,2015
Agadir,112.9,112.4,-0.4,111.9,112.7,0.7,Février,2015
Casablanca,117.8,117.1,-0.6,115.1,117.5,2.1,Février,2015
Fès,115.3,114.6,-0.6,114.2,115.0,0.7,Février,2015
Kénitra,114.6,114.1,-0.4,112.5,114.4,1.7,Février,2015
Marrakech,114.5,114.2,-0.3,113.5,114.4,0.8,Février,2015
Oujda,114.3,114.2,-0.1,113.3,114.3,0.9,Février,2015
Rabat,113.0,112.2,-0.7,111.0,112.6,1.4,Février,2015
Tétouan,113.8,113.6,-0.2,111.9,113.7,1.6,Février,2015
Meknès,117.0,117.1,0.1,114.7,117.1,2.1,Février,2015
Tanger,116.3,115.9,-0.3,114.4,116.1,1.5,Février,2015
Laâyoune,114.7,114.2,-0.4,112.6,114.5,1.7,Février,2015
Dakhla,114.3,114.4,0.1,111.8,114.4,2.3,Février,2015
Guelmim,114.0,113.6,-0.4,112.4,113.8,1.2,Février,2015
Settat,114.5,113.3,-1.0,113.3,113.9,0.5,Février,2015
Safi,111.0,110.4,-0.5,108.2,110.7,2.3,Février,2015
Béni-Mellal,113.5,113.0,-0.4,111.8,113.3,1.3,Février,2015
Al-Hoceima,114.9,114.3,-0.5,113.3,114.6,1.1,Février,2015
Ensemble,115.0,114.5,-0.4,113.1,114.8,1.5,Février,2015
Agadir,113.1,112.9,-0.2,111.9,112.9,0.9,Janvier,2015
Casablanca,117.2,117.8,0.5,115.0,117.8,2.4,Janvier,2015
Fès,115.2,115.3,0.1,114.1,115.3,1.1,Janvier,2015
Kénitra,114.3,114.6,0.3,112.6,114.6,1.8,Janvier,2015
Marrakech,114.6,114.5,-0.1,113.5,114.5,0.9,Janvier,2015
Oujda,113.5,114.3,0.7,113.4,114.3,0.8,Janvier,2015
Rabat,112.7,113.0,0.3,111.0,113.0,1.8,Janvier,2015
Tétouan,113.5,113.8,0.3,112.0,113.8,1.6,Janvier,2015
Meknès,116.7,117.0,0.3,115.0,117.0,1.7,Janvier,2015
Tanger,116.2,116.3,0.1,114.7,116.3,1.4,Janvier,2015
Laâyoune,114.2,114.7,0.4,112.7,114.7,1.8,Janvier,2015
Dakhla,113.6,114.3,0.6,111.6,114.3,2.4,Janvier,2015
Guelmim,113.3,114.0,0.6,112.7,114.0,1.2,Janvier,2015
Settat,113.5,114.5,0.9,113.8,114.5,0.6,Janvier,2015
Safi,110.0,111.0,0.9,108.6,111.0,2.2,Janvier,2015
Béni-Mellal,114.5,113.5,-0.9,112.1,113.5,1.2,Janvier,2015
Al-Hoceima,114.3,114.9,0.5,113.4,114.9,1.3,Janvier,2015
Ensemble,114.7,115.0,0.3,113.2,115.0,1.6,Janvier,2015
Agadir,112.8,112.7,-0.1,112.1,112.0,-0.1,Novembre,2014
Casablanca,116.4,117.0,0.5,114.9,115.3,0.3,Novembre,2014
Fès,115.7,115.2,-0.4,113.2,114.3,1.0,Novembre,2014
Kénitra,113.9,114.1,0.2,112.3,112.8,0.4,Novembre,2014
Marrakech,114.8,114.9,0.1,112.9,113.7,0.7,Novembre,2014
Oujda,112.6,112.4,-0.2,112.5,112.4,-0.1,Novembre,2014
Rabat,112.9,112.6,-0.3,110.5,111.3,0.7,Novembre,2014
Tétouan,113.7,113.6,-0.1,112.0,112.3,0.3,Novembre,2014
Meknès,116.4,116.4,0.0,114.9,115.0,0.1,Novembre,2014
Tanger,116.4,115.9,-0.4,114.7,114.9,0.2,Novembre,2014
Laâyoune,114.5,114.0,-0.4,112.7,112.7,0.0,Novembre,2014
Dakhla,115.0,114.0,-0.9,111.9,112.5,0.5,Novembre,2014
Guelmim,112.6,112.5,-0.1,112.5,112.2,-0.3,Novembre,2014
Settat,113.2,113.1,-0.1,112.8,112.4,-0.4,Novembre,2014
Safi,109.8,110.4,0.5,108.2,108.8,0.6,Novembre,2014
Béni-Mellal,112.4,112.9,0.4,111.8,111.7,-0.1,Novembre,2014
Al-Hoceima,114.4,113.9,-0.4,114.2,113.8,-0.4,Novembre,2014
Ensemble,114.4,114.4,0.0,112.9,113.3,0.4,Novembre,2014
Agadir,112.5,112.6,0.1,112.0,111.8,-0.2,Septembre,2014
Casablanca,115.9,115.9,0.0,114.8,115.0,0.2,Septembre,2014
Fès,114.2,115.4,1.1,112.9,114.0,1.0,Septembre,2014
Kénitra,113.2,113.6,0.4,112.3,112.5,0.2,Septembre,2014
Marrakech,114.0,114.4,0.4,112.8,113.5,0.6,Septembre,2014
Oujda,112.0,112.1,0.1,112.2,112.4,0.2,Septembre,2014
Rabat,111.5,111.5,0.0,110.3,111.0,0.6,Septembre,2014
Tétouan,112.5,112.8,0.3,111.9,112.0,0.1,Septembre,2014
Meknès,115.5,115.6,0.1,114.8,114.7,-0.1,Septembre,2014
Tanger,115.3,115.6,0.3,114.6,114.7,0.1,Septembre,2014
Laâyoune,112.8,113.3,0.4,112.5,112.4,-0.1,Septembre,2014
Dakhla,112.8,113.6,0.7,111.9,112.0,0.1,Septembre,2014
Guelmim,112.2,112.8,0.5,112.4,112.1,-0.3,Septembre,2014
Settat,112.2,111.9,-0.3,112.9,112.2,-0.6,Septembre,2014
Safi,109.0,109.2,0.2,108.1,108.5,0.4,Septembre,2014
Béni-Mellal,111.6,112.4,0.7,111.7,111.5,-0.2,Septembre,2014
Al-Hoceima,115.6,113.6,-1.7,114.5,113.7,-0.7,Septembre,2014
Ensemble,113.6,113.7,0.1,112.8,113.0,0.2,Septembre,2014
Agadir,111.5,111.4,-0.1,111.6,111.6,0.0,Juillet,2014
Casablanca,114.9,114.8,-0.1,114.8,114.8,0.0,Juillet,2014
Fès,113.6,113.7,0.1,112.5,113.8,1.2,Juillet,2014
Kénitra,112.3,112.3,0.0,112.0,112.3,0.3,Juillet,2014
Marrakech,112.9,113.4,0.4,112.7,113.3,0.5,Juillet,2014
Oujda,112.2,112.0,-0.2,112.0,112.5,0.4,Juillet,2014
Rabat,110.7,111.4,0.6,110.2,110.9,0.6,Juillet,2014
Tétouan,111.4,112.4,0.9,111.5,111.8,0.3,Juillet,2014
Meknès,114.9,114.5,-0.3,114.4,114.4,0.0,Juillet,2014
Tanger,114.9,114.6,-0.3,114.2,114.5,0.3,Juillet,2014
Laâyoune,111.9,112.4,0.4,112.1,112.2,0.1,Juillet,2014
Dakhla,111.9,111.7,-0.2,111.4,111.7,0.3,Juillet,2014
Guelmim,111.1,111.8,0.6,112.1,112.0,-0.1,Juillet,2014
Settat,112.0,111.9,-0.1,112.9,112.3,-0.5,Juillet,2014
Safi,108.2,108.5,0.3,107.9,108.3,0.4,Juillet,2014
Béni-Mellal,111.1,110.7,-0.4,111.6,111.3,-0.3,Juillet,2014
Al-Hoceima,113.3,113.5,0.2,113.8,113.4,-0.4,Juillet,2014
Ensemble,112.8,112.9,0.1,112.6,112.9,0.3,Juillet,2014
Agadir,111.4,111.5,0.1,111.6,111.7,0.1,Juin,2014
Casablanca,114.4,114.9,0.4,114.9,114.8,-0.1,Juin,2014
Fès,113.3,113.6,0.3,112.5,113.8,1.2,Juin,2014
Kénitra,112.1,112.3,0.2,112.0,112.3,0.3,Juin,2014
Marrakech,113.1,112.9,-0.2,112.7,113.3,0.5,Juin,2014
Oujda,112.3,112.2,-0.1,112.0,112.6,0.5,Juin,2014
Rabat,110.8,110.7,-0.1,110.3,110.8,0.5,Juin,2014
Tétouan,111.3,111.4,0.1,111.4,111.7,0.3,Juin,2014
Meknès,114.4,114.9,0.4,114.3,114.4,0.1,Juin,2014
Tanger,114.2,114.9,0.6,114.1,114.4,0.3,Juin,2014
Laâyoune,111.8,111.9,0.1,112.1,112.1,0.0,Juin,2014
Dakhla,111.2,111.9,0.6,111.5,111.7,0.2,Juin,2014
Guelmim,111.3,111.1,-0.2,112.1,112.0,-0.1,Juin,2014
Settat,112.0,112.0,0.0,113.0,112.3,-0.6,Juin,2014
Safi,108.5,108.2,-0.3,107.7,108.3,0.6,Juin,2014
Béni-Mellal,111.0,111.1,0.1,111.7,111.4,-0.3,Juin,2014
Al-Hoceima,113.8,113.3,-0.4,113.9,113.4,-0.4,Juin,2014
Ensemble,112.6,112.8,0.2,112.6,112.9,0.3,Juin,2014
Agadir,111.6,111.4,-0.2,111.5,111.7,0.2,Mai,2014
Casablanca,114.8,114.4,-0.3,114.8,114.8,0.0,Mai,2014
Fès,113.9,113.3,-0.5,112.4,113.8,1.2,Mai,2014
Kénitra,111.9,112.1,0.2,111.9,112.2,0.3,Mai,2014
Marrakech,113.4,113.1,-0.3,112.7,113.4,0.6,Mai,2014
Oujda,112.3,112.3,0.0,112.0,112.7,0.6,Mai,2014
Rabat,110.6,110.8,0.2,110.2,110.8,0.5,Mai,2014
Tétouan,111.6,111.3,-0.3,111.2,111.7,0.4,Mai,2014
Meknès,113.9,114.4,0.4,114.2,114.3,0.1,Mai,2014
Tanger,114.6,114.2,-0.3,114.0,114.3,0.3,Mai,2014
Laâyoune,111.9,111.8,-0.1,112.1,112.2,0.1,Mai,2014
Dakhla,111.9,111.2,-0.6,111.6,111.6,0.0,Mai,2014
Guelmim,112.4,111.3,-1.0,112.0,112.2,0.2,Mai,2014
Settat,111.5,112.0,0.4,113.0,112.4,-0.5,Mai,2014
Safi,108.6,108.5,-0.1,107.4,108.3,0.8,Mai,2014
Béni-Mellal,111.7,111.0,-0.6,111.8,111.5,-0.3,Mai,2014
Al-Hoceima,113.8,113.8,0.0,113.7,113.4,-0.3,Mai,2014
Ensemble,112.8,112.6,-0.2,112.5,112.9,0.4,Mai,2014
Agadir,111.8,111.8,0.0,111.4,111.8,0.4,Mars,2014
Casablanca,115.2,114.4,-0.7,114.9,114.9,0.0,Mars,2014
Fès,114.3,113.6,-0.6,112.4,114.0,1.4,Mars,2014
Kénitra,112.3,112.3,0.0,111.9,112.4,0.4,Mars,2014
Marrakech,113.4,113.4,0.0,112.6,113.4,0.7,Mars,2014
Oujda,113.1,112.4,-0.6,111.8,113.0,1.1,Mars,2014
Rabat,110.9,110.9,0.0,110.3,110.9,0.5,Mars,2014
Tétouan,111.8,111.8,0.0,111.1,111.9,0.7,Mars,2014
Meknès,114.4,114.0,-0.3,113.8,114.5,0.6,Mars,2014
Tanger,114.0,114.2,0.2,114.1,114.3,0.2,Mars,2014
Laâyoune,112.5,112.0,-0.4,112.0,112.4,0.4,Mars,2014
Dakhla,112.0,111.3,-0.6,111.8,111.6,-0.2,Mars,2014
Guelmim,112.1,112.3,0.2,111.8,112.4,0.5,Mars,2014
Settat,112.7,112.0,-0.6,112.9,112.8,-0.1,Mars,2014
Safi,107.8,108.2,0.4,107.5,108.2,0.7,Mars,2014
Béni-Mellal,111.5,111.1,-0.4,111.7,111.6,-0.1,Mars,2014
Al-Hoceima,113.2,112.8,-0.4,113.4,113.1,-0.3,Mars,2014
Ensemble,113.0,112.7,-0.3,112.5,113.0,0.4,Mars,2014
Agadir,111.9,111.8,-0.1,111.4,111.9,0.4,Février,2014
Casablanca,115.0,115.2,0.2,115.1,115.1,0.0,Février,2014
Fès,114.1,114.3,0.2,112.5,114.2,1.5,Février,2014
Kénitra,112.6,112.3,-0.3,111.9,112.5,0.5,Février,2014
Marrakech,113.5,113.4,-0.1,112.9,113.5,0.5,Février,2014
Oujda,113.4,113.1,-0.3,111.6,113.3,1.5,Février,2014
Rabat,111.0,110.9,-0.1,110.3,111.0,0.6,Février,2014
Tétouan,112.0,111.8,-0.2,111.2,111.9,0.6,Février,2014
Meknès,115.0,114.4,-0.5,113.9,114.7,0.7,Février,2014
Tanger,114.7,114.0,-0.6,114.2,114.4,0.2,Février,2014
Laâyoune,112.7,112.5,-0.2,112.0,112.6,0.5,Février,2014
Dakhla,111.6,112.0,0.4,112.3,111.8,-0.4,Février,2014
Guelmim,112.7,112.1,-0.5,111.9,112.4,0.4,Février,2014
Settat,113.8,112.7,-1.0,113.1,113.3,0.2,Février,2014
Safi,108.6,107.8,-0.7,107.5,108.2,0.7,Février,2014
Béni-Mellal,112.1,111.5,-0.5,111.9,111.8,-0.1,Février,2014
Al-Hoceima,113.4,113.2,-0.2,113.9,113.3,-0.5,Février,2014
Ensemble,113.2,113.0,-0.2,112.6,113.1,0.4,Février,2014
Agadir,111.8,111.9,0.1,111.4,111.9,0.4,Janvier,2014
Casablanca,114.8,115.0,0.2,115.1,115.0,-0.1,Janvier,2014
Fès,113.4,114.1,0.6,112.4,114.1,1.5,Janvier,2014
Kénitra,112.1,112.6,0.4,112.0,112.6,0.5,Janvier,2014
Marrakech,113.4,113.5,0.1,113.2,113.5,0.3,Janvier,2014
Oujda,113.2,113.4,0.2,111.4,113.4,1.8,Janvier,2014
Rabat,110.9,111.0,0.1,110.4,111.0,0.5,Janvier,2014
Tétouan,111.7,112.0,0.3,111.3,112.0,0.6,Janvier,2014
Meknès,114.4,115.0,0.5,113.9,115.0,1.0,Janvier,2014
Tanger,114.4,114.7,0.3,114.2,114.7,0.4,Janvier,2014
Laâyoune,112.0,112.7,0.6,111.7,112.7,0.9,Janvier,2014
Dakhla,111.1,111.6,0.5,112.4,111.6,-0.7,Janvier,2014
Guelmim,112.4,112.7,0.3,111.5,112.7,1.1,Janvier,2014
Settat,112.5,113.8,1.2,113.1,113.8,0.6,Janvier,2014
Safi,108.4,108.6,0.2,107.8,108.6,0.7,Janvier,2014
Béni-Mellal,111.5,112.1,0.5,111.9,112.1,0.2,Janvier,2014
Al-Hoceima,112.4,113.4,0.9,113.8,113.4,-0.4,Janvier,2014
Ensemble,112.9,113.2,0.3,112.6,113.2,0.5,Janvier,2014
Agadir,112.8,111.9,-0.8,109.9,112.1,2.0,Novembre,2013
Casablanca,115.5,114.8,-0.6,112.7,114.9,2.0,Novembre,2013
Fès,115.3,114.1,-1.0,110.3,113.2,2.6,Novembre,2013
Kénitra,112.3,112.4,0.1,110.2,112.3,1.9,Novembre,2013
Marrakech,113.6,113.4,-0.2,110.7,112.9,2.0,Novembre,2013
Oujda,113.3,114.2,0.8,109.5,112.5,2.7,Novembre,2013
Rabat,111.4,110.9,-0.4,108.2,110.5,2.1,Novembre,2013
Tétouan,113.4,111.9,-1.3,112.0,112.0,0.0,Novembre,2013
Meknès,116.2,114.3,-1.6,112.4,114.9,2.2,Novembre,2013
Tanger,115.7,114.5,-1.0,111.5,114.7,2.9,Novembre,2013
Laâyoune,113.6,113.1,-0.4,111.4,112.7,1.2,Novembre,2013
Dakhla,112.8,111.4,-1.2,110.1,111.9,1.6,Novembre,2013
Guelmim,113.3,112.4,-0.8,110.2,112.5,2.1,Novembre,2013
Settat,112.2,112.3,0.1,111.2,112.8,1.4,Novembre,2013
Safi,108.6,109.1,0.5,105.7,108.2,2.4,Novembre,2013
Béni-Mellal,112.6,111.3,-1.2,110.9,111.8,0.8,Novembre,2013
Al-Hoceima,113.2,112.7,-0.4,112.1,114.2,1.9,Novembre,2013
Ensemble,113.7,113.0,-0.6,110.7,112.9,2.0,Novembre,2013
Agadir,113.5,113.7,0.2,109.6,112.0,2.2,Septembre,2013
Casablanca,114.9,115.3,0.3,112.3,114.8,2.2,Septembre,2013
Fès,114.0,114.1,0.1,110.0,112.9,2.6,Septembre,2013
Kénitra,113.5,113.2,-0.3,109.8,112.3,2.3,Septembre,2013
Marrakech,112.8,113.3,0.4,110.2,112.8,2.4,Septembre,2013
Oujda,113.2,113.3,0.1,109.2,112.2,2.7,Septembre,2013
Rabat,110.6,110.7,0.1,108.0,110.3,2.1,Septembre,2013
Tétouan,113.7,113.0,-0.6,112.3,111.9,-0.4,Septembre,2013
Meknès,116.4,116.3,-0.1,112.2,114.8,2.3,Septembre,2013
Tanger,116.2,115.5,-0.6,111.3,114.6,3.0,Septembre,2013
Laâyoune,113.8,113.8,0.0,111.2,112.5,1.2,Septembre,2013
Dakhla,113.3,113.4,0.1,109.7,111.9,2.0,Septembre,2013
Guelmim,114.0,112.9,-1.0,109.9,112.4,2.3,Septembre,2013
Settat,113.0,112.8,-0.2,110.9,112.9,1.8,Septembre,2013
Safi,109.1,108.6,-0.5,105.5,108.1,2.5,Septembre,2013
Béni-Mellal,112.0,112.2,0.2,110.8,111.7,0.8,Septembre,2013
Al-Hoceima,118.6,114.8,-3.2,111.9,114.5,2.3,Septembre,2013
Ensemble,113.6,113.6,0.0,110.4,112.8,2.2,Septembre,2013
Agadir,111.9,111.7,-0.2,109.0,111.6,2.4,Juillet,2013
Casablanca,115.0,114.3,-0.6,112.0,114.8,2.5,Juillet,2013
Fès,112.8,112.9,0.1,109.8,112.5,2.5,Juillet,2013
Kénitra,112.4,112.3,-0.1,109.4,112.0,2.4,Juillet,2013
Marrakech,112.8,112.5,-0.3,109.7,112.7,2.7,Juillet,2013
Oujda,112.2,111.7,-0.4,108.9,112.0,2.8,Juillet,2013
Rabat,110.5,109.7,-0.7,107.7,110.2,2.3,Juillet,2013
Tétouan,112.2,112.1,-0.1,112.3,111.5,-0.7,Juillet,2013
Meknès,114.9,114.8,-0.1,111.9,114.4,2.2,Juillet,2013
Tanger,114.4,114.9,0.4,111.0,114.2,2.9,Juillet,2013
Laâyoune,112.0,112.5,0.4,110.7,112.1,1.3,Juillet,2013
Dakhla,110.9,111.4,0.5,108.9,111.4,2.3,Juillet,2013
Guelmim,112.4,111.8,-0.5,109.3,112.1,2.6,Juillet,2013
Settat,113.2,112.0,-1.1,110.9,112.9,1.8,Juillet,2013
Safi,108.9,108.9,0.0,105.1,107.9,2.7,Juillet,2013
Béni-Mellal,111.2,111.1,-0.1,110.5,111.6,1.0,Juillet,2013
Al-Hoceima,114.7,113.7,-0.9,111.6,113.8,2.0,Juillet,2013
Ensemble,112.9,112.5,-0.4,110.1,112.6,2.3,Juillet,2013
Ensemble,112.9,112.9,0.0,110.0,112.6,2.4,Juin,2013
Agadir,111.4,111.9,0.4,108.5,111.5,2.8,Mai,2013
Casablanca,114.5,114.9,0.3,111.9,114.8,2.6,Mai,2013
Fès,112.1,112.6,0.4,109.6,112.4,2.6,Mai,2013
Kénitra,111.7,112.3,0.5,109.2,111.9,2.5,Mai,2013
Marrakech,112.7,112.8,0.1,109.2,112.7,3.2,Mai,2013
Oujda,112.1,112.4,0.3,108.8,112.0,2.9,Mai,2013
Rabat,109.9,110.5,0.5,107.4,110.2,2.6,Mai,2013
Tétouan,111.0,111.9,0.8,112.5,111.2,-1.2,Mai,2013
Meknès,114.4,115.3,0.8,111.8,114.2,2.1,Mai,2013
Tanger,113.6,114.3,0.6,110.9,114.0,2.8,Mai,2013
Laâyoune,112.2,112.3,0.1,110.5,112.1,1.4,Mai,2013
Dakhla,111.1,111.2,0.1,108.5,111.6,2.9,Mai,2013
Guelmim,112.5,112.3,-0.2,109.1,112.0,2.7,Mai,2013
Settat,112.6,113.5,0.8,110.7,113.0,2.1,Mai,2013
Safi,106.6,108.2,1.5,105.0,107.4,2.3,Mai,2013
Béni-Mellal,112.0,111.8,-0.2,110.7,111.8,1.0,Mai,2013
Al-Hoceima,113.5,114.6,1.0,111.5,113.7,2.0,Mai,2013
Ensemble,112.3,112.9,0.5,109.9,112.5,2.4,Mai,2013
Agadir,111.4,111.3,-0.1,108.4,111.4,2.8,Mars,2013
Casablanca,115.0,114.6,-0.3,112.1,114.9,2.5,Mars,2013
Fès,112.6,112.2,-0.4,109.8,112.4,2.4,Mars,2013
Kénitra,111.8,111.8,0.0,109.4,111.9,2.3,Mars,2013
Marrakech,112.6,112.1,-0.4,109.2,112.6,3.1,Mars,2013
Oujda,111.7,112.2,0.4,108.9,111.8,2.7,Mars,2013
Rabat,110.2,110.2,0.0,107.5,110.3,2.6,Mars,2013
Tétouan,111.0,110.9,-0.1,112.6,111.1,-1.3,Mars,2013
Meknès,113.9,113.6,-0.3,112.0,113.8,1.6,Mars,2013
Tanger,114.2,113.9,-0.3,110.9,114.1,2.9,Mars,2013
Laâyoune,112.2,112.1,-0.1,110.6,112.0,1.3,Mars,2013
Dakhla,112.1,111.0,-1.0,108.5,111.8,3.0,Mars,2013
Guelmim,112.2,111.7,-0.4,109.0,111.8,2.6,Mars,2013
Settat,113.1,112.5,-0.5,111.1,112.9,1.6,Mars,2013
Safi,107.2,107.4,0.2,105.0,107.5,2.4,Mars,2013
Béni-Mellal,111.8,111.5,-0.3,110.6,111.7,1.0,Mars,2013
Al-Hoceima,114.0,112.5,-1.3,111.3,113.4,1.9,Mars,2013
Ensemble,112.5,112.3,-0.2,109.9,112.5,2.4,Mars,2013
Ensemble,112.6,112.5,-0.1,110.0,112.6,2.4,Février,2013
Agadir,112.1,111.4,-0.6,108.5,111.4,2.7,Janvier,2013
Casablanca,115.0,115.1,0.1,111.8,115.1,3.0,Janvier,2013
Fès,112.5,112.4,-0.1,109.6,112.4,2.6,Janvier,2013
Kénitra,111.7,112.0,0.3,109.3,112.0,2.5,Janvier,2013
Marrakech,113.3,113.2,-0.1,109.4,113.2,3.5,Janvier,2013
Oujda,110.5,111.4,0.8,108.5,111.4,2.7,Janvier,2013
Rabat,109.5,110.4,0.8,107.3,110.4,2.9,Janvier,2013
Tétouan,111.4,111.3,-0.1,112.4,111.3,-1.0,Janvier,2013
Meknès,113.7,113.9,0.2,111.9,113.9,1.8,Janvier,2013
Tanger,113.7,114.2,0.4,110.7,114.2,3.2,Janvier,2013
Laâyoune,112.7,111.7,-0.9,110.8,111.7,0.8,Janvier,2013
Dakhla,113.0,112.4,-0.5,108.0,112.4,4.1,Janvier,2013
Guelmim,112.2,111.5,-0.6,109.3,111.5,2.0,Janvier,2013
Settat,113.4,113.1,-0.3,111.1,113.1,1.8,Janvier,2013
Safi,107.3,107.8,0.5,105.1,107.8,2.6,Janvier,2013
Béni-Mellal,112.8,111.9,-0.8,109.9,111.9,1.8,Janvier,2013
Al-Hoceima,113.1,113.8,0.6,111.1,113.8,2.4,Janvier,2013
Ensemble,112.4,112.6,0.2,109.8,112.6,2.6,Janvier,2013
Ensemble,112.0,111.9,-0.1,109.4,110.7,1.2,Novembre,2012
Agadir,111.3,111.6,0.3,108.6,109.6,0.9,Septembre,2012
Casablanca,113.2,114.1,0.8,110.5,112.3,1.6,Septembre,2012
Fès,110.6,111.0,0.4,108.9,110.0,1.0,Septembre,2012
Kénitra,110.7,111.2,0.5,108.8,109.8,0.9,Septembre,2012
Marrakech,112.3,111.8,-0.4,108.7,110.2,1.4,Septembre,2012
Oujda,110.6,110.2,-0.4,109.5,109.2,-0.3,Septembre,2012
Rabat,109.0,109.3,0.3,107.8,108.0,0.2,Septembre,2012
Tétouan,112.6,111.7,-0.8,110.1,112.3,2.0,Septembre,2012
Meknès,113.0,113.3,0.3,111.0,112.2,1.1,Septembre,2012
Tanger,112.0,112.3,0.3,110.2,111.3,1.0,Septembre,2012
Laâyoune,113.1,112.3,-0.7,108.9,111.2,2.1,Septembre,2012
Dakhla,112.4,112.3,-0.1,107.9,109.7,1.7,Septembre,2012
Guelmim,112.2,111.9,-0.3,109.2,109.9,0.6,Septembre,2012
Settat,111.2,111.2,0.0,109.5,110.9,1.3,Septembre,2012
Safi,106.8,106.8,0.0,105.0,105.5,0.5,Septembre,2012
Béni-Mellal,111.5,111.9,0.4,108.7,110.8,1.9,Septembre,2012
Al-Hoceima,113.9,112.2,-1.5,110.7,111.9,1.1,Septembre,2012
Ensemble,111.5,111.7,0.2,109.2,110.4,1.1,Septembre,2012
Agadir,110.0,110.6,0.5,108.3,109.0,0.6,Juillet,2012
Casablanca,112.1,112.2,0.1,110.1,112.0,1.7,Juillet,2012
Fès,110.2,110.4,0.2,108.7,109.8,1.0,Juillet,2012
Kénitra,109.9,110.1,0.2,108.4,109.4,0.9,Juillet,2012
Marrakech,110.1,111.6,1.4,108.3,109.7,1.3,Juillet,2012
Oujda,109.3,109.1,-0.2,109.2,108.9,-0.3,Juillet,2012
Rabat,108.3,108.7,0.4,107.6,107.7,0.1,Juillet,2012
Tétouan,111.8,111.9,0.1,109.5,112.3,2.6,Juillet,2012
Meknès,112.3,112.1,-0.2,110.6,111.9,1.2,Juillet,2012
Tanger,111.2,111.7,0.4,109.9,111.0,1.0,Juillet,2012
Laâyoune,110.8,111.8,0.9,108.5,110.7,2.0,Juillet,2012
Dakhla,108.9,111.0,1.9,107.6,108.9,1.2,Juillet,2012
Guelmim,109.5,110.4,0.8,108.9,109.3,0.4,Juillet,2012
Settat,111.1,111.2,0.1,109.3,110.9,1.5,Juillet,2012
Safi,105.3,105.8,0.5,104.3,105.1,0.8,Juillet,2012
Béni-Mellal,109.8,110.1,0.3,108.2,110.5,2.1,Juillet,2012
Al-Hoceima,111.3,112.2,0.8,110.3,111.6,1.2,Juillet,2012
Ensemble,110.4,110.7,0.3,108.9,110.1,1.1,Juillet,2012
Ensemble,108.7,108.3,-0.4,108.0,108.9,0.8,Juin,2011
Ensemble,108.4,108.7,0.3,108.1,109.0,0.8,Mai,2011
Agadir,108.6,108.6,0.0,107.1,108.4,1.2,Mars,2011
Casablanca,111.0,111.0,0.0,108.3,110.7,2.2,Mars,2011
Fès,110.0,109.4,-0.5,107.9,109.4,1.4,Mars,2011
Kénitra,109.1,109.2,0.1,106.1,108.7,2.5,Mars,2011
Marrakech,108.4,108.9,0.5,107.4,108.5,1.0,Mars,2011
Oujda,111.1,109.6,-1.4,109.0,110.1,1.0,Mars,2011
Rabat,108.4,108.4,0.0,106.5,108.2,1.6,Mars,2011
Tétouan,109.6,109.5,-0.1,106.8,109.2,2.2,Mars,2011
Meknès,111.4,111.4,0.0,108.3,110.9,2.4,Mars,2011
Tanger,110.5,110.5,0.0,109.4,110.2,0.7,Mars,2011
Laâyoune,108.7,109.1,0.4,107.7,108.8,1.0,Mars,2011
Dakhla,108.4,108.4,0.0,105.7,108.2,2.4,Mars,2011
Guelmim,109.4,109.8,0.4,107.9,109.4,1.4,Mars,2011
Settat,110.4,110.8,0.4,108.4,110.3,1.8,Mars,2011
Safi,104.4,104.5,0.1,104.4,104.3,-0.1,Mars,2011
Béni-Mellal,110.0,109.4,-0.5,107.5,109.3,1.7,Mars,2011
Al-Hoceima,111.1,110.7,-0.4,107.8,110.7,2.7,Mars,2011
Ensemble,109.7,109.6,-0.1,107.7,109.4,1.6,Mars,2011
Agadir,107.9,108.6,0.6,106.4,108.3,1.8,Février,2011
Casablanca,110.1,111.0,0.8,107.8,110.6,2.6,Février,2011
Fès,108.9,110.0,1.0,107.2,109.5,2.1,Février,2011
Kénitra,107.9,109.1,1.1,105.6,108.5,2.7,Février,2011
Marrakech,108.1,108.4,0.3,106.8,108.3,1.4,Février,2011
Oujda,109.6,111.1,1.4,108.0,110.4,2.2,Février,2011
Rabat,107.7,108.4,0.6,106.0,108.1,2.0,Février,2011
Tétouan,108.6,109.6,0.9,106.1,109.1,2.8,Février,2011
Meknès,109.9,111.4,1.4,107.5,110.7,3.0,Février,2011
Tanger,109.5,110.5,0.9,108.8,110.0,1.1,Février,2011
Laâyoune,108.5,108.7,0.2,107.1,108.6,1.4,Février,2011
Dakhla,107.7,108.4,0.6,104.5,108.1,3.4,Février,2011
Guelmim,108.9,109.4,0.5,107.2,109.2,1.9,Février,2011
Settat,109.7,110.4,0.6,107.3,110.1,2.6,Février,2011
Safi,104.1,104.4,0.3,104.0,104.3,0.3,Février,2011
Béni-Mellal,108.6,110.0,1.3,106.4,109.3,2.7,Février,2011
Al-Hoceima,110.2,111.1,0.8,106.8,110.7,3.7,Février,2011
Ensemble,108.8,109.7,0.8,107.0,109.3,2.1,Février,2011
Ensemble,108.6,108.8,0.2,106.5,108.8,2.2,Janvier,2011
Agadir,110.0,109.0,-0.9,106.8,107.9,1.0,Novembre,2010
Casablanca,111.0,110.9,-0.1,108.1,109.2,1.0,Novembre,2010
Fès,111.2,109.7,-1.3,107.8,108.4,0.6,Novembre,2010
Kénitra,108.1,108.1,0.0,107.1,107.1,0.0,Novembre,2010
Marrakech,110.1,110.1,0.0,107.0,107.9,0.8,Novembre,2010
Oujda,111.4,110.9,-0.4,108.3,109.6,1.2,Novembre,2010
Rabat,109.2,108.6,-0.5,106.6,107.4,0.8,Novembre,2010
Tétouan,109.0,108.2,-0.7,106.7,107.5,0.7,Novembre,2010
Meknès,112.9,109.9,-2.7,108.5,109.4,0.8,Novembre,2010
Tanger,111.6,110.0,-1.4,109.1,109.8,0.6,Novembre,2010
Laâyoune,110.1,109.5,-0.5,107.0,108.7,1.6,Novembre,2010
Dakhla,109.1,107.6,-1.4,105.4,106.6,1.1,Novembre,2010
Guelmim,113.5,110.1,-3.0,106.7,109.5,2.6,Novembre,2010
Settat,110.8,110.6,-0.2,107.8,109.0,1.1,Novembre,2010
Safi,105.5,105.3,-0.2,104.4,104.6,0.2,Novembre,2010
Béni-Mellal,111.1,108.3,-2.5,107.0,108.1,1.0,Novembre,2010
Al-Hoceima,110.1,111.0,0.8,108.0,109.1,1.0,Novembre,2010
Ensemble,110.4,109.6,-0.7,107.5,108.4,0.8,Novembre,2010
Agadir,107.7,109.2,1.4,106.8,107.5,0.7,Septembre,2010
Casablanca,108.8,110.4,1.5,108.1,108.8,0.6,Septembre,2010
Fès,108.3,108.9,0.6,107.8,108.0,0.2,Septembre,2010
Kénitra,107.2,108.3,1.0,106.9,106.8,-0.1,Septembre,2010
Marrakech,106.4,108.0,1.5,106.9,107.4,0.5,Septembre,2010
Oujda,109.1,111.5,2.2,108.3,109.2,0.8,Septembre,2010
Rabat,106.9,108.3,1.3,106.4,107.0,0.6,Septembre,2010
Tétouan,107.6,108.8,1.1,106.7,107.3,0.6,Septembre,2010
Meknès,108.7,111.3,2.4,108.5,109.0,0.5,Septembre,2010
Tanger,109.7,110.6,0.8,108.9,109.5,0.6,Septembre,2010
Laâyoune,108.9,110.2,1.2,106.9,108.4,1.4,Septembre,2010
Dakhla,106.9,108.0,1.0,105.3,106.2,0.9,Septembre,2010
Guelmim,109.4,112.1,2.5,106.6,109.0,2.3,Septembre,2010
Settat,107.6,109.3,1.6,107.8,108.6,0.7,Septembre,2010
Safi,105.5,105.9,0.4,104.5,104.5,0.0,Septembre,2010
Béni-Mellal,108.2,109.4,1.1,107.0,107.8,0.7,Septembre,2010
Al-Hoceima,109.1,109.6,0.5,108.3,108.8,0.5,Septembre,2010
Ensemble,108.0,109.5,1.4,107.4,108.1,0.7,Septembre,2010
Agadir,107.0,106.5,-0.5,106.3,107.2,0.8,Juillet,2010
Casablanca,108.8,107.8,-0.9,108.0,108.6,0.6,Juillet,2010
Fès,107.5,107.2,-0.3,107.4,107.8,0.4,Juillet,2010
Kénitra,106.3,106.4,0.1,106.6,106.6,0.0,Juillet,2010
Marrakech,106.8,105.9,-0.8,106.9,107.4,0.5,Juillet,2010
Oujda,107.9,107.6,-0.3,107.9,108.9,0.9,Juillet,2010
Rabat,106.8,106.2,-0.6,106.0,106.9,0.8,Juillet,2010
Tétouan,106.6,106.9,0.3,106.4,107.0,0.6,Juillet,2010
Meknès,109.0,108.2,-0.7,108.2,108.7,0.5,Juillet,2010
Tanger,108.9,108.7,-0.2,108.3,109.4,1.0,Juillet,2010
Laâyoune,107.4,107.3,-0.1,106.3,108.1,1.7,Juillet,2010
Dakhla,104.9,104.0,-0.9,105.0,105.8,0.8,Juillet,2010
Guelmim,107.9,107.8,-0.1,105.8,108.5,2.6,Juillet,2010
Settat,108.2,107.4,-0.7,107.7,108.7,0.9,Juillet,2010
Safi,103.5,102.9,-0.6,104.2,104.1,-0.1,Juillet,2010
Béni-Mellal,106.8,106.7,-0.1,106.5,107.5,0.9,Juillet,2010
Al-Hoceima,108.3,107.8,-0.5,107.5,108.7,1.1,Juillet,2010
Ensemble,107.6,107.0,-0.6,107.1,107.9,0.7,Juillet,2010
Ensemble,108.7,107.6,-1.0,107.3,108.0,0.7,Juin,2010
Agadir,107.8,108.1,0.3,106.6,107.4,0.8,Mai,2010
Casablanca,109.3,109.1,-0.2,108.5,108.7,0.2,Mai,2010
Fès,108.0,108.4,0.4,107.9,108.0,0.1,Mai,2010
Kénitra,107.4,107.6,0.2,107.0,106.7,-0.3,Mai,2010
Marrakech,108.6,108.3,-0.3,107.6,107.8,0.2,Mai,2010
Oujda,110.3,109.6,-0.6,109.2,109.4,0.2,Mai,2010
Rabat,107.6,108.0,0.4,106.4,107.0,0.6,Mai,2010
Tétouan,107.6,107.7,0.1,106.9,107.1,0.2,Mai,2010
Meknès,109.1,109.7,0.5,108.8,108.7,-0.1,Mai,2010
Tanger,110.1,109.7,-0.4,108.6,109.6,0.9,Mai,2010
Laâyoune,109.8,109.2,-0.5,106.8,108.4,1.5,Mai,2010
Dakhla,108.1,106.7,-1.3,105.7,106.4,0.7,Mai,2010
Guelmim,109.8,110.0,0.2,106.6,108.7,2.0,Mai,2010
Settat,110.1,110.0,-0.1,108.4,109.1,0.6,Mai,2010
Safi,104.2,105.0,0.8,104.8,104.5,-0.3,Mai,2010
Béni-Mellal,108.7,107.6,-1.0,107.2,107.7,0.5,Mai,2010
Al-Hoceima,110.4,111.0,0.5,108.0,108.9,0.8,Mai,2010
Ensemble,108.7,108.7,0.0,107.6,108.1,0.5,Mai,2010
Agadir,106.8,108.4,1.5,106.6,107.1,0.5,Mars,2010
Casablanca,108.0,109.5,1.4,108.4,108.3,-0.1,Mars,2010
Fès,107.7,109.2,1.4,107.9,107.9,0.0,Mars,2010
Kénitra,106.0,107.2,1.1,107.1,106.1,-0.9,Mars,2010
Marrakech,107.2,108.6,1.3,107.3,107.4,0.1,Mars,2010
Oujda,108.6,111.1,2.3,109.6,109.0,-0.5,Mars,2010
Rabat,106.4,107.5,1.0,106.3,106.5,0.2,Mars,2010
Tétouan,106.6,108.2,1.5,106.8,106.8,0.0,Mars,2010
Meknès,108.0,109.9,1.8,108.8,108.3,-0.5,Mars,2010
Tanger,109.3,110.6,1.2,108.4,109.4,0.9,Mars,2010
Laâyoune,108.0,109.0,0.9,106.4,107.7,1.2,Mars,2010
Dakhla,105.3,108.0,2.6,105.4,105.7,0.3,Mars,2010
Guelmim,107.7,109.4,1.6,106.4,107.9,1.4,Mars,2010
Settat,108.2,110.6,2.2,108.5,108.4,-0.1,Mars,2010
Safi,104.6,105.2,0.6,104.8,104.4,-0.4,Mars,2010
Béni-Mellal,107.2,109.6,2.2,106.8,107.5,0.7,Mars,2010
Al-Hoceima,107.5,109.8,2.1,107.5,107.8,0.3,Mars,2010
Ensemble,107.5,109.0,1.4,107.5,107.7,0.2,Mars,2010
Agadir,106.0,106.8,0.8,106.4,106.4,0.0,Février,2010
Casablanca,107.5,108.0,0.5,108.2,107.8,-0.4,Février,2010
Fès,106.7,107.7,0.9,107.8,107.2,-0.6,Février,2010
Kénitra,105.2,106.0,0.8,106.9,105.6,-1.2,Février,2010
Marrakech,106.4,107.2,0.8,107.2,106.8,-0.4,Février,2010
Oujda,107.3,108.6,1.2,109.4,108.0,-1.3,Février,2010
Rabat,105.5,106.4,0.9,106.3,106.0,-0.3,Février,2010
Tétouan,105.5,106.6,1.0,106.6,106.1,-0.5,Février,2010
Meknès,107.0,108.0,0.9,108.3,107.5,-0.7,Février,2010
Tanger,108.3,109.3,0.9,108.2,108.8,0.6,Février,2010
Laâyoune,106.1,108.0,1.8,105.7,107.1,1.3,Février,2010
Dakhla,103.7,105.3,1.5,105.0,104.5,-0.5,Février,2010
Guelmim,106.7,107.7,0.9,106.0,107.2,1.1,Février,2010
Settat,106.4,108.2,1.7,108.1,107.3,-0.7,Février,2010
Safi,103.4,104.6,1.2,104.3,104.0,-0.3,Février,2010
Béni-Mellal,105.6,107.2,1.5,106.4,106.4,0.0,Février,2010
Al-Hoceima,106.0,107.5,1.4,107.3,106.8,-0.5,Février,2010
Ensemble,106.5,107.5,0.9,107.3,107.0,-0.3,Février,2010
Agadir,106.1,106.0,-0.1,106.2,106.0,-0.2,Janvier,2010
Casablanca,108.1,107.5,-0.6,107.3,107.5,0.2,Janvier,2010
Fès,107.7,106.7,-0.9,106.6,106.7,0.1,Janvier,2010
Kénitra,106.6,105.2,-1.3,105.1,105.2,0.1,Janvier,2010
Marrakech,107.2,106.4,-0.7,106.3,106.4,0.1,Janvier,2010
Oujda,109.1,107.3,-1.6,107.1,107.3,0.2,Janvier,2010
Rabat,106.1,105.5,-0.6,105.6,105.5,-0.1,Janvier,2010
Tétouan,106.5,105.5,-0.9,105.5,105.5,0.0,Janvier,2010
Meknès,108.1,107.0,-1.0,106.3,107.0,0.7,Janvier,2010
Tanger,108.1,108.3,0.2,107.9,108.3,0.4,Janvier,2010
Laâyoune,105.2,106.1,0.9,105.8,106.1,0.3,Janvier,2010
Dakhla,104.6,103.7,-0.9,104.2,103.7,-0.5,Janvier,2010
Guelmim,105.9,106.7,0.8,106.7,106.7,0.0,Janvier,2010
Settat,108.3,106.4,-1.8,106.6,106.4,-0.2,Janvier,2010
Safi,104.1,103.4,-0.7,103.4,103.4,0.0,Janvier,2010
Béni-Mellal,106.2,105.6,-0.6,105.2,105.6,0.4,Janvier,2010
Al-Hoceima,107.2,106.0,-1.1,105.0,106.0,1.0,Janvier,2010
Ensemble,107.2,106.5,-0.7,106.3,106.5,0.2,Janvier,2010
Agadir,105.0,106.8,1.7,107.5,106.5,-0.9,Novembre,2009
Casablanca,106.6,108.1,1.4,108.9,107.3,-1.5,Novembre,2009
Fès,106.5,107.8,1.2,108.7,106.4,-2.1,Novembre,2009
Kénitra,105.6,107.1,1.4,108.6,107.0,-1.5,Novembre,2009
Marrakech,106.2,107.0,0.8,108.3,106.2,-1.9,Novembre,2009
Oujda,105.9,108.3,2.3,109.4,107.5,-1.7,Novembre,2009
Rabat,105.9,106.6,0.7,108.0,106.9,-1.0,Novembre,2009
Tétouan,105.0,106.7,1.6,107.4,106.0,-1.3,Novembre,2009
Meknès,107.8,108.5,0.6,109.8,106.8,-2.7,Novembre,2009
Tanger,107.5,109.1,1.5,111.0,108.8,-2.0,Novembre,2009
Laâyoune,104.9,107.0,2.0,108.2,107.4,-0.7,Novembre,2009
Dakhla,104.3,105.4,1.1,106.9,104.8,-2.0,Novembre,2009
Guelmim,104.9,106.7,1.7,107.7,106.4,-1.2,Novembre,2009
Settat,106.3,107.8,1.4,108.5,107.2,-1.2,Novembre,2009
Safi,104.8,104.4,-0.4,104.2,103.6,-0.6,Novembre,2009
Béni-Mellal,106.7,107.0,0.3,109.0,105.7,-3.0,Novembre,2009
Al-Hoceima,106.2,108.0,1.7,108.1,105.4,-2.5,Novembre,2009
Ensemble,106.2,107.5,1.2,108.5,106.8,-1.6,Novembre,2009
